solid bristle_structure_openfoam.stl
facet normal 0.0 0.0 -1.0
outer loop
vertex 4.999999873689376e-05 0.00010099999781232327 0.0
vertex 4.999999873689376e-05 0.0001990000018849969 0.0
vertex 5.6000000768108293e-05 0.0001990000018849969 0.0
endloop
endfacet
facet normal 0.0 0.0 -1.0
outer loop
vertex 4.999999873689376e-05 0.00010099999781232327 0.0
vertex 5.6000000768108293e-05 0.0001990000018849969 0.0
vertex 5.6000000768108293e-05 0.00010099999781232327 0.0
endloop
endfacet
facet normal 0.0 -1.0 0.0
outer loop
vertex 4.999999873689376e-05 0.00010099999781232327 0.0
vertex 5.6000000768108293e-05 0.00010099999781232327 0.0
vertex 5.6000000768108293e-05 0.00010099999781232327 3.999999989900971e-06
endloop
endfacet
facet normal 0.0 -1.0 0.0
outer loop
vertex 4.999999873689376e-05 0.00010099999781232327 0.0
vertex 5.6000000768108293e-05 0.00010099999781232327 3.999999989900971e-06
vertex 4.999999873689376e-05 0.00010099999781232327 3.999999989900971e-06
endloop
endfacet
facet normal 1.0 0.0 0.0
outer loop
vertex 5.6000000768108293e-05 0.00010099999781232327 0.0
vertex 5.6000000768108293e-05 0.0001990000018849969 0.0
vertex 5.6000000768108293e-05 0.0001990000018849969 3.999999989900971e-06
endloop
endfacet
facet normal 1.0 0.0 -0.0
outer loop
vertex 5.6000000768108293e-05 0.00010099999781232327 0.0
vertex 5.6000000768108293e-05 0.0001990000018849969 3.999999989900971e-06
vertex 5.6000000768108293e-05 0.00010099999781232327 3.999999989900971e-06
endloop
endfacet
facet normal 0.0 1.0 -0.0
outer loop
vertex 5.6000000768108293e-05 0.0001990000018849969 0.0
vertex 4.999999873689376e-05 0.0001990000018849969 0.0
vertex 4.999999873689376e-05 0.0001990000018849969 3.999999989900971e-06
endloop
endfacet
facet normal 0.0 1.0 -0.0
outer loop
vertex 5.6000000768108293e-05 0.0001990000018849969 0.0
vertex 4.999999873689376e-05 0.0001990000018849969 3.999999989900971e-06
vertex 5.6000000768108293e-05 0.0001990000018849969 3.999999989900971e-06
endloop
endfacet
facet normal -1.0 0.0 0.0
outer loop
vertex 4.999999873689376e-05 0.0001990000018849969 0.0
vertex 4.999999873689376e-05 0.00010099999781232327 0.0
vertex 4.999999873689376e-05 0.00010099999781232327 3.999999989900971e-06
endloop
endfacet
facet normal -1.0 0.0 0.0
outer loop
vertex 4.999999873689376e-05 0.0001990000018849969 0.0
vertex 4.999999873689376e-05 0.00010099999781232327 3.999999989900971e-06
vertex 4.999999873689376e-05 0.0001990000018849969 3.999999989900971e-06
endloop
endfacet
facet normal -0.0 0.0 1.0
outer loop
vertex 4.999999873689376e-05 0.0001990000018849969 3.999999989900971e-06
vertex 4.999999873689376e-05 0.00010099999781232327 3.999999989900971e-06
vertex 5.199999941396527e-05 0.0001500000071246177 3.999999989900971e-06
endloop
endfacet
facet normal -0.0 0.0 0.9999999999999999
outer loop
vertex 4.999999873689376e-05 0.0001990000018849969 3.999999989900971e-06
vertex 5.199999941396527e-05 0.0001500000071246177 3.999999989900971e-06
vertex 5.199999941396527e-05 0.00016399999731220305 3.999999989900971e-06
endloop
endfacet
facet normal -0.0 0.0 1.0
outer loop
vertex 4.999999873689376e-05 0.0001990000018849969 3.999999989900971e-06
vertex 5.199999941396527e-05 0.00016399999731220305 3.999999989900971e-06
vertex 5.199999941396527e-05 0.00017800000205170363 3.999999989900971e-06
endloop
endfacet
facet normal -0.0 0.0 0.9999999999999999
outer loop
vertex 4.999999873689376e-05 0.0001990000018849969 3.999999989900971e-06
vertex 5.199999941396527e-05 0.00017800000205170363 3.999999989900971e-06
vertex 5.200481609790586e-05 0.0001780980237526819 3.999999989900971e-06
endloop
endfacet
facet normal -0.0 0.0 1.0
outer loop
vertex 4.999999873689376e-05 0.0001990000018849969 3.999999989900971e-06
vertex 5.200481609790586e-05 0.0001780980237526819 3.999999989900971e-06
vertex 5.201921521802433e-05 0.00017819508502725512 3.999999989900971e-06
endloop
endfacet
facet normal -0.0 0.0 1.0
outer loop
vertex 4.999999873689376e-05 0.0001990000018849969 3.999999989900971e-06
vertex 5.201921521802433e-05 0.00017819508502725512 3.999999989900971e-06
vertex 5.201921521802433e-05 0.0001918049092637375 3.999999989900971e-06
endloop
endfacet
facet normal 0.0 0.0 0.0
outer loop
vertex 4.999999873689376e-05 0.0001990000018849969 3.999999989900971e-06
vertex 5.201921521802433e-05 0.0001918049092637375 3.999999989900971e-06
vertex 5.200481609790586e-05 0.00019190198509022593 3.999999989900971e-06
endloop
endfacet
facet normal -0.0 -0.0 1.0
outer loop
vertex 4.999999873689376e-05 0.0001990000018849969 3.999999989900971e-06
vertex 5.200481609790586e-05 0.00019190198509022593 3.999999989900971e-06
vertex 5.199999941396527e-05 0.00019200000679120421 3.999999989900971e-06
endloop
endfacet
facet normal -0.0 0.0 1.0
outer loop
vertex 4.999999873689376e-05 0.0001990000018849969 3.999999989900971e-06
vertex 5.199999941396527e-05 0.00019200000679120421 3.999999989900971e-06
vertex 5.200481609790586e-05 0.00019209801394026726 3.999999989900971e-06
endloop
endfacet
facet normal -0.0 0.0 1.0
outer loop
vertex 4.999999873689376e-05 0.0001990000018849969 3.999999989900971e-06
vertex 5.200481609790586e-05 0.00019209801394026726 3.999999989900971e-06
vertex 5.201921521802433e-05 0.0001921950897667557 3.999999989900971e-06
endloop
endfacet
facet normal -0.0 0.0 1.0
outer loop
vertex 4.999999873689376e-05 0.0001990000018849969 3.999999989900971e-06
vertex 5.201921521802433e-05 0.0001921950897667557 3.999999989900971e-06
vertex 5.204305853112601e-05 0.00019229028839617968 3.999999989900971e-06
endloop
endfacet
facet normal -0.0 0.0 1.0
outer loop
vertex 4.999999873689376e-05 0.0001990000018849969 3.999999989900971e-06
vertex 5.204305853112601e-05 0.00019229028839617968 3.999999989900971e-06
vertex 5.207612048252486e-05 0.00019238267850596458 3.999999989900971e-06
endloop
endfacet
facet normal -0.0 0.0 1.0
outer loop
vertex 4.999999873689376e-05 0.0001990000018849969 3.999999989900971e-06
vertex 5.207612048252486e-05 0.00019238267850596458 3.999999989900971e-06
vertex 5.2118077292107046e-05 0.00019247140153311193 3.999999989900971e-06
endloop
endfacet
facet normal -0.0 0.0 1.0
outer loop
vertex 4.999999873689376e-05 0.0001990000018849969 3.999999989900971e-06
vertex 5.2118077292107046e-05 0.00019247140153311193 3.999999989900971e-06
vertex 5.2168528782203794e-05 0.0001925555698107928 3.999999989900971e-06
endloop
endfacet
facet normal -0.0 0.0 0.9999999999999999
outer loop
vertex 4.999999873689376e-05 0.0001990000018849969 3.999999989900971e-06
vertex 5.2168528782203794e-05 0.0001925555698107928 3.999999989900971e-06
vertex 5.222699110163376e-05 0.00019263439753558487 3.999999989900971e-06
endloop
endfacet
facet normal -0.0 0.0 1.0
outer loop
vertex 4.999999873689376e-05 0.0001990000018849969 3.999999989900971e-06
vertex 5.222699110163376e-05 0.00019263439753558487 3.999999989900971e-06
vertex 5.2292893087724224e-05 0.00019270711345598102 3.999999989900971e-06
endloop
endfacet
facet normal -0.0 0.0 1.0
outer loop
vertex 4.999999873689376e-05 0.0001990000018849969 3.999999989900971e-06
vertex 5.2292893087724224e-05 0.00019270711345598102 3.999999989900971e-06
vertex 5.2365605370141566e-05 0.00019277300452813506 3.999999989900971e-06
endloop
endfacet
facet normal -0.0 0.0 1.0
outer loop
vertex 4.999999873689376e-05 0.0001990000018849969 3.999999989900971e-06
vertex 5.2365605370141566e-05 0.00019277300452813506 3.999999989900971e-06
vertex 5.244442945695482e-05 0.00019283147412352264 3.999999989900971e-06
endloop
endfacet
facet normal -0.0 0.0 1.0
outer loop
vertex 4.999999873689376e-05 0.0001990000018849969 3.999999989900971e-06
vertex 5.244442945695482e-05 0.00019283147412352264 3.999999989900971e-06
vertex 5.252860501059331e-05 0.0001928819256136194 3.999999989900971e-06
endloop
endfacet
facet normal -0.0 0.0 1.0
outer loop
vertex 4.999999873689376e-05 0.0001990000018849969 3.999999989900971e-06
vertex 5.252860501059331e-05 0.0001928819256136194 3.999999989900971e-06
vertex 5.261731712380424e-05 0.00019292387878522277 3.999999989900971e-06
endloop
endfacet
facet normal -0.0 0.0 1.0
outer loop
vertex 4.999999873689376e-05 0.0001990000018849969 3.999999989900971e-06
vertex 5.261731712380424e-05 0.00019292387878522277 3.999999989900971e-06
vertex 5.270971450954676e-05 0.00019295694073662162 3.999999989900971e-06
endloop
endfacet
facet normal -0.0 0.0 0.9999999999999999
outer loop
vertex 4.999999873689376e-05 0.0001990000018849969 3.999999989900971e-06
vertex 5.270971450954676e-05 0.00019295694073662162 3.999999989900971e-06
vertex 5.2804909500991926e-05 0.0001929807913256809 3.999999989900971e-06
endloop
endfacet
facet normal -0.0 0.0 1.0
outer loop
vertex 4.999999873689376e-05 0.0001990000018849969 3.999999989900971e-06
vertex 5.2804909500991926e-05 0.0001929807913256809 3.999999989900971e-06
vertex 5.2901981689501554e-05 0.00019299518316984177 3.999999989900971e-06
endloop
endfacet
facet normal -0.0 0.0 1.0
outer loop
vertex 4.999999873689376e-05 0.0001990000018849969 3.999999989900971e-06
vertex 5.2901981689501554e-05 0.00019299518316984177 3.999999989900971e-06
vertex 5.2999999752501026e-05 0.00019299999985378236 3.999999989900971e-06
endloop
endfacet
facet normal -0.0 0.0 1.0
outer loop
vertex 4.999999873689376e-05 0.0001990000018849969 3.999999989900971e-06
vertex 5.2999999752501026e-05 0.00019299999985378236 3.999999989900971e-06
vertex 5.6000000768108293e-05 0.0001990000018849969 3.999999989900971e-06
endloop
endfacet
facet normal 0.0 0.0 1.0
outer loop
vertex 5.6000000768108293e-05 0.0001990000018849969 3.999999989900971e-06
vertex 5.2999999752501026e-05 0.00019299999985378236 3.999999989900971e-06
vertex 5.30980178155005e-05 0.00019299518316984177 3.999999989900971e-06
endloop
endfacet
facet normal 0.0 0.0 1.0
outer loop
vertex 5.6000000768108293e-05 0.0001990000018849969 3.999999989900971e-06
vertex 5.30980178155005e-05 0.00019299518316984177 3.999999989900971e-06
vertex 5.3195090004010126e-05 0.0001929807913256809 3.999999989900971e-06
endloop
endfacet
facet normal 0.0 0.0 0.9999999999999999
outer loop
vertex 5.6000000768108293e-05 0.0001990000018849969 3.999999989900971e-06
vertex 5.3195090004010126e-05 0.0001929807913256809 3.999999989900971e-06
vertex 5.3290284995455295e-05 0.00019295694073662162 3.999999989900971e-06
endloop
endfacet
facet normal 0.0 0.0 1.0
outer loop
vertex 5.6000000768108293e-05 0.0001990000018849969 3.999999989900971e-06
vertex 5.3290284995455295e-05 0.00019295694073662162 3.999999989900971e-06
vertex 5.338268238119781e-05 0.00019292387878522277 3.999999989900971e-06
endloop
endfacet
facet normal 0.0 0.0 1.0
outer loop
vertex 5.6000000768108293e-05 0.0001990000018849969 3.999999989900971e-06
vertex 5.338268238119781e-05 0.00019292387878522277 3.999999989900971e-06
vertex 5.347139813238755e-05 0.0001928819256136194 3.999999989900971e-06
endloop
endfacet
facet normal 0.0 0.0 1.0
outer loop
vertex 5.6000000768108293e-05 0.0001990000018849969 3.999999989900971e-06
vertex 5.347139813238755e-05 0.0001928819256136194 3.999999989900971e-06
vertex 5.355557004804723e-05 0.00019283147412352264 3.999999989900971e-06
endloop
endfacet
facet normal 0.0 0.0 1.0
outer loop
vertex 5.6000000768108293e-05 0.0001990000018849969 3.999999989900971e-06
vertex 5.355557004804723e-05 0.00019283147412352264 3.999999989900971e-06
vertex 5.3634394134860486e-05 0.00019277300452813506 3.999999989900971e-06
endloop
endfacet
facet normal 0.0 0.0 1.0
outer loop
vertex 5.6000000768108293e-05 0.0001990000018849969 3.999999989900971e-06
vertex 5.3634394134860486e-05 0.00019277300452813506 3.999999989900971e-06
vertex 5.370710641727783e-05 0.00019270711345598102 3.999999989900971e-06
endloop
endfacet
facet normal 0.0 0.0 1.0
outer loop
vertex 5.6000000768108293e-05 0.0001990000018849969 3.999999989900971e-06
vertex 5.370710641727783e-05 0.00019270711345598102 3.999999989900971e-06
vertex 5.37730120413471e-05 0.00019263439753558487 3.999999989900971e-06
endloop
endfacet
facet normal 0.0 0.0 1.0
outer loop
vertex 5.6000000768108293e-05 0.0001990000018849969 3.999999989900971e-06
vertex 5.37730120413471e-05 0.00019263439753558487 3.999999989900971e-06
vertex 5.383147072279826e-05 0.0001925555698107928 3.999999989900971e-06
endloop
endfacet
facet normal 0.0 0.0 1.0
outer loop
vertex 5.6000000768108293e-05 0.0001990000018849969 3.999999989900971e-06
vertex 5.383147072279826e-05 0.0001925555698107928 3.999999989900971e-06
vertex 5.3881922212895006e-05 0.00019247140153311193 3.999999989900971e-06
endloop
endfacet
facet normal 0.0 0.0 1.0
outer loop
vertex 5.6000000768108293e-05 0.0001990000018849969 3.999999989900971e-06
vertex 5.3881922212895006e-05 0.00019247140153311193 3.999999989900971e-06
vertex 5.3923879022477195e-05 0.00019238267850596458 3.999999989900971e-06
endloop
endfacet
facet normal 0.0 0.0 1.0
outer loop
vertex 5.6000000768108293e-05 0.0001990000018849969 3.999999989900971e-06
vertex 5.3923879022477195e-05 0.00019238267850596458 3.999999989900971e-06
vertex 5.3956940973876044e-05 0.00019229028839617968 3.999999989900971e-06
endloop
endfacet
facet normal 0.0 0.0 1.0
outer loop
vertex 5.6000000768108293e-05 0.0001990000018849969 3.999999989900971e-06
vertex 5.3956940973876044e-05 0.00019229028839617968 3.999999989900971e-06
vertex 5.398078428697772e-05 0.0001921950897667557 3.999999989900971e-06
endloop
endfacet
facet normal 0.0 0.0 1.0
outer loop
vertex 5.6000000768108293e-05 0.0001990000018849969 3.999999989900971e-06
vertex 5.398078428697772e-05 0.0001921950897667557 3.999999989900971e-06
vertex 5.399518340709619e-05 0.00019209801394026726 3.999999989900971e-06
endloop
endfacet
facet normal 0.0 0.0 1.0
outer loop
vertex 5.6000000768108293e-05 0.0001990000018849969 3.999999989900971e-06
vertex 5.399518340709619e-05 0.00019209801394026726 3.999999989900971e-06
vertex 5.400000009103678e-05 0.00019200000679120421 3.999999989900971e-06
endloop
endfacet
facet normal 0.0 0.0 1.0
outer loop
vertex 5.6000000768108293e-05 0.0001990000018849969 3.999999989900971e-06
vertex 5.400000009103678e-05 0.00019200000679120421 3.999999989900971e-06
vertex 5.399518340709619e-05 0.00019190198509022593 3.999999989900971e-06
endloop
endfacet
facet normal 0.0 0.0 0.0
outer loop
vertex 5.6000000768108293e-05 0.0001990000018849969 3.999999989900971e-06
vertex 5.399518340709619e-05 0.00019190198509022593 3.999999989900971e-06
vertex 5.398078428697772e-05 0.0001918049092637375 3.999999989900971e-06
endloop
endfacet
facet normal 0.0 0.0 1.0
outer loop
vertex 5.6000000768108293e-05 0.0001990000018849969 3.999999989900971e-06
vertex 5.398078428697772e-05 0.0001918049092637375 3.999999989900971e-06
vertex 5.398078428697772e-05 0.00017819508502725512 3.999999989900971e-06
endloop
endfacet
facet normal 0.0 0.0 1.0
outer loop
vertex 5.6000000768108293e-05 0.0001990000018849969 3.999999989900971e-06
vertex 5.398078428697772e-05 0.00017819508502725512 3.999999989900971e-06
vertex 5.399518340709619e-05 0.0001780980237526819 3.999999989900971e-06
endloop
endfacet
facet normal 0.0 0.0 0.9999999999999999
outer loop
vertex 5.6000000768108293e-05 0.0001990000018849969 3.999999989900971e-06
vertex 5.399518340709619e-05 0.0001780980237526819 3.999999989900971e-06
vertex 5.400000009103678e-05 0.00017800000205170363 3.999999989900971e-06
endloop
endfacet
facet normal 0.0 0.0 1.0
outer loop
vertex 5.6000000768108293e-05 0.0001990000018849969 3.999999989900971e-06
vertex 5.400000009103678e-05 0.00017800000205170363 3.999999989900971e-06
vertex 5.400000009103678e-05 0.00016399999731220305 3.999999989900971e-06
endloop
endfacet
facet normal 0.0 0.0 0.9999999999999999
outer loop
vertex 5.6000000768108293e-05 0.0001990000018849969 3.999999989900971e-06
vertex 5.400000009103678e-05 0.00016399999731220305 3.999999989900971e-06
vertex 5.400000009103678e-05 0.0001500000071246177 3.999999989900971e-06
endloop
endfacet
facet normal 0.0 0.0 1.0
outer loop
vertex 5.6000000768108293e-05 0.0001990000018849969 3.999999989900971e-06
vertex 5.400000009103678e-05 0.0001500000071246177 3.999999989900971e-06
vertex 5.6000000768108293e-05 0.00010099999781232327 3.999999989900971e-06
endloop
endfacet
facet normal 0.0 0.0 1.0
outer loop
vertex 5.6000000768108293e-05 0.00010099999781232327 3.999999989900971e-06
vertex 5.400000009103678e-05 0.0001500000071246177 3.999999989900971e-06
vertex 5.400000009103678e-05 0.00013600000238511711 3.999999989900971e-06
endloop
endfacet
facet normal 0.0 0.0 1.0
outer loop
vertex 5.6000000768108293e-05 0.00010099999781232327 3.999999989900971e-06
vertex 5.400000009103678e-05 0.00013600000238511711 3.999999989900971e-06
vertex 5.400000009103678e-05 0.00012199999764561653 3.999999989900971e-06
endloop
endfacet
facet normal 0.0 0.0 1.0
outer loop
vertex 5.6000000768108293e-05 0.00010099999781232327 3.999999989900971e-06
vertex 5.400000009103678e-05 0.00012199999764561653 3.999999989900971e-06
vertex 5.399518340709619e-05 0.00012190198322059587 3.999999989900971e-06
endloop
endfacet
facet normal 0.0 0.0 0.9999999999999999
outer loop
vertex 5.6000000768108293e-05 0.00010099999781232327 3.999999989900971e-06
vertex 5.399518340709619e-05 0.00012190198322059587 3.999999989900971e-06
vertex 5.398078428697772e-05 0.00012180490739410743 3.999999989900971e-06
endloop
endfacet
facet normal 0.0 0.0 1.0
outer loop
vertex 5.6000000768108293e-05 0.00010099999781232327 3.999999989900971e-06
vertex 5.398078428697772e-05 0.00012180490739410743 3.999999989900971e-06
vertex 5.398078428697772e-05 0.00010819509043358266 3.999999989900971e-06
endloop
endfacet
facet normal 0.0 0.0 0.0
outer loop
vertex 5.6000000768108293e-05 0.00010099999781232327 3.999999989900971e-06
vertex 5.398078428697772e-05 0.00010819509043358266 3.999999989900971e-06
vertex 5.399518340709619e-05 0.00010809801460709423 3.999999989900971e-06
endloop
endfacet
facet normal 0.0 0.0 0.9999999999999999
outer loop
vertex 5.6000000768108293e-05 0.00010099999781232327 3.999999989900971e-06
vertex 5.399518340709619e-05 0.00010809801460709423 3.999999989900971e-06
vertex 5.400000009103678e-05 0.00010800000018207356 3.999999989900971e-06
endloop
endfacet
facet normal 0.0 0.0 1.0
outer loop
vertex 5.6000000768108293e-05 0.00010099999781232327 3.999999989900971e-06
vertex 5.400000009103678e-05 0.00010800000018207356 3.999999989900971e-06
vertex 5.399518340709619e-05 0.0001079019857570529 3.999999989900971e-06
endloop
endfacet
facet normal 0.0 0.0 1.0
outer loop
vertex 5.6000000768108293e-05 0.00010099999781232327 3.999999989900971e-06
vertex 5.399518340709619e-05 0.0001079019857570529 3.999999989900971e-06
vertex 5.398078428697772e-05 0.00010780490993056446 3.999999989900971e-06
endloop
endfacet
facet normal 0.0 0.0 1.0
outer loop
vertex 5.6000000768108293e-05 0.00010099999781232327 3.999999989900971e-06
vertex 5.398078428697772e-05 0.00010780490993056446 3.999999989900971e-06
vertex 5.3956940973876044e-05 0.0001077097185770981 3.999999989900971e-06
endloop
endfacet
facet normal 0.0 0.0 1.0
outer loop
vertex 5.6000000768108293e-05 0.00010099999781232327 3.999999989900971e-06
vertex 5.3956940973876044e-05 0.0001077097185770981 3.999999989900971e-06
vertex 5.3923879022477195e-05 0.00010761731391539797 3.999999989900971e-06
endloop
endfacet
facet normal 0.0 0.0 1.0
outer loop
vertex 5.6000000768108293e-05 0.00010099999781232327 3.999999989900971e-06
vertex 5.3923879022477195e-05 0.00010761731391539797 3.999999989900971e-06
vertex 5.3881922212895006e-05 0.00010752860544016585 3.999999989900971e-06
endloop
endfacet
facet normal 0.0 0.0 1.0
outer loop
vertex 5.6000000768108293e-05 0.00010099999781232327 3.999999989900971e-06
vertex 5.3881922212895006e-05 0.00010752860544016585 3.999999989900971e-06
vertex 5.383147072279826e-05 0.00010744442988652736 3.999999989900971e-06
endloop
endfacet
facet normal 0.0 0.0 1.0
outer loop
vertex 5.6000000768108293e-05 0.00010099999781232327 3.999999989900971e-06
vertex 5.383147072279826e-05 0.00010744442988652736 3.999999989900971e-06
vertex 5.37730120413471e-05 0.00010736560943769291 3.999999989900971e-06
endloop
endfacet
facet normal 0.0 0.0 1.0
outer loop
vertex 5.6000000768108293e-05 0.00010099999781232327 3.999999989900971e-06
vertex 5.37730120413471e-05 0.00010736560943769291 3.999999989900971e-06
vertex 5.370710641727783e-05 0.00010729289351729676 3.999999989900971e-06
endloop
endfacet
facet normal 0.0 0.0 1.0
outer loop
vertex 5.6000000768108293e-05 0.00010099999781232327 3.999999989900971e-06
vertex 5.370710641727783e-05 0.00010729289351729676 3.999999989900971e-06
vertex 5.3634394134860486e-05 0.00010722698789322749 3.999999989900971e-06
endloop
endfacet
facet normal 0.0 0.0 1.0
outer loop
vertex 5.6000000768108293e-05 0.00010099999781232327 3.999999989900971e-06
vertex 5.3634394134860486e-05 0.00010722698789322749 3.999999989900971e-06
vertex 5.355557004804723e-05 0.00010716853284975514 3.999999989900971e-06
endloop
endfacet
facet normal 0.0 0.0 1.0
outer loop
vertex 5.6000000768108293e-05 0.00010099999781232327 3.999999989900971e-06
vertex 5.355557004804723e-05 0.00010716853284975514 3.999999989900971e-06
vertex 5.347139813238755e-05 0.00010711808135965839 3.999999989900971e-06
endloop
endfacet
facet normal 0.0 0.0 1.0
outer loop
vertex 5.6000000768108293e-05 0.00010099999781232327 3.999999989900971e-06
vertex 5.347139813238755e-05 0.00010711808135965839 3.999999989900971e-06
vertex 5.338268238119781e-05 0.0001070761209120974 3.999999989900971e-06
endloop
endfacet
facet normal 0.0 0.0 1.0
outer loop
vertex 5.6000000768108293e-05 0.00010099999781232327 3.999999989900971e-06
vertex 5.338268238119781e-05 0.0001070761209120974 3.999999989900971e-06
vertex 5.3290284995455295e-05 0.00010704305896069854 3.999999989900971e-06
endloop
endfacet
facet normal 0.0 0.0 1.0
outer loop
vertex 5.6000000768108293e-05 0.00010099999781232327 3.999999989900971e-06
vertex 5.3290284995455295e-05 0.00010704305896069854 3.999999989900971e-06
vertex 5.3195090004010126e-05 0.00010701921564759687 3.999999989900971e-06
endloop
endfacet
facet normal 0.0 0.0 1.0
outer loop
vertex 5.6000000768108293e-05 0.00010099999781232327 3.999999989900971e-06
vertex 5.3195090004010126e-05 0.00010701921564759687 3.999999989900971e-06
vertex 5.30980178155005e-05 0.0001070048165274784 3.999999989900971e-06
endloop
endfacet
facet normal 0.0 0.0 1.0
outer loop
vertex 5.6000000768108293e-05 0.00010099999781232327 3.999999989900971e-06
vertex 5.30980178155005e-05 0.0001070048165274784 3.999999989900971e-06
vertex 5.2999999752501026e-05 0.00010699999984353781 3.999999989900971e-06
endloop
endfacet
facet normal 0.0 0.0 1.0
outer loop
vertex 5.6000000768108293e-05 0.00010099999781232327 3.999999989900971e-06
vertex 5.2999999752501026e-05 0.00010699999984353781 3.999999989900971e-06
vertex 4.999999873689376e-05 0.00010099999781232327 3.999999989900971e-06
endloop
endfacet
facet normal 0.0 -0.0 1.0
outer loop
vertex 4.999999873689376e-05 0.00010099999781232327 3.999999989900971e-06
vertex 5.2999999752501026e-05 0.00010699999984353781 3.999999989900971e-06
vertex 5.2901981689501554e-05 0.0001070048165274784 3.999999989900971e-06
endloop
endfacet
facet normal 0.0 -0.0 1.0
outer loop
vertex 4.999999873689376e-05 0.00010099999781232327 3.999999989900971e-06
vertex 5.2901981689501554e-05 0.0001070048165274784 3.999999989900971e-06
vertex 5.2804909500991926e-05 0.00010701921564759687 3.999999989900971e-06
endloop
endfacet
facet normal 0.0 -0.0 1.0
outer loop
vertex 4.999999873689376e-05 0.00010099999781232327 3.999999989900971e-06
vertex 5.2804909500991926e-05 0.00010701921564759687 3.999999989900971e-06
vertex 5.270971450954676e-05 0.00010704305896069854 3.999999989900971e-06
endloop
endfacet
facet normal 0.0 -0.0 1.0
outer loop
vertex 4.999999873689376e-05 0.00010099999781232327 3.999999989900971e-06
vertex 5.270971450954676e-05 0.00010704305896069854 3.999999989900971e-06
vertex 5.261731712380424e-05 0.0001070761209120974 3.999999989900971e-06
endloop
endfacet
facet normal 0.0 -0.0 1.0
outer loop
vertex 4.999999873689376e-05 0.00010099999781232327 3.999999989900971e-06
vertex 5.261731712380424e-05 0.0001070761209120974 3.999999989900971e-06
vertex 5.252860501059331e-05 0.00010711808135965839 3.999999989900971e-06
endloop
endfacet
facet normal 0.0 -0.0 1.0
outer loop
vertex 4.999999873689376e-05 0.00010099999781232327 3.999999989900971e-06
vertex 5.252860501059331e-05 0.00010711808135965839 3.999999989900971e-06
vertex 5.244442945695482e-05 0.00010716853284975514 3.999999989900971e-06
endloop
endfacet
facet normal 0.0 -0.0 1.0
outer loop
vertex 4.999999873689376e-05 0.00010099999781232327 3.999999989900971e-06
vertex 5.244442945695482e-05 0.00010716853284975514 3.999999989900971e-06
vertex 5.2365605370141566e-05 0.00010722698789322749 3.999999989900971e-06
endloop
endfacet
facet normal 0.0 -0.0 1.0
outer loop
vertex 4.999999873689376e-05 0.00010099999781232327 3.999999989900971e-06
vertex 5.2365605370141566e-05 0.00010722698789322749 3.999999989900971e-06
vertex 5.2292893087724224e-05 0.00010729289351729676 3.999999989900971e-06
endloop
endfacet
facet normal 0.0 -0.0 1.0
outer loop
vertex 4.999999873689376e-05 0.00010099999781232327 3.999999989900971e-06
vertex 5.2292893087724224e-05 0.00010729289351729676 3.999999989900971e-06
vertex 5.222699110163376e-05 0.00010736560943769291 3.999999989900971e-06
endloop
endfacet
facet normal 0.0 -0.0 1.0
outer loop
vertex 4.999999873689376e-05 0.00010099999781232327 3.999999989900971e-06
vertex 5.222699110163376e-05 0.00010736560943769291 3.999999989900971e-06
vertex 5.2168528782203794e-05 0.00010744442988652736 3.999999989900971e-06
endloop
endfacet
facet normal 0.0 -0.0 1.0
outer loop
vertex 4.999999873689376e-05 0.00010099999781232327 3.999999989900971e-06
vertex 5.2168528782203794e-05 0.00010744442988652736 3.999999989900971e-06
vertex 5.2118077292107046e-05 0.00010752860544016585 3.999999989900971e-06
endloop
endfacet
facet normal 0.0 -0.0 1.0
outer loop
vertex 4.999999873689376e-05 0.00010099999781232327 3.999999989900971e-06
vertex 5.2118077292107046e-05 0.00010752860544016585 3.999999989900971e-06
vertex 5.207612048252486e-05 0.00010761731391539797 3.999999989900971e-06
endloop
endfacet
facet normal 0.0 -0.0 1.0
outer loop
vertex 4.999999873689376e-05 0.00010099999781232327 3.999999989900971e-06
vertex 5.207612048252486e-05 0.00010761731391539797 3.999999989900971e-06
vertex 5.204305853112601e-05 0.0001077097185770981 3.999999989900971e-06
endloop
endfacet
facet normal 0.0 -0.0 1.0
outer loop
vertex 4.999999873689376e-05 0.00010099999781232327 3.999999989900971e-06
vertex 5.204305853112601e-05 0.0001077097185770981 3.999999989900971e-06
vertex 5.201921521802433e-05 0.00010780490993056446 3.999999989900971e-06
endloop
endfacet
facet normal 0.0 -0.0 1.0
outer loop
vertex 4.999999873689376e-05 0.00010099999781232327 3.999999989900971e-06
vertex 5.201921521802433e-05 0.00010780490993056446 3.999999989900971e-06
vertex 5.200481609790586e-05 0.0001079019857570529 3.999999989900971e-06
endloop
endfacet
facet normal 0.0 -0.0 1.0
outer loop
vertex 4.999999873689376e-05 0.00010099999781232327 3.999999989900971e-06
vertex 5.200481609790586e-05 0.0001079019857570529 3.999999989900971e-06
vertex 5.199999941396527e-05 0.00010800000018207356 3.999999989900971e-06
endloop
endfacet
facet normal 0.0 0.0 0.9999999999999999
outer loop
vertex 4.999999873689376e-05 0.00010099999781232327 3.999999989900971e-06
vertex 5.199999941396527e-05 0.00010800000018207356 3.999999989900971e-06
vertex 5.200481609790586e-05 0.00010809801460709423 3.999999989900971e-06
endloop
endfacet
facet normal 0.0 0.0 0.0
outer loop
vertex 4.999999873689376e-05 0.00010099999781232327 3.999999989900971e-06
vertex 5.200481609790586e-05 0.00010809801460709423 3.999999989900971e-06
vertex 5.201921521802433e-05 0.00010819509043358266 3.999999989900971e-06
endloop
endfacet
facet normal 0.0 0.0 1.0
outer loop
vertex 4.999999873689376e-05 0.00010099999781232327 3.999999989900971e-06
vertex 5.201921521802433e-05 0.00010819509043358266 3.999999989900971e-06
vertex 5.201921521802433e-05 0.00012180490739410743 3.999999989900971e-06
endloop
endfacet
facet normal 0.0 -0.0 0.9999999999999999
outer loop
vertex 4.999999873689376e-05 0.00010099999781232327 3.999999989900971e-06
vertex 5.201921521802433e-05 0.00012180490739410743 3.999999989900971e-06
vertex 5.200481609790586e-05 0.00012190198322059587 3.999999989900971e-06
endloop
endfacet
facet normal 0.0 -0.0 1.0
outer loop
vertex 4.999999873689376e-05 0.00010099999781232327 3.999999989900971e-06
vertex 5.200481609790586e-05 0.00012190198322059587 3.999999989900971e-06
vertex 5.199999941396527e-05 0.00012199999764561653 3.999999989900971e-06
endloop
endfacet
facet normal 0.0 0.0 1.0
outer loop
vertex 4.999999873689376e-05 0.00010099999781232327 3.999999989900971e-06
vertex 5.199999941396527e-05 0.00012199999764561653 3.999999989900971e-06
vertex 5.199999941396527e-05 0.00013600000238511711 3.999999989900971e-06
endloop
endfacet
facet normal 0.0 0.0 1.0
outer loop
vertex 4.999999873689376e-05 0.00010099999781232327 3.999999989900971e-06
vertex 5.199999941396527e-05 0.00013600000238511711 3.999999989900971e-06
vertex 5.199999941396527e-05 0.0001500000071246177 3.999999989900971e-06
endloop
endfacet
facet normal 0.0 0.0 0.0
outer loop
vertex 5.199999941396527e-05 0.0001500000071246177 3.999999989900971e-06
vertex 5.199999941396527e-05 0.00013600000238511711 3.999999989900971e-06
vertex 5.200481609790586e-05 0.0001360980240860954 3.999999989900971e-06
endloop
endfacet
facet normal 0.0 0.0 0.0
outer loop
vertex 5.199999941396527e-05 0.0001500000071246177 3.999999989900971e-06
vertex 5.200481609790586e-05 0.0001360980240860954 3.999999989900971e-06
vertex 5.200481609790586e-05 0.00014990198542363942 3.999999989900971e-06
endloop
endfacet
facet normal 0.0 0.0 0.0
outer loop
vertex 5.199999941396527e-05 0.0001500000071246177 3.999999989900971e-06
vertex 5.200481609790586e-05 0.00015009801427368075 3.999999989900971e-06
vertex 5.199999941396527e-05 0.00016399999731220305 3.999999989900971e-06
endloop
endfacet
facet normal 0.0 0.0 0.0
outer loop
vertex 5.199999941396527e-05 0.00016399999731220305 3.999999989900971e-06
vertex 5.200481609790586e-05 0.00015009801427368075 3.999999989900971e-06
vertex 5.200481609790586e-05 0.00016390197561122477 3.999999989900971e-06
endloop
endfacet
facet normal 0.0 0.0 0.0
outer loop
vertex 5.199999941396527e-05 0.00016399999731220305 3.999999989900971e-06
vertex 5.200481609790586e-05 0.00016409801901318133 3.999999989900971e-06
vertex 5.199999941396527e-05 0.00017800000205170363 3.999999989900971e-06
endloop
endfacet
facet normal 0.0 0.0 0.0
outer loop
vertex 5.199999941396527e-05 0.00017800000205170363 3.999999989900971e-06
vertex 5.200481609790586e-05 0.00016409801901318133 3.999999989900971e-06
vertex 5.200481609790586e-05 0.00017790198035072535 3.999999989900971e-06
endloop
endfacet
facet normal 0.0 0.0 1.0
outer loop
vertex 5.201921521802433e-05 0.00017819508502725512 3.999999989900971e-06
vertex 5.204305853112601e-05 0.0001782902836566791 3.999999989900971e-06
vertex 5.204305853112601e-05 0.00019170971063431352 3.999999989900971e-06
endloop
endfacet
facet normal 0.0 -0.0 1.0
outer loop
vertex 5.201921521802433e-05 0.00017819508502725512 3.999999989900971e-06
vertex 5.204305853112601e-05 0.00019170971063431352 3.999999989900971e-06
vertex 5.201921521802433e-05 0.0001918049092637375 3.999999989900971e-06
endloop
endfacet
facet normal 0.0 0.0 1.0
outer loop
vertex 5.398078428697772e-05 0.0001918049092637375 3.999999989900971e-06
vertex 5.3956940973876044e-05 0.00019170971063431352 3.999999989900971e-06
vertex 5.3956940973876044e-05 0.0001782902836566791 3.999999989900971e-06
endloop
endfacet
facet normal 0.0 0.0 1.0
outer loop
vertex 5.398078428697772e-05 0.0001918049092637375 3.999999989900971e-06
vertex 5.3956940973876044e-05 0.0001782902836566791 3.999999989900971e-06
vertex 5.398078428697772e-05 0.00017819508502725512 3.999999989900971e-06
endloop
endfacet
facet normal 0.0 0.0 0.0
outer loop
vertex 5.400000009103678e-05 0.00017800000205170363 3.999999989900971e-06
vertex 5.399518340709619e-05 0.00017790198035072535 3.999999989900971e-06
vertex 5.400000009103678e-05 0.00016399999731220305 3.999999989900971e-06
endloop
endfacet
facet normal 0.0 0.0 0.0
outer loop
vertex 5.400000009103678e-05 0.00016399999731220305 3.999999989900971e-06
vertex 5.399518340709619e-05 0.00017790198035072535 3.999999989900971e-06
vertex 5.399518340709619e-05 0.00016409801901318133 3.999999989900971e-06
endloop
endfacet
facet normal 0.0 0.0 0.0
outer loop
vertex 5.400000009103678e-05 0.00016399999731220305 3.999999989900971e-06
vertex 5.399518340709619e-05 0.00016390197561122477 3.999999989900971e-06
vertex 5.400000009103678e-05 0.0001500000071246177 3.999999989900971e-06
endloop
endfacet
facet normal 0.0 0.0 0.0
outer loop
vertex 5.400000009103678e-05 0.0001500000071246177 3.999999989900971e-06
vertex 5.399518340709619e-05 0.00016390197561122477 3.999999989900971e-06
vertex 5.399518340709619e-05 0.00015009801427368075 3.999999989900971e-06
endloop
endfacet
facet normal 0.0 0.0 0.0
outer loop
vertex 5.400000009103678e-05 0.0001500000071246177 3.999999989900971e-06
vertex 5.399518340709619e-05 0.00014990198542363942 3.999999989900971e-06
vertex 5.400000009103678e-05 0.00013600000238511711 3.999999989900971e-06
endloop
endfacet
facet normal 0.0 0.0 0.0
outer loop
vertex 5.400000009103678e-05 0.00013600000238511711 3.999999989900971e-06
vertex 5.399518340709619e-05 0.00014990198542363942 3.999999989900971e-06
vertex 5.399518340709619e-05 0.0001360980240860954 3.999999989900971e-06
endloop
endfacet
facet normal 0.0 0.0 0.0
outer loop
vertex 5.400000009103678e-05 0.00013600000238511711 3.999999989900971e-06
vertex 5.399518340709619e-05 0.00013590198068413883 3.999999989900971e-06
vertex 5.400000009103678e-05 0.00012199999764561653 3.999999989900971e-06
endloop
endfacet
facet normal 0.0 0.0 0.0
outer loop
vertex 5.400000009103678e-05 0.00012199999764561653 3.999999989900971e-06
vertex 5.399518340709619e-05 0.00013590198068413883 3.999999989900971e-06
vertex 5.399518340709619e-05 0.0001220980193465948 3.999999989900971e-06
endloop
endfacet
facet normal 0.0 0.0 0.9999999999999999
outer loop
vertex 5.398078428697772e-05 0.00012180490739410743 3.999999989900971e-06
vertex 5.3956940973876044e-05 0.00012170971604064107 3.999999989900971e-06
vertex 5.3956940973876044e-05 0.00010829028178704903 3.999999989900971e-06
endloop
endfacet
facet normal 0.0 0.0 1.0
outer loop
vertex 5.398078428697772e-05 0.00012180490739410743 3.999999989900971e-06
vertex 5.3956940973876044e-05 0.00010829028178704903 3.999999989900971e-06
vertex 5.398078428697772e-05 0.00010819509043358266 3.999999989900971e-06
endloop
endfacet
facet normal 0.0 -0.0 1.0
outer loop
vertex 5.201921521802433e-05 0.00010819509043358266 3.999999989900971e-06
vertex 5.204305853112601e-05 0.00010829028178704903 3.999999989900971e-06
vertex 5.201921521802433e-05 0.00012180490739410743 3.999999989900971e-06
endloop
endfacet
facet normal -0.0 0.0 0.9999999999999999
outer loop
vertex 5.201921521802433e-05 0.00012180490739410743 3.999999989900971e-06
vertex 5.204305853112601e-05 0.00010829028178704903 3.999999989900971e-06
vertex 5.204305853112601e-05 0.00012170971604064107 3.999999989900971e-06
endloop
endfacet
facet normal 0.0 0.0 0.0
outer loop
vertex 5.199999941396527e-05 0.00012199999764561653 3.999999989900971e-06
vertex 5.200481609790586e-05 0.0001220980193465948 3.999999989900971e-06
vertex 5.200481609790586e-05 0.00013590198068413883 3.999999989900971e-06
endloop
endfacet
facet normal 0.0 0.0 0.0
outer loop
vertex 5.199999941396527e-05 0.00012199999764561653 3.999999989900971e-06
vertex 5.200481609790586e-05 0.00013590198068413883 3.999999989900971e-06
vertex 5.199999941396527e-05 0.00013600000238511711 3.999999989900971e-06
endloop
endfacet
facet normal 0.0 -0.0 1.0
outer loop
vertex 5.200481609790586e-05 0.0001360980240860954 3.999999989900971e-06
vertex 5.201921521802433e-05 0.0001361950853606686 3.999999989900971e-06
vertex 5.200481609790586e-05 0.00014990198542363942 3.999999989900971e-06
endloop
endfacet
facet normal -0.0 0.0 1.0
outer loop
vertex 5.200481609790586e-05 0.00014990198542363942 3.999999989900971e-06
vertex 5.201921521802433e-05 0.0001361950853606686 3.999999989900971e-06
vertex 5.201921521802433e-05 0.00014980490959715098 3.999999989900971e-06
endloop
endfacet
facet normal -0.0 0.0 1.0
outer loop
vertex 5.201921521802433e-05 0.00014980490959715098 3.999999989900971e-06
vertex 5.201921521802433e-05 0.0001361950853606686 3.999999989900971e-06
vertex 5.204305853112601e-05 0.00013629028399009258 3.999999989900971e-06
endloop
endfacet
facet normal -0.0 0.0 1.0
outer loop
vertex 5.201921521802433e-05 0.00014980490959715098 3.999999989900971e-06
vertex 5.204305853112601e-05 0.00013629028399009258 3.999999989900971e-06
vertex 5.204305853112601e-05 0.000149709710967727 3.999999989900971e-06
endloop
endfacet
facet normal 0.0 0.0 1.0
outer loop
vertex 5.207612048252486e-05 0.0001496173208579421 3.999999989900971e-06
vertex 5.204305853112601e-05 0.000149709710967727 3.999999989900971e-06
vertex 5.204305853112601e-05 0.00013629028399009258 3.999999989900971e-06
endloop
endfacet
facet normal -0.0 0.0 1.0
outer loop
vertex 5.207612048252486e-05 0.0001496173208579421 3.999999989900971e-06
vertex 5.204305853112601e-05 0.00013629028399009258 3.999999989900971e-06
vertex 5.207612048252486e-05 0.0001363826886517927 3.999999989900971e-06
endloop
endfacet
facet normal -0.0 0.0 1.0
outer loop
vertex 5.207612048252486e-05 0.0001496173208579421 3.999999989900971e-06
vertex 5.207612048252486e-05 0.0001363826886517927 3.999999989900971e-06
vertex 5.2118077292107046e-05 0.00013647139712702483 3.999999989900971e-06
endloop
endfacet
facet normal -0.0 0.0 1.0
outer loop
vertex 5.207612048252486e-05 0.0001496173208579421 3.999999989900971e-06
vertex 5.2118077292107046e-05 0.00013647139712702483 3.999999989900971e-06
vertex 5.2118077292107046e-05 0.00014952859783079475 3.999999989900971e-06
endloop
endfacet
facet normal 0.0 0.0 1.0
outer loop
vertex 5.270971450954676e-05 0.00014904305862728506 3.999999989900971e-06
vertex 5.261731712380424e-05 0.0001490761205786839 3.999999989900971e-06
vertex 5.270971450954676e-05 0.00013695693633053452 3.999999989900971e-06
endloop
endfacet
facet normal -0.0 0.0 1.0
outer loop
vertex 5.270971450954676e-05 0.00014904305862728506 3.999999989900971e-06
vertex 5.270971450954676e-05 0.00013695693633053452 3.999999989900971e-06
vertex 5.2804909500991926e-05 0.00014901920803822577 3.999999989900971e-06
endloop
endfacet
facet normal 0.0 -0.0 1.0
outer loop
vertex 5.261731712380424e-05 0.00015092387911863625 3.999999989900971e-06
vertex 5.270971450954676e-05 0.0001509569410700351 3.999999989900971e-06
vertex 5.261731712380424e-05 0.0001630761253181845 3.999999989900971e-06
endloop
endfacet
facet normal 0.0 -0.0 1.0
outer loop
vertex 5.261731712380424e-05 0.00015092387911863625 3.999999989900971e-06
vertex 5.261731712380424e-05 0.0001630761253181845 3.999999989900971e-06
vertex 5.252860501059331e-05 0.00016311807848978788 3.999999989900971e-06
endloop
endfacet
facet normal 0.0 0.0 1.0
outer loop
vertex 5.261731712380424e-05 0.00015092387911863625 3.999999989900971e-06
vertex 5.252860501059331e-05 0.00016311807848978788 3.999999989900971e-06
vertex 5.252860501059331e-05 0.00015088192594703287 3.999999989900971e-06
endloop
endfacet
facet normal 0.0 -0.0 0.9999999999999999
outer loop
vertex 5.2365605370141566e-05 0.00015077300486154854 3.999999989900971e-06
vertex 5.244442945695482e-05 0.00015083147445693612 3.999999989900971e-06
vertex 5.2365605370141566e-05 0.00016322698502335697 3.999999989900971e-06
endloop
endfacet
facet normal 0.0 -0.0 1.0
outer loop
vertex 5.2365605370141566e-05 0.00015077300486154854 3.999999989900971e-06
vertex 5.2365605370141566e-05 0.00016322698502335697 3.999999989900971e-06
vertex 5.2292893087724224e-05 0.00016329289064742625 3.999999989900971e-06
endloop
endfacet
facet normal 0.0 0.0 1.0
outer loop
vertex 5.2365605370141566e-05 0.00015077300486154854 3.999999989900971e-06
vertex 5.2292893087724224e-05 0.00016329289064742625 3.999999989900971e-06
vertex 5.2292893087724224e-05 0.0001507071137893945 3.999999989900971e-06
endloop
endfacet
facet normal 0.0 -0.0 1.0
outer loop
vertex 5.207612048252486e-05 0.00015038267883937806 3.999999989900971e-06
vertex 5.2118077292107046e-05 0.0001504714018665254 3.999999989900971e-06
vertex 5.207612048252486e-05 0.00016361731104552746 3.999999989900971e-06
endloop
endfacet
facet normal 0.0 -0.0 1.0
outer loop
vertex 5.207612048252486e-05 0.00015038267883937806 3.999999989900971e-06
vertex 5.207612048252486e-05 0.00016361731104552746 3.999999989900971e-06
vertex 5.204305853112601e-05 0.0001637097157072276 3.999999989900971e-06
endloop
endfacet
facet normal 0.0 0.0 1.0
outer loop
vertex 5.207612048252486e-05 0.00015038267883937806 3.999999989900971e-06
vertex 5.204305853112601e-05 0.0001637097157072276 3.999999989900971e-06
vertex 5.204305853112601e-05 0.00015029028872959316 3.999999989900971e-06
endloop
endfacet
facet normal 0.0 0.0 1.0
outer loop
vertex 5.201921521802433e-05 0.00015019509010016918 3.999999989900971e-06
vertex 5.204305853112601e-05 0.00015029028872959316 3.999999989900971e-06
vertex 5.204305853112601e-05 0.0001637097157072276 3.999999989900971e-06
endloop
endfacet
facet normal 0.0 -0.0 1.0
outer loop
vertex 5.201921521802433e-05 0.00015019509010016918 3.999999989900971e-06
vertex 5.204305853112601e-05 0.0001637097157072276 3.999999989900971e-06
vertex 5.201921521802433e-05 0.00016380491433665156 3.999999989900971e-06
endloop
endfacet
facet normal 0.0 -0.0 1.0
outer loop
vertex 5.201921521802433e-05 0.00015019509010016918 3.999999989900971e-06
vertex 5.201921521802433e-05 0.00016380491433665156 3.999999989900971e-06
vertex 5.200481609790586e-05 0.00016390197561122477 3.999999989900971e-06
endloop
endfacet
facet normal 0.0 0.0 1.0
outer loop
vertex 5.201921521802433e-05 0.00015019509010016918 3.999999989900971e-06
vertex 5.200481609790586e-05 0.00016390197561122477 3.999999989900971e-06
vertex 5.200481609790586e-05 0.00015009801427368075 3.999999989900971e-06
endloop
endfacet
facet normal -0.0 0.0 1.0
outer loop
vertex 5.207612048252486e-05 0.00016361731104552746 3.999999989900971e-06
vertex 5.2118077292107046e-05 0.0001504714018665254 3.999999989900971e-06
vertex 5.2118077292107046e-05 0.00016352860257029533 3.999999989900971e-06
endloop
endfacet
facet normal 0.0 0.0 1.0
outer loop
vertex 5.270971450954676e-05 0.00016304306336678565 3.999999989900971e-06
vertex 5.261731712380424e-05 0.0001630761253181845 3.999999989900971e-06
vertex 5.270971450954676e-05 0.0001509569410700351 3.999999989900971e-06
endloop
endfacet
facet normal -0.0 0.0 1.0
outer loop
vertex 5.270971450954676e-05 0.00016304306336678565 3.999999989900971e-06
vertex 5.270971450954676e-05 0.0001509569410700351 3.999999989900971e-06
vertex 5.2804909500991926e-05 0.00016301921277772635 3.999999989900971e-06
endloop
endfacet
facet normal 0.0 -0.0 1.0
outer loop
vertex 5.261731712380424e-05 0.00016492388385813683 3.999999989900971e-06
vertex 5.270971450954676e-05 0.00016495694580953568 3.999999989900971e-06
vertex 5.261731712380424e-05 0.00017707611550576985 3.999999989900971e-06
endloop
endfacet
facet normal 0.0 -0.0 1.0
outer loop
vertex 5.261731712380424e-05 0.00016492388385813683 3.999999989900971e-06
vertex 5.261731712380424e-05 0.00017707611550576985 3.999999989900971e-06
vertex 5.252860501059331e-05 0.00017711808322928846 3.999999989900971e-06
endloop
endfacet
facet normal 0.0 0.0 1.0
outer loop
vertex 5.261731712380424e-05 0.00016492388385813683 3.999999989900971e-06
vertex 5.252860501059331e-05 0.00017711808322928846 3.999999989900971e-06
vertex 5.252860501059331e-05 0.00016488191613461822 3.999999989900971e-06
endloop
endfacet
facet normal 0.0 -0.0 0.9999999999999999
outer loop
vertex 5.2365605370141566e-05 0.00016477300960104913 3.999999989900971e-06
vertex 5.244442945695482e-05 0.00016483146464452147 3.999999989900971e-06
vertex 5.2365605370141566e-05 0.00017722698976285756 3.999999989900971e-06
endloop
endfacet
facet normal 0.0 -0.0 1.0
outer loop
vertex 5.2365605370141566e-05 0.00016477300960104913 3.999999989900971e-06
vertex 5.2365605370141566e-05 0.00017722698976285756 3.999999989900971e-06
vertex 5.2292893087724224e-05 0.00017729289538692683 3.999999989900971e-06
endloop
endfacet
facet normal 0.0 0.0 1.0
outer loop
vertex 5.2365605370141566e-05 0.00016477300960104913 3.999999989900971e-06
vertex 5.2292893087724224e-05 0.00017729289538692683 3.999999989900971e-06
vertex 5.2292893087724224e-05 0.00016470710397697985 3.999999989900971e-06
endloop
endfacet
facet normal 0.0 -0.0 1.0
outer loop
vertex 5.207612048252486e-05 0.00016438268357887864 3.999999989900971e-06
vertex 5.2118077292107046e-05 0.00016447139205411077 3.999999989900971e-06
vertex 5.207612048252486e-05 0.00017761731578502804 3.999999989900971e-06
endloop
endfacet
facet normal 0.0 -0.0 1.0
outer loop
vertex 5.207612048252486e-05 0.00016438268357887864 3.999999989900971e-06
vertex 5.207612048252486e-05 0.00017761731578502804 3.999999989900971e-06
vertex 5.204305853112601e-05 0.0001642902789171785 3.999999989900971e-06
endloop
endfacet
facet normal 0.0 -0.0 0.9999999999999999
outer loop
vertex 5.201921521802433e-05 0.00016419509483966976 3.999999989900971e-06
vertex 5.204305853112601e-05 0.0001642902789171785 3.999999989900971e-06
vertex 5.201921521802433e-05 0.00017780490452423692 3.999999989900971e-06
endloop
endfacet
facet normal 0.0 -0.0 1.0
outer loop
vertex 5.201921521802433e-05 0.00016419509483966976 3.999999989900971e-06
vertex 5.201921521802433e-05 0.00017780490452423692 3.999999989900971e-06
vertex 5.200481609790586e-05 0.00017790198035072535 3.999999989900971e-06
endloop
endfacet
facet normal 0.0 0.0 1.0
outer loop
vertex 5.201921521802433e-05 0.00016419509483966976 3.999999989900971e-06
vertex 5.200481609790586e-05 0.00017790198035072535 3.999999989900971e-06
vertex 5.200481609790586e-05 0.00016409801901318133 3.999999989900971e-06
endloop
endfacet
facet normal -0.0 0.0 1.0
outer loop
vertex 5.201921521802433e-05 0.00017780490452423692 3.999999989900971e-06
vertex 5.204305853112601e-05 0.0001642902789171785 3.999999989900971e-06
vertex 5.204305853112601e-05 0.00017770972044672817 3.999999989900971e-06
endloop
endfacet
facet normal 0.0 0.0 0.9999999999999999
outer loop
vertex 5.207612048252486e-05 0.00017761731578502804 3.999999989900971e-06
vertex 5.204305853112601e-05 0.00017770972044672817 3.999999989900971e-06
vertex 5.204305853112601e-05 0.0001642902789171785 3.999999989900971e-06
endloop
endfacet
facet normal -0.0 0.0 1.0
outer loop
vertex 5.207612048252486e-05 0.00017761731578502804 3.999999989900971e-06
vertex 5.2118077292107046e-05 0.00016447139205411077 3.999999989900971e-06
vertex 5.2118077292107046e-05 0.00017752860730979592 3.999999989900971e-06
endloop
endfacet
facet normal 0.0 0.0 0.9999999999999999
outer loop
vertex 5.2292893087724224e-05 0.00017729289538692683 3.999999989900971e-06
vertex 5.222699110163376e-05 0.00017736561130732298 3.999999989900971e-06
vertex 5.2292893087724224e-05 0.00016470710397697985 3.999999989900971e-06
endloop
endfacet
facet normal 0.0 0.0 1.0
outer loop
vertex 5.2292893087724224e-05 0.00016470710397697985 3.999999989900971e-06
vertex 5.222699110163376e-05 0.00017736561130732298 3.999999989900971e-06
vertex 5.222699110163376e-05 0.0001646343880565837 3.999999989900971e-06
endloop
endfacet
facet normal 0.0 -0.0 1.0
outer loop
vertex 5.222699110163376e-05 0.0001646343880565837 3.999999989900971e-06
vertex 5.222699110163376e-05 0.00017736561130732298 3.999999989900971e-06
vertex 5.2168528782203794e-05 0.00017744442448019981 3.999999989900971e-06
endloop
endfacet
facet normal 0.0 0.0 1.0
outer loop
vertex 5.222699110163376e-05 0.0001646343880565837 3.999999989900971e-06
vertex 5.2168528782203794e-05 0.00017744442448019981 3.999999989900971e-06
vertex 5.2168528782203794e-05 0.00016455557488370687 3.999999989900971e-06
endloop
endfacet
facet normal 0.0 -0.0 1.0
outer loop
vertex 5.2168528782203794e-05 0.00016455557488370687 3.999999989900971e-06
vertex 5.2168528782203794e-05 0.00017744442448019981 3.999999989900971e-06
vertex 5.2118077292107046e-05 0.00017752860730979592 3.999999989900971e-06
endloop
endfacet
facet normal 0.0 0.0 1.0
outer loop
vertex 5.2168528782203794e-05 0.00016455557488370687 3.999999989900971e-06
vertex 5.2118077292107046e-05 0.00017752860730979592 3.999999989900971e-06
vertex 5.2118077292107046e-05 0.00016447139205411077 3.999999989900971e-06
endloop
endfacet
facet normal -0.0 0.0 1.0
outer loop
vertex 5.2365605370141566e-05 0.00017722698976285756 3.999999989900971e-06
vertex 5.244442945695482e-05 0.00016483146464452147 3.999999989900971e-06
vertex 5.244442945695482e-05 0.0001771685347193852 3.999999989900971e-06
endloop
endfacet
facet normal 0.0 0.0 1.0
outer loop
vertex 5.252860501059331e-05 0.00017711808322928846 3.999999989900971e-06
vertex 5.244442945695482e-05 0.0001771685347193852 3.999999989900971e-06
vertex 5.244442945695482e-05 0.00016483146464452147 3.999999989900971e-06
endloop
endfacet
facet normal -0.0 0.0 1.0
outer loop
vertex 5.252860501059331e-05 0.00017711808322928846 3.999999989900971e-06
vertex 5.244442945695482e-05 0.00016483146464452147 3.999999989900971e-06
vertex 5.252860501059331e-05 0.00016488191613461822 3.999999989900971e-06
endloop
endfacet
facet normal -0.0 0.0 1.0
outer loop
vertex 5.261731712380424e-05 0.00017707611550576985 3.999999989900971e-06
vertex 5.270971450954676e-05 0.00016495694580953568 3.999999989900971e-06
vertex 5.270971450954676e-05 0.000177043053554371 3.999999989900971e-06
endloop
endfacet
facet normal 0.0 -0.0 1.0
outer loop
vertex 5.261731712380424e-05 0.0001789238740457222 3.999999989900971e-06
vertex 5.270971450954676e-05 0.00017895693599712104 3.999999989900971e-06
vertex 5.261731712380424e-05 0.00019107612024527043 3.999999989900971e-06
endloop
endfacet
facet normal 0.0 -0.0 1.0
outer loop
vertex 5.261731712380424e-05 0.0001789238740457222 3.999999989900971e-06
vertex 5.261731712380424e-05 0.00019107612024527043 3.999999989900971e-06
vertex 5.252860501059331e-05 0.0001911180734168738 3.999999989900971e-06
endloop
endfacet
facet normal 0.0 0.0 1.0
outer loop
vertex 5.261731712380424e-05 0.0001789238740457222 3.999999989900971e-06
vertex 5.252860501059331e-05 0.0001911180734168738 3.999999989900971e-06
vertex 5.252860501059331e-05 0.0001788819208741188 3.999999989900971e-06
endloop
endfacet
facet normal 0.0 -0.0 0.9999999999999999
outer loop
vertex 5.2365605370141566e-05 0.0001787730143405497 3.999999989900971e-06
vertex 5.244442945695482e-05 0.00017883146938402206 3.999999989900971e-06
vertex 5.2365605370141566e-05 0.00019122699450235814 3.999999989900971e-06
endloop
endfacet
facet normal 0.0 -0.0 1.0
outer loop
vertex 5.2365605370141566e-05 0.0001787730143405497 3.999999989900971e-06
vertex 5.2365605370141566e-05 0.00019122699450235814 3.999999989900971e-06
vertex 5.2292893087724224e-05 0.0001912929001264274 3.999999989900971e-06
endloop
endfacet
facet normal 0.0 0.0 1.0
outer loop
vertex 5.2365605370141566e-05 0.0001787730143405497 3.999999989900971e-06
vertex 5.2292893087724224e-05 0.0001912929001264274 3.999999989900971e-06
vertex 5.2292893087724224e-05 0.00017870710871648043 3.999999989900971e-06
endloop
endfacet
facet normal 0.0 -0.0 1.0
outer loop
vertex 5.207612048252486e-05 0.00017838268831837922 3.999999989900971e-06
vertex 5.2118077292107046e-05 0.00017847139679361135 3.999999989900971e-06
vertex 5.207612048252486e-05 0.00019161732052452862 3.999999989900971e-06
endloop
endfacet
facet normal 0.0 -0.0 1.0
outer loop
vertex 5.207612048252486e-05 0.00017838268831837922 3.999999989900971e-06
vertex 5.207612048252486e-05 0.00019161732052452862 3.999999989900971e-06
vertex 5.204305853112601e-05 0.00019170971063431352 3.999999989900971e-06
endloop
endfacet
facet normal 0.0 0.0 1.0
outer loop
vertex 5.207612048252486e-05 0.00017838268831837922 3.999999989900971e-06
vertex 5.204305853112601e-05 0.00019170971063431352 3.999999989900971e-06
vertex 5.204305853112601e-05 0.0001782902836566791 3.999999989900971e-06
endloop
endfacet
facet normal -0.0 0.0 1.0
outer loop
vertex 5.207612048252486e-05 0.00019161732052452862 3.999999989900971e-06
vertex 5.2118077292107046e-05 0.00017847139679361135 3.999999989900971e-06
vertex 5.2118077292107046e-05 0.00019152859749738127 3.999999989900971e-06
endloop
endfacet
facet normal 0.0 0.0 0.9999999999999999
outer loop
vertex 5.2292893087724224e-05 0.0001912929001264274 3.999999989900971e-06
vertex 5.222699110163376e-05 0.00019136560149490833 3.999999989900971e-06
vertex 5.2292893087724224e-05 0.00017870710871648043 3.999999989900971e-06
endloop
endfacet
facet normal 0.0 0.0 1.0
outer loop
vertex 5.2292893087724224e-05 0.00017870710871648043 3.999999989900971e-06
vertex 5.222699110163376e-05 0.00019136560149490833 3.999999989900971e-06
vertex 5.222699110163376e-05 0.00017863439279608428 3.999999989900971e-06
endloop
endfacet
facet normal 0.0 -0.0 1.0
outer loop
vertex 5.222699110163376e-05 0.00017863439279608428 3.999999989900971e-06
vertex 5.222699110163376e-05 0.00019136560149490833 3.999999989900971e-06
vertex 5.2168528782203794e-05 0.0001914444292197004 3.999999989900971e-06
endloop
endfacet
facet normal 0.0 0.0 1.0
outer loop
vertex 5.222699110163376e-05 0.00017863439279608428 3.999999989900971e-06
vertex 5.2168528782203794e-05 0.0001914444292197004 3.999999989900971e-06
vertex 5.2168528782203794e-05 0.00017855556507129222 3.999999989900971e-06
endloop
endfacet
facet normal 0.0 -0.0 1.0
outer loop
vertex 5.2168528782203794e-05 0.00017855556507129222 3.999999989900971e-06
vertex 5.2168528782203794e-05 0.0001914444292197004 3.999999989900971e-06
vertex 5.2118077292107046e-05 0.00019152859749738127 3.999999989900971e-06
endloop
endfacet
facet normal 0.0 0.0 0.9999999999999999
outer loop
vertex 5.2168528782203794e-05 0.00017855556507129222 3.999999989900971e-06
vertex 5.2118077292107046e-05 0.00019152859749738127 3.999999989900971e-06
vertex 5.2118077292107046e-05 0.00017847139679361135 3.999999989900971e-06
endloop
endfacet
facet normal -0.0 0.0 1.0
outer loop
vertex 5.2365605370141566e-05 0.00019122699450235814 3.999999989900971e-06
vertex 5.244442945695482e-05 0.00017883146938402206 3.999999989900971e-06
vertex 5.244442945695482e-05 0.00019116852490697056 3.999999989900971e-06
endloop
endfacet
facet normal 0.0 0.0 0.9999999999999999
outer loop
vertex 5.252860501059331e-05 0.0001911180734168738 3.999999989900971e-06
vertex 5.244442945695482e-05 0.00019116852490697056 3.999999989900971e-06
vertex 5.252860501059331e-05 0.0001788819208741188 3.999999989900971e-06
endloop
endfacet
facet normal 0.0 0.0 1.0
outer loop
vertex 5.252860501059331e-05 0.0001788819208741188 3.999999989900971e-06
vertex 5.244442945695482e-05 0.00019116852490697056 3.999999989900971e-06
vertex 5.244442945695482e-05 0.00017883146938402206 3.999999989900971e-06
endloop
endfacet
facet normal -0.0 0.0 1.0
outer loop
vertex 5.261731712380424e-05 0.00019107612024527043 3.999999989900971e-06
vertex 5.270971450954676e-05 0.00017895693599712104 3.999999989900971e-06
vertex 5.270971450954676e-05 0.00019104305829387158 3.999999989900971e-06
endloop
endfacet
facet normal 0.0 0.0 1.0
outer loop
vertex 5.338268238119781e-05 0.00019107612024527043 3.999999989900971e-06
vertex 5.3290284995455295e-05 0.00019104305829387158 3.999999989900971e-06
vertex 5.338268238119781e-05 0.0001789238740457222 3.999999989900971e-06
endloop
endfacet
facet normal 0.0 0.0 1.0
outer loop
vertex 5.338268238119781e-05 0.00019107612024527043 3.999999989900971e-06
vertex 5.338268238119781e-05 0.0001789238740457222 3.999999989900971e-06
vertex 5.347139813238755e-05 0.0001788819208741188 3.999999989900971e-06
endloop
endfacet
facet normal -0.0 0.0 1.0
outer loop
vertex 5.338268238119781e-05 0.00019107612024527043 3.999999989900971e-06
vertex 5.347139813238755e-05 0.0001788819208741188 3.999999989900971e-06
vertex 5.347139813238755e-05 0.0001911180734168738 3.999999989900971e-06
endloop
endfacet
facet normal 0.0 0.0 0.9999999999999999
outer loop
vertex 5.3634394134860486e-05 0.00019122699450235814 3.999999989900971e-06
vertex 5.355557004804723e-05 0.00019116852490697056 3.999999989900971e-06
vertex 5.3634394134860486e-05 0.0001787730143405497 3.999999989900971e-06
endloop
endfacet
facet normal 0.0 0.0 1.0
outer loop
vertex 5.3634394134860486e-05 0.00019122699450235814 3.999999989900971e-06
vertex 5.3634394134860486e-05 0.0001787730143405497 3.999999989900971e-06
vertex 5.370710641727783e-05 0.00017870710871648043 3.999999989900971e-06
endloop
endfacet
facet normal -0.0 0.0 1.0
outer loop
vertex 5.3634394134860486e-05 0.00019122699450235814 3.999999989900971e-06
vertex 5.370710641727783e-05 0.00017870710871648043 3.999999989900971e-06
vertex 5.370710641727783e-05 0.0001912929001264274 3.999999989900971e-06
endloop
endfacet
facet normal 0.0 0.0 1.0
outer loop
vertex 5.3923879022477195e-05 0.00019161732052452862 3.999999989900971e-06
vertex 5.3881922212895006e-05 0.00019152859749738127 3.999999989900971e-06
vertex 5.3881922212895006e-05 0.00017847139679361135 3.999999989900971e-06
endloop
endfacet
facet normal 0.0 0.0 1.0
outer loop
vertex 5.3923879022477195e-05 0.00019161732052452862 3.999999989900971e-06
vertex 5.3881922212895006e-05 0.00017847139679361135 3.999999989900971e-06
vertex 5.3923879022477195e-05 0.00017838268831837922 3.999999989900971e-06
endloop
endfacet
facet normal 0.0 0.0 1.0
outer loop
vertex 5.3923879022477195e-05 0.00019161732052452862 3.999999989900971e-06
vertex 5.3923879022477195e-05 0.00017838268831837922 3.999999989900971e-06
vertex 5.3956940973876044e-05 0.0001782902836566791 3.999999989900971e-06
endloop
endfacet
facet normal -0.0 0.0 1.0
outer loop
vertex 5.3923879022477195e-05 0.00019161732052452862 3.999999989900971e-06
vertex 5.3956940973876044e-05 0.0001782902836566791 3.999999989900971e-06
vertex 5.3956940973876044e-05 0.00019170971063431352 3.999999989900971e-06
endloop
endfacet
facet normal -0.0 -0.0 1.0
outer loop
vertex 5.370710641727783e-05 0.00017870710871648043 3.999999989900971e-06
vertex 5.37730120413471e-05 0.00017863439279608428 3.999999989900971e-06
vertex 5.370710641727783e-05 0.0001912929001264274 3.999999989900971e-06
endloop
endfacet
facet normal -0.0 0.0 1.0
outer loop
vertex 5.370710641727783e-05 0.0001912929001264274 3.999999989900971e-06
vertex 5.37730120413471e-05 0.00017863439279608428 3.999999989900971e-06
vertex 5.37730120413471e-05 0.00019136560149490833 3.999999989900971e-06
endloop
endfacet
facet normal 0.0 0.0 1.0
outer loop
vertex 5.37730120413471e-05 0.00019136560149490833 3.999999989900971e-06
vertex 5.37730120413471e-05 0.00017863439279608428 3.999999989900971e-06
vertex 5.383147072279826e-05 0.00017855556507129222 3.999999989900971e-06
endloop
endfacet
facet normal -0.0 0.0 1.0
outer loop
vertex 5.37730120413471e-05 0.00019136560149490833 3.999999989900971e-06
vertex 5.383147072279826e-05 0.00017855556507129222 3.999999989900971e-06
vertex 5.383147072279826e-05 0.0001914444292197004 3.999999989900971e-06
endloop
endfacet
facet normal -0.0 0.0 1.0
outer loop
vertex 5.383147072279826e-05 0.0001914444292197004 3.999999989900971e-06
vertex 5.383147072279826e-05 0.00017855556507129222 3.999999989900971e-06
vertex 5.3881922212895006e-05 0.00019152859749738127 3.999999989900971e-06
endloop
endfacet
facet normal 0.0 0.0 0.9999999999999999
outer loop
vertex 5.3881922212895006e-05 0.00019152859749738127 3.999999989900971e-06
vertex 5.383147072279826e-05 0.00017855556507129222 3.999999989900971e-06
vertex 5.3881922212895006e-05 0.00017847139679361135 3.999999989900971e-06
endloop
endfacet
facet normal 0.0 0.0 1.0
outer loop
vertex 5.3634394134860486e-05 0.0001787730143405497 3.999999989900971e-06
vertex 5.355557004804723e-05 0.00019116852490697056 3.999999989900971e-06
vertex 5.355557004804723e-05 0.00017883146938402206 3.999999989900971e-06
endloop
endfacet
facet normal -0.0 -0.0 1.0
outer loop
vertex 5.347139813238755e-05 0.0001788819208741188 3.999999989900971e-06
vertex 5.355557004804723e-05 0.00017883146938402206 3.999999989900971e-06
vertex 5.347139813238755e-05 0.0001911180734168738 3.999999989900971e-06
endloop
endfacet
facet normal -0.0 0.0 1.0
outer loop
vertex 5.347139813238755e-05 0.0001911180734168738 3.999999989900971e-06
vertex 5.355557004804723e-05 0.00017883146938402206 3.999999989900971e-06
vertex 5.355557004804723e-05 0.00019116852490697056 3.999999989900971e-06
endloop
endfacet
facet normal 0.0 0.0 1.0
outer loop
vertex 5.338268238119781e-05 0.0001789238740457222 3.999999989900971e-06
vertex 5.3290284995455295e-05 0.00019104305829387158 3.999999989900971e-06
vertex 5.3290284995455295e-05 0.00017895693599712104 3.999999989900971e-06
endloop
endfacet
facet normal 0.0 -0.0 1.0
outer loop
vertex 5.2901981689501554e-05 0.00017899517843034118 3.999999989900971e-06
vertex 5.2999999752501026e-05 0.00017899999511428177 3.999999989900971e-06
vertex 5.2901981689501554e-05 0.00019100481586065143 3.999999989900971e-06
endloop
endfacet
facet normal 0.0 -0.0 0.9999999999999999
outer loop
vertex 5.2901981689501554e-05 0.00017899517843034118 3.999999989900971e-06
vertex 5.2901981689501554e-05 0.00019100481586065143 3.999999989900971e-06
vertex 5.2804909500991926e-05 0.0001910192077048123 3.999999989900971e-06
endloop
endfacet
facet normal 0.0 0.0 1.0
outer loop
vertex 5.2901981689501554e-05 0.00017899517843034118 3.999999989900971e-06
vertex 5.2804909500991926e-05 0.0001910192077048123 3.999999989900971e-06
vertex 5.2804909500991926e-05 0.00017898078658618033 3.999999989900971e-06
endloop
endfacet
facet normal 0.0 -0.0 1.0
outer loop
vertex 5.2804909500991926e-05 0.00017898078658618033 3.999999989900971e-06
vertex 5.2804909500991926e-05 0.0001910192077048123 3.999999989900971e-06
vertex 5.270971450954676e-05 0.00019104305829387158 3.999999989900971e-06
endloop
endfacet
facet normal 0.0 0.0 1.0
outer loop
vertex 5.2804909500991926e-05 0.00017898078658618033 3.999999989900971e-06
vertex 5.270971450954676e-05 0.00019104305829387158 3.999999989900971e-06
vertex 5.270971450954676e-05 0.00017895693599712104 3.999999989900971e-06
endloop
endfacet
facet normal -0.0 0.0 1.0
outer loop
vertex 5.2901981689501554e-05 0.00019100481586065143 3.999999989900971e-06
vertex 5.2999999752501026e-05 0.00017899999511428177 3.999999989900971e-06
vertex 5.2999999752501026e-05 0.00019099999917671084 3.999999989900971e-06
endloop
endfacet
facet normal 0.0 0.0 1.0
outer loop
vertex 5.30980178155005e-05 0.00019100481586065143 3.999999989900971e-06
vertex 5.2999999752501026e-05 0.00019099999917671084 3.999999989900971e-06
vertex 5.2999999752501026e-05 0.00017899999511428177 3.999999989900971e-06
endloop
endfacet
facet normal 0.0 0.0 1.0
outer loop
vertex 5.30980178155005e-05 0.00019100481586065143 3.999999989900971e-06
vertex 5.2999999752501026e-05 0.00017899999511428177 3.999999989900971e-06
vertex 5.30980178155005e-05 0.00017899517843034118 3.999999989900971e-06
endloop
endfacet
facet normal 0.0 0.0 0.9999999999999999
outer loop
vertex 5.30980178155005e-05 0.00019100481586065143 3.999999989900971e-06
vertex 5.30980178155005e-05 0.00017899517843034118 3.999999989900971e-06
vertex 5.3195090004010126e-05 0.00017898078658618033 3.999999989900971e-06
endloop
endfacet
facet normal -0.0 0.0 1.0
outer loop
vertex 5.30980178155005e-05 0.00019100481586065143 3.999999989900971e-06
vertex 5.3195090004010126e-05 0.00017898078658618033 3.999999989900971e-06
vertex 5.3195090004010126e-05 0.0001910192077048123 3.999999989900971e-06
endloop
endfacet
facet normal -0.0 0.0 1.0
outer loop
vertex 5.3195090004010126e-05 0.0001910192077048123 3.999999989900971e-06
vertex 5.3195090004010126e-05 0.00017898078658618033 3.999999989900971e-06
vertex 5.3290284995455295e-05 0.00019104305829387158 3.999999989900971e-06
endloop
endfacet
facet normal 0.0 0.0 1.0
outer loop
vertex 5.3290284995455295e-05 0.00019104305829387158 3.999999989900971e-06
vertex 5.3195090004010126e-05 0.00017898078658618033 3.999999989900971e-06
vertex 5.3290284995455295e-05 0.00017895693599712104 3.999999989900971e-06
endloop
endfacet
facet normal 0.0 0.0 1.0
outer loop
vertex 5.338268238119781e-05 0.00017707611550576985 3.999999989900971e-06
vertex 5.3290284995455295e-05 0.000177043053554371 3.999999989900971e-06
vertex 5.338268238119781e-05 0.00016492388385813683 3.999999989900971e-06
endloop
endfacet
facet normal 0.0 0.0 1.0
outer loop
vertex 5.338268238119781e-05 0.00017707611550576985 3.999999989900971e-06
vertex 5.338268238119781e-05 0.00016492388385813683 3.999999989900971e-06
vertex 5.347139813238755e-05 0.00016488191613461822 3.999999989900971e-06
endloop
endfacet
facet normal -0.0 0.0 1.0
outer loop
vertex 5.338268238119781e-05 0.00017707611550576985 3.999999989900971e-06
vertex 5.347139813238755e-05 0.00016488191613461822 3.999999989900971e-06
vertex 5.347139813238755e-05 0.00017711808322928846 3.999999989900971e-06
endloop
endfacet
facet normal 0.0 0.0 1.0
outer loop
vertex 5.3634394134860486e-05 0.00017722698976285756 3.999999989900971e-06
vertex 5.355557004804723e-05 0.0001771685347193852 3.999999989900971e-06
vertex 5.355557004804723e-05 0.00016483146464452147 3.999999989900971e-06
endloop
endfacet
facet normal 0.0 0.0 0.9999999999999999
outer loop
vertex 5.3634394134860486e-05 0.00017722698976285756 3.999999989900971e-06
vertex 5.355557004804723e-05 0.00016483146464452147 3.999999989900971e-06
vertex 5.3634394134860486e-05 0.00016477300960104913 3.999999989900971e-06
endloop
endfacet
facet normal 0.0 0.0 1.0
outer loop
vertex 5.3634394134860486e-05 0.00017722698976285756 3.999999989900971e-06
vertex 5.3634394134860486e-05 0.00016477300960104913 3.999999989900971e-06
vertex 5.370710641727783e-05 0.00016470710397697985 3.999999989900971e-06
endloop
endfacet
facet normal -0.0 0.0 1.0
outer loop
vertex 5.3634394134860486e-05 0.00017722698976285756 3.999999989900971e-06
vertex 5.370710641727783e-05 0.00016470710397697985 3.999999989900971e-06
vertex 5.370710641727783e-05 0.00017729289538692683 3.999999989900971e-06
endloop
endfacet
facet normal 0.0 0.0 1.0
outer loop
vertex 5.3923879022477195e-05 0.00017761731578502804 3.999999989900971e-06
vertex 5.3881922212895006e-05 0.00017752860730979592 3.999999989900971e-06
vertex 5.3923879022477195e-05 0.00016438268357887864 3.999999989900971e-06
endloop
endfacet
facet normal 0.0 0.0 1.0
outer loop
vertex 5.3923879022477195e-05 0.00017761731578502804 3.999999989900971e-06
vertex 5.3923879022477195e-05 0.00016438268357887864 3.999999989900971e-06
vertex 5.3956940973876044e-05 0.0001642902789171785 3.999999989900971e-06
endloop
endfacet
facet normal -0.0 0.0 0.9999999999999999
outer loop
vertex 5.3923879022477195e-05 0.00017761731578502804 3.999999989900971e-06
vertex 5.3956940973876044e-05 0.0001642902789171785 3.999999989900971e-06
vertex 5.3956940973876044e-05 0.00017770972044672817 3.999999989900971e-06
endloop
endfacet
facet normal 0.0 0.0 0.9999999999999999
outer loop
vertex 5.398078428697772e-05 0.00017780490452423692 3.999999989900971e-06
vertex 5.3956940973876044e-05 0.00017770972044672817 3.999999989900971e-06
vertex 5.398078428697772e-05 0.00016419509483966976 3.999999989900971e-06
endloop
endfacet
facet normal 0.0 0.0 1.0
outer loop
vertex 5.398078428697772e-05 0.00017780490452423692 3.999999989900971e-06
vertex 5.398078428697772e-05 0.00016419509483966976 3.999999989900971e-06
vertex 5.399518340709619e-05 0.00016409801901318133 3.999999989900971e-06
endloop
endfacet
facet normal -0.0 0.0 1.0
outer loop
vertex 5.398078428697772e-05 0.00017780490452423692 3.999999989900971e-06
vertex 5.399518340709619e-05 0.00016409801901318133 3.999999989900971e-06
vertex 5.399518340709619e-05 0.00017790198035072535 3.999999989900971e-06
endloop
endfacet
facet normal 0.0 0.0 1.0
outer loop
vertex 5.398078428697772e-05 0.00016419509483966976 3.999999989900971e-06
vertex 5.3956940973876044e-05 0.00017770972044672817 3.999999989900971e-06
vertex 5.3956940973876044e-05 0.0001642902789171785 3.999999989900971e-06
endloop
endfacet
facet normal 0.0 0.0 1.0
outer loop
vertex 5.3923879022477195e-05 0.00016438268357887864 3.999999989900971e-06
vertex 5.3881922212895006e-05 0.00017752860730979592 3.999999989900971e-06
vertex 5.3881922212895006e-05 0.00016447139205411077 3.999999989900971e-06
endloop
endfacet
facet normal -0.0 -0.0 1.0
outer loop
vertex 5.370710641727783e-05 0.00016470710397697985 3.999999989900971e-06
vertex 5.37730120413471e-05 0.0001646343880565837 3.999999989900971e-06
vertex 5.370710641727783e-05 0.00017729289538692683 3.999999989900971e-06
endloop
endfacet
facet normal -0.0 0.0 1.0
outer loop
vertex 5.370710641727783e-05 0.00017729289538692683 3.999999989900971e-06
vertex 5.37730120413471e-05 0.0001646343880565837 3.999999989900971e-06
vertex 5.37730120413471e-05 0.00017736561130732298 3.999999989900971e-06
endloop
endfacet
facet normal 0.0 0.0 1.0
outer loop
vertex 5.37730120413471e-05 0.00017736561130732298 3.999999989900971e-06
vertex 5.37730120413471e-05 0.0001646343880565837 3.999999989900971e-06
vertex 5.383147072279826e-05 0.00016455557488370687 3.999999989900971e-06
endloop
endfacet
facet normal -0.0 0.0 1.0
outer loop
vertex 5.37730120413471e-05 0.00017736561130732298 3.999999989900971e-06
vertex 5.383147072279826e-05 0.00016455557488370687 3.999999989900971e-06
vertex 5.383147072279826e-05 0.00017744442448019981 3.999999989900971e-06
endloop
endfacet
facet normal -0.0 0.0 1.0
outer loop
vertex 5.383147072279826e-05 0.00017744442448019981 3.999999989900971e-06
vertex 5.383147072279826e-05 0.00016455557488370687 3.999999989900971e-06
vertex 5.3881922212895006e-05 0.00017752860730979592 3.999999989900971e-06
endloop
endfacet
facet normal 0.0 0.0 1.0
outer loop
vertex 5.3881922212895006e-05 0.00017752860730979592 3.999999989900971e-06
vertex 5.383147072279826e-05 0.00016455557488370687 3.999999989900971e-06
vertex 5.3881922212895006e-05 0.00016447139205411077 3.999999989900971e-06
endloop
endfacet
facet normal -0.0 -0.0 1.0
outer loop
vertex 5.347139813238755e-05 0.00016488191613461822 3.999999989900971e-06
vertex 5.355557004804723e-05 0.00016483146464452147 3.999999989900971e-06
vertex 5.347139813238755e-05 0.00017711808322928846 3.999999989900971e-06
endloop
endfacet
facet normal -0.0 0.0 1.0
outer loop
vertex 5.347139813238755e-05 0.00017711808322928846 3.999999989900971e-06
vertex 5.355557004804723e-05 0.00016483146464452147 3.999999989900971e-06
vertex 5.355557004804723e-05 0.0001771685347193852 3.999999989900971e-06
endloop
endfacet
facet normal 0.0 0.0 1.0
outer loop
vertex 5.338268238119781e-05 0.00016492388385813683 3.999999989900971e-06
vertex 5.3290284995455295e-05 0.000177043053554371 3.999999989900971e-06
vertex 5.3290284995455295e-05 0.00016495694580953568 3.999999989900971e-06
endloop
endfacet
facet normal 0.0 0.0 1.0
outer loop
vertex 5.2901981689501554e-05 0.00016499518824275583 3.999999989900971e-06
vertex 5.2999999752501026e-05 0.00016500000492669642 3.999999989900971e-06
vertex 5.2999999752501026e-05 0.00017699999443721026 3.999999989900971e-06
endloop
endfacet
facet normal 0.0 -0.0 0.9999999999999999
outer loop
vertex 5.2901981689501554e-05 0.00016499518824275583 3.999999989900971e-06
vertex 5.2999999752501026e-05 0.00017699999443721026 3.999999989900971e-06
vertex 5.2901981689501554e-05 0.00017700481112115085 3.999999989900971e-06
endloop
endfacet
facet normal 0.0 -0.0 1.0
outer loop
vertex 5.2901981689501554e-05 0.00016499518824275583 3.999999989900971e-06
vertex 5.2901981689501554e-05 0.00017700481112115085 3.999999989900971e-06
vertex 5.2804909500991926e-05 0.00016498078184667975 3.999999989900971e-06
endloop
endfacet
facet normal 0.0 -0.0 1.0
outer loop
vertex 5.2804909500991926e-05 0.00016498078184667975 3.999999989900971e-06
vertex 5.2901981689501554e-05 0.00017700481112115085 3.999999989900971e-06
vertex 5.2804909500991926e-05 0.00017701921751722693 3.999999989900971e-06
endloop
endfacet
facet normal 0.0 -0.0 1.0
outer loop
vertex 5.2804909500991926e-05 0.00016498078184667975 3.999999989900971e-06
vertex 5.2804909500991926e-05 0.00017701921751722693 3.999999989900971e-06
vertex 5.270971450954676e-05 0.00016495694580953568 3.999999989900971e-06
endloop
endfacet
facet normal 0.0 -0.0 1.0
outer loop
vertex 5.270971450954676e-05 0.00016495694580953568 3.999999989900971e-06
vertex 5.2804909500991926e-05 0.00017701921751722693 3.999999989900971e-06
vertex 5.270971450954676e-05 0.000177043053554371 3.999999989900971e-06
endloop
endfacet
facet normal 0.0 0.0 0.9999999999999999
outer loop
vertex 5.30980178155005e-05 0.00017700481112115085 3.999999989900971e-06
vertex 5.2999999752501026e-05 0.00017699999443721026 3.999999989900971e-06
vertex 5.30980178155005e-05 0.00016499518824275583 3.999999989900971e-06
endloop
endfacet
facet normal -0.0 0.0 1.0
outer loop
vertex 5.30980178155005e-05 0.00017700481112115085 3.999999989900971e-06
vertex 5.30980178155005e-05 0.00016499518824275583 3.999999989900971e-06
vertex 5.3195090004010126e-05 0.00017701921751722693 3.999999989900971e-06
endloop
endfacet
facet normal 0.0 0.0 1.0
outer loop
vertex 5.3195090004010126e-05 0.00017701921751722693 3.999999989900971e-06
vertex 5.30980178155005e-05 0.00016499518824275583 3.999999989900971e-06
vertex 5.3195090004010126e-05 0.00016498078184667975 3.999999989900971e-06
endloop
endfacet
facet normal -0.0 0.0 1.0
outer loop
vertex 5.3195090004010126e-05 0.00017701921751722693 3.999999989900971e-06
vertex 5.3195090004010126e-05 0.00016498078184667975 3.999999989900971e-06
vertex 5.3290284995455295e-05 0.000177043053554371 3.999999989900971e-06
endloop
endfacet
facet normal 0.0 0.0 1.0
outer loop
vertex 5.3290284995455295e-05 0.000177043053554371 3.999999989900971e-06
vertex 5.3195090004010126e-05 0.00016498078184667975 3.999999989900971e-06
vertex 5.3290284995455295e-05 0.00016495694580953568 3.999999989900971e-06
endloop
endfacet
facet normal 0.0 0.0 1.0
outer loop
vertex 5.30980178155005e-05 0.00016499518824275583 3.999999989900971e-06
vertex 5.2999999752501026e-05 0.00017699999443721026 3.999999989900971e-06
vertex 5.2999999752501026e-05 0.00016500000492669642 3.999999989900971e-06
endloop
endfacet
facet normal 0.0 0.0 1.0
outer loop
vertex 5.338268238119781e-05 0.0001630761253181845 3.999999989900971e-06
vertex 5.3290284995455295e-05 0.00016304306336678565 3.999999989900971e-06
vertex 5.338268238119781e-05 0.00015092387911863625 3.999999989900971e-06
endloop
endfacet
facet normal 0.0 0.0 1.0
outer loop
vertex 5.338268238119781e-05 0.0001630761253181845 3.999999989900971e-06
vertex 5.338268238119781e-05 0.00015092387911863625 3.999999989900971e-06
vertex 5.347139813238755e-05 0.00015088192594703287 3.999999989900971e-06
endloop
endfacet
facet normal -0.0 0.0 1.0
outer loop
vertex 5.338268238119781e-05 0.0001630761253181845 3.999999989900971e-06
vertex 5.347139813238755e-05 0.00015088192594703287 3.999999989900971e-06
vertex 5.347139813238755e-05 0.00016311807848978788 3.999999989900971e-06
endloop
endfacet
facet normal 0.0 0.0 0.9999999999999999
outer loop
vertex 5.3634394134860486e-05 0.00016322698502335697 3.999999989900971e-06
vertex 5.355557004804723e-05 0.00016316852997988462 3.999999989900971e-06
vertex 5.3634394134860486e-05 0.00015077300486154854 3.999999989900971e-06
endloop
endfacet
facet normal 0.0 0.0 1.0
outer loop
vertex 5.3634394134860486e-05 0.00016322698502335697 3.999999989900971e-06
vertex 5.3634394134860486e-05 0.00015077300486154854 3.999999989900971e-06
vertex 5.370710641727783e-05 0.0001507071137893945 3.999999989900971e-06
endloop
endfacet
facet normal -0.0 0.0 1.0
outer loop
vertex 5.3634394134860486e-05 0.00016322698502335697 3.999999989900971e-06
vertex 5.370710641727783e-05 0.0001507071137893945 3.999999989900971e-06
vertex 5.370710641727783e-05 0.00016329289064742625 3.999999989900971e-06
endloop
endfacet
facet normal 0.0 0.0 1.0
outer loop
vertex 5.3923879022477195e-05 0.00016361731104552746 3.999999989900971e-06
vertex 5.3881922212895006e-05 0.00016352860257029533 3.999999989900971e-06
vertex 5.3881922212895006e-05 0.0001504714018665254 3.999999989900971e-06
endloop
endfacet
facet normal 0.0 0.0 1.0
outer loop
vertex 5.3923879022477195e-05 0.00016361731104552746 3.999999989900971e-06
vertex 5.3881922212895006e-05 0.0001504714018665254 3.999999989900971e-06
vertex 5.3923879022477195e-05 0.00015038267883937806 3.999999989900971e-06
endloop
endfacet
facet normal 0.0 0.0 1.0
outer loop
vertex 5.3923879022477195e-05 0.00016361731104552746 3.999999989900971e-06
vertex 5.3923879022477195e-05 0.00015038267883937806 3.999999989900971e-06
vertex 5.3956940973876044e-05 0.00015029028872959316 3.999999989900971e-06
endloop
endfacet
facet normal -0.0 0.0 1.0
outer loop
vertex 5.3923879022477195e-05 0.00016361731104552746 3.999999989900971e-06
vertex 5.3956940973876044e-05 0.00015029028872959316 3.999999989900971e-06
vertex 5.3956940973876044e-05 0.0001637097157072276 3.999999989900971e-06
endloop
endfacet
facet normal 0.0 0.0 1.0
outer loop
vertex 5.398078428697772e-05 0.00016380491433665156 3.999999989900971e-06
vertex 5.3956940973876044e-05 0.0001637097157072276 3.999999989900971e-06
vertex 5.3956940973876044e-05 0.00015029028872959316 3.999999989900971e-06
endloop
endfacet
facet normal 0.0 0.0 1.0
outer loop
vertex 5.398078428697772e-05 0.00016380491433665156 3.999999989900971e-06
vertex 5.3956940973876044e-05 0.00015029028872959316 3.999999989900971e-06
vertex 5.398078428697772e-05 0.00015019509010016918 3.999999989900971e-06
endloop
endfacet
facet normal 0.0 0.0 1.0
outer loop
vertex 5.398078428697772e-05 0.00016380491433665156 3.999999989900971e-06
vertex 5.398078428697772e-05 0.00015019509010016918 3.999999989900971e-06
vertex 5.399518340709619e-05 0.00015009801427368075 3.999999989900971e-06
endloop
endfacet
facet normal -0.0 0.0 1.0
outer loop
vertex 5.398078428697772e-05 0.00016380491433665156 3.999999989900971e-06
vertex 5.399518340709619e-05 0.00015009801427368075 3.999999989900971e-06
vertex 5.399518340709619e-05 0.00016390197561122477 3.999999989900971e-06
endloop
endfacet
facet normal -0.0 -0.0 1.0
outer loop
vertex 5.370710641727783e-05 0.0001507071137893945 3.999999989900971e-06
vertex 5.37730120413471e-05 0.00015063439786899835 3.999999989900971e-06
vertex 5.370710641727783e-05 0.00016329289064742625 3.999999989900971e-06
endloop
endfacet
facet normal -0.0 0.0 1.0
outer loop
vertex 5.370710641727783e-05 0.00016329289064742625 3.999999989900971e-06
vertex 5.37730120413471e-05 0.00015063439786899835 3.999999989900971e-06
vertex 5.37730120413471e-05 0.0001633656065678224 3.999999989900971e-06
endloop
endfacet
facet normal 0.0 0.0 1.0
outer loop
vertex 5.37730120413471e-05 0.0001633656065678224 3.999999989900971e-06
vertex 5.37730120413471e-05 0.00015063439786899835 3.999999989900971e-06
vertex 5.383147072279826e-05 0.00015055557014420629 3.999999989900971e-06
endloop
endfacet
facet normal -0.0 0.0 1.0
outer loop
vertex 5.37730120413471e-05 0.0001633656065678224 3.999999989900971e-06
vertex 5.383147072279826e-05 0.00015055557014420629 3.999999989900971e-06
vertex 5.383147072279826e-05 0.00016344443429261446 3.999999989900971e-06
endloop
endfacet
facet normal -0.0 0.0 1.0
outer loop
vertex 5.383147072279826e-05 0.00016344443429261446 3.999999989900971e-06
vertex 5.383147072279826e-05 0.00015055557014420629 3.999999989900971e-06
vertex 5.3881922212895006e-05 0.00016352860257029533 3.999999989900971e-06
endloop
endfacet
facet normal 0.0 0.0 0.9999999999999999
outer loop
vertex 5.3881922212895006e-05 0.00016352860257029533 3.999999989900971e-06
vertex 5.383147072279826e-05 0.00015055557014420629 3.999999989900971e-06
vertex 5.3881922212895006e-05 0.0001504714018665254 3.999999989900971e-06
endloop
endfacet
facet normal 0.0 0.0 1.0
outer loop
vertex 5.3634394134860486e-05 0.00015077300486154854 3.999999989900971e-06
vertex 5.355557004804723e-05 0.00016316852997988462 3.999999989900971e-06
vertex 5.355557004804723e-05 0.00015083147445693612 3.999999989900971e-06
endloop
endfacet
facet normal -0.0 -0.0 1.0
outer loop
vertex 5.347139813238755e-05 0.00015088192594703287 3.999999989900971e-06
vertex 5.355557004804723e-05 0.00015083147445693612 3.999999989900971e-06
vertex 5.347139813238755e-05 0.00016311807848978788 3.999999989900971e-06
endloop
endfacet
facet normal -0.0 0.0 1.0
outer loop
vertex 5.347139813238755e-05 0.00016311807848978788 3.999999989900971e-06
vertex 5.355557004804723e-05 0.00015083147445693612 3.999999989900971e-06
vertex 5.355557004804723e-05 0.00016316852997988462 3.999999989900971e-06
endloop
endfacet
facet normal 0.0 0.0 1.0
outer loop
vertex 5.338268238119781e-05 0.00015092387911863625 3.999999989900971e-06
vertex 5.3290284995455295e-05 0.00016304306336678565 3.999999989900971e-06
vertex 5.3290284995455295e-05 0.0001509569410700351 3.999999989900971e-06
endloop
endfacet
facet normal 0.0 -0.0 1.0
outer loop
vertex 5.2901981689501554e-05 0.00015099518350325525 3.999999989900971e-06
vertex 5.2999999752501026e-05 0.00015100000018719584 3.999999989900971e-06
vertex 5.2901981689501554e-05 0.0001630048209335655 3.999999989900971e-06
endloop
endfacet
facet normal 0.0 -0.0 0.9999999999999999
outer loop
vertex 5.2901981689501554e-05 0.00015099518350325525 3.999999989900971e-06
vertex 5.2901981689501554e-05 0.0001630048209335655 3.999999989900971e-06
vertex 5.2804909500991926e-05 0.00016301921277772635 3.999999989900971e-06
endloop
endfacet
facet normal 0.0 0.0 1.0
outer loop
vertex 5.2901981689501554e-05 0.00015099518350325525 3.999999989900971e-06
vertex 5.2804909500991926e-05 0.00016301921277772635 3.999999989900971e-06
vertex 5.2804909500991926e-05 0.0001509807916590944 3.999999989900971e-06
endloop
endfacet
facet normal 0.0 -0.0 1.0
outer loop
vertex 5.2804909500991926e-05 0.0001509807916590944 3.999999989900971e-06
vertex 5.2804909500991926e-05 0.00016301921277772635 3.999999989900971e-06
vertex 5.270971450954676e-05 0.0001509569410700351 3.999999989900971e-06
endloop
endfacet
facet normal -0.0 0.0 1.0
outer loop
vertex 5.2901981689501554e-05 0.0001630048209335655 3.999999989900971e-06
vertex 5.2999999752501026e-05 0.00015100000018719584 3.999999989900971e-06
vertex 5.2999999752501026e-05 0.0001630000042496249 3.999999989900971e-06
endloop
endfacet
facet normal 0.0 0.0 1.0
outer loop
vertex 5.30980178155005e-05 0.0001630048209335655 3.999999989900971e-06
vertex 5.2999999752501026e-05 0.0001630000042496249 3.999999989900971e-06
vertex 5.2999999752501026e-05 0.00015100000018719584 3.999999989900971e-06
endloop
endfacet
facet normal 0.0 0.0 1.0
outer loop
vertex 5.30980178155005e-05 0.0001630048209335655 3.999999989900971e-06
vertex 5.2999999752501026e-05 0.00015100000018719584 3.999999989900971e-06
vertex 5.30980178155005e-05 0.00015099518350325525 3.999999989900971e-06
endloop
endfacet
facet normal 0.0 0.0 0.9999999999999999
outer loop
vertex 5.30980178155005e-05 0.0001630048209335655 3.999999989900971e-06
vertex 5.30980178155005e-05 0.00015099518350325525 3.999999989900971e-06
vertex 5.3195090004010126e-05 0.0001509807916590944 3.999999989900971e-06
endloop
endfacet
facet normal -0.0 0.0 1.0
outer loop
vertex 5.30980178155005e-05 0.0001630048209335655 3.999999989900971e-06
vertex 5.3195090004010126e-05 0.0001509807916590944 3.999999989900971e-06
vertex 5.3195090004010126e-05 0.00016301921277772635 3.999999989900971e-06
endloop
endfacet
facet normal -0.0 0.0 1.0
outer loop
vertex 5.3195090004010126e-05 0.00016301921277772635 3.999999989900971e-06
vertex 5.3195090004010126e-05 0.0001509807916590944 3.999999989900971e-06
vertex 5.3290284995455295e-05 0.00016304306336678565 3.999999989900971e-06
endloop
endfacet
facet normal 0.0 0.0 1.0
outer loop
vertex 5.3290284995455295e-05 0.00016304306336678565 3.999999989900971e-06
vertex 5.3195090004010126e-05 0.0001509807916590944 3.999999989900971e-06
vertex 5.3290284995455295e-05 0.0001509569410700351 3.999999989900971e-06
endloop
endfacet
facet normal 0.0 0.0 0.9999999999999999
outer loop
vertex 5.252860501059331e-05 0.00016311807848978788 3.999999989900971e-06
vertex 5.244442945695482e-05 0.00016316852997988462 3.999999989900971e-06
vertex 5.252860501059331e-05 0.00015088192594703287 3.999999989900971e-06
endloop
endfacet
facet normal 0.0 0.0 1.0
outer loop
vertex 5.252860501059331e-05 0.00015088192594703287 3.999999989900971e-06
vertex 5.244442945695482e-05 0.00016316852997988462 3.999999989900971e-06
vertex 5.244442945695482e-05 0.00015083147445693612 3.999999989900971e-06
endloop
endfacet
facet normal 0.0 -0.0 1.0
outer loop
vertex 5.244442945695482e-05 0.00015083147445693612 3.999999989900971e-06
vertex 5.244442945695482e-05 0.00016316852997988462 3.999999989900971e-06
vertex 5.2365605370141566e-05 0.00016322698502335697 3.999999989900971e-06
endloop
endfacet
facet normal 0.0 0.0 1.0
outer loop
vertex 5.2292893087724224e-05 0.00016329289064742625 3.999999989900971e-06
vertex 5.222699110163376e-05 0.0001633656065678224 3.999999989900971e-06
vertex 5.2292893087724224e-05 0.0001507071137893945 3.999999989900971e-06
endloop
endfacet
facet normal 0.0 0.0 1.0
outer loop
vertex 5.2292893087724224e-05 0.0001507071137893945 3.999999989900971e-06
vertex 5.222699110163376e-05 0.0001633656065678224 3.999999989900971e-06
vertex 5.222699110163376e-05 0.00015063439786899835 3.999999989900971e-06
endloop
endfacet
facet normal 0.0 -0.0 1.0
outer loop
vertex 5.222699110163376e-05 0.00015063439786899835 3.999999989900971e-06
vertex 5.222699110163376e-05 0.0001633656065678224 3.999999989900971e-06
vertex 5.2168528782203794e-05 0.00016344443429261446 3.999999989900971e-06
endloop
endfacet
facet normal 0.0 0.0 1.0
outer loop
vertex 5.222699110163376e-05 0.00015063439786899835 3.999999989900971e-06
vertex 5.2168528782203794e-05 0.00016344443429261446 3.999999989900971e-06
vertex 5.2168528782203794e-05 0.00015055557014420629 3.999999989900971e-06
endloop
endfacet
facet normal 0.0 -0.0 1.0
outer loop
vertex 5.2168528782203794e-05 0.00015055557014420629 3.999999989900971e-06
vertex 5.2168528782203794e-05 0.00016344443429261446 3.999999989900971e-06
vertex 5.2118077292107046e-05 0.00016352860257029533 3.999999989900971e-06
endloop
endfacet
facet normal 0.0 0.0 0.9999999999999999
outer loop
vertex 5.2168528782203794e-05 0.00015055557014420629 3.999999989900971e-06
vertex 5.2118077292107046e-05 0.00016352860257029533 3.999999989900971e-06
vertex 5.2118077292107046e-05 0.0001504714018665254 3.999999989900971e-06
endloop
endfacet
facet normal 0.0 0.0 1.0
outer loop
vertex 5.338268238119781e-05 0.0001490761205786839 3.999999989900971e-06
vertex 5.3290284995455295e-05 0.00014904305862728506 3.999999989900971e-06
vertex 5.338268238119781e-05 0.00013692387437913567 3.999999989900971e-06
endloop
endfacet
facet normal 0.0 0.0 1.0
outer loop
vertex 5.338268238119781e-05 0.0001490761205786839 3.999999989900971e-06
vertex 5.338268238119781e-05 0.00013692387437913567 3.999999989900971e-06
vertex 5.347139813238755e-05 0.0001368819212075323 3.999999989900971e-06
endloop
endfacet
facet normal -0.0 0.0 1.0
outer loop
vertex 5.338268238119781e-05 0.0001490761205786839 3.999999989900971e-06
vertex 5.347139813238755e-05 0.0001368819212075323 3.999999989900971e-06
vertex 5.347139813238755e-05 0.0001491180737502873 3.999999989900971e-06
endloop
endfacet
facet normal 0.0 0.0 1.0
outer loop
vertex 5.3634394134860486e-05 0.00014922699483577162 3.999999989900971e-06
vertex 5.355557004804723e-05 0.00014916852524038404 3.999999989900971e-06
vertex 5.355557004804723e-05 0.00013683146971743554 3.999999989900971e-06
endloop
endfacet
facet normal 0.0 0.0 0.9999999999999999
outer loop
vertex 5.3634394134860486e-05 0.00014922699483577162 3.999999989900971e-06
vertex 5.355557004804723e-05 0.00013683146971743554 3.999999989900971e-06
vertex 5.3634394134860486e-05 0.0001367730146739632 3.999999989900971e-06
endloop
endfacet
facet normal 0.0 0.0 1.0
outer loop
vertex 5.3634394134860486e-05 0.00014922699483577162 3.999999989900971e-06
vertex 5.3634394134860486e-05 0.0001367730146739632 3.999999989900971e-06
vertex 5.370710641727783e-05 0.00013670710904989392 3.999999989900971e-06
endloop
endfacet
facet normal -0.0 0.0 1.0
outer loop
vertex 5.3634394134860486e-05 0.00014922699483577162 3.999999989900971e-06
vertex 5.370710641727783e-05 0.00013670710904989392 3.999999989900971e-06
vertex 5.370710641727783e-05 0.0001492929004598409 3.999999989900971e-06
endloop
endfacet
facet normal 0.0 0.0 1.0
outer loop
vertex 5.3923879022477195e-05 0.0001496173208579421 3.999999989900971e-06
vertex 5.3881922212895006e-05 0.00014952859783079475 3.999999989900971e-06
vertex 5.3923879022477195e-05 0.0001363826886517927 3.999999989900971e-06
endloop
endfacet
facet normal 0.0 0.0 1.0
outer loop
vertex 5.3923879022477195e-05 0.0001496173208579421 3.999999989900971e-06
vertex 5.3923879022477195e-05 0.0001363826886517927 3.999999989900971e-06
vertex 5.3956940973876044e-05 0.00013629028399009258 3.999999989900971e-06
endloop
endfacet
facet normal -0.0 0.0 1.0
outer loop
vertex 5.3923879022477195e-05 0.0001496173208579421 3.999999989900971e-06
vertex 5.3956940973876044e-05 0.00013629028399009258 3.999999989900971e-06
vertex 5.3956940973876044e-05 0.000149709710967727 3.999999989900971e-06
endloop
endfacet
facet normal 0.0 0.0 1.0
outer loop
vertex 5.398078428697772e-05 0.00014980490959715098 3.999999989900971e-06
vertex 5.3956940973876044e-05 0.000149709710967727 3.999999989900971e-06
vertex 5.398078428697772e-05 0.0001361950853606686 3.999999989900971e-06
endloop
endfacet
facet normal 0.0 0.0 1.0
outer loop
vertex 5.398078428697772e-05 0.00014980490959715098 3.999999989900971e-06
vertex 5.398078428697772e-05 0.0001361950853606686 3.999999989900971e-06
vertex 5.399518340709619e-05 0.0001360980240860954 3.999999989900971e-06
endloop
endfacet
facet normal -0.0 0.0 1.0
outer loop
vertex 5.398078428697772e-05 0.00014980490959715098 3.999999989900971e-06
vertex 5.399518340709619e-05 0.0001360980240860954 3.999999989900971e-06
vertex 5.399518340709619e-05 0.00014990198542363942 3.999999989900971e-06
endloop
endfacet
facet normal 0.0 0.0 1.0
outer loop
vertex 5.398078428697772e-05 0.0001361950853606686 3.999999989900971e-06
vertex 5.3956940973876044e-05 0.000149709710967727 3.999999989900971e-06
vertex 5.3956940973876044e-05 0.00013629028399009258 3.999999989900971e-06
endloop
endfacet
facet normal 0.0 0.0 1.0
outer loop
vertex 5.3923879022477195e-05 0.0001363826886517927 3.999999989900971e-06
vertex 5.3881922212895006e-05 0.00014952859783079475 3.999999989900971e-06
vertex 5.3881922212895006e-05 0.00013647139712702483 3.999999989900971e-06
endloop
endfacet
facet normal -0.0 -0.0 1.0
outer loop
vertex 5.370710641727783e-05 0.00013670710904989392 3.999999989900971e-06
vertex 5.37730120413471e-05 0.00013663439312949777 3.999999989900971e-06
vertex 5.370710641727783e-05 0.0001492929004598409 3.999999989900971e-06
endloop
endfacet
facet normal -0.0 0.0 1.0
outer loop
vertex 5.370710641727783e-05 0.0001492929004598409 3.999999989900971e-06
vertex 5.37730120413471e-05 0.00013663439312949777 3.999999989900971e-06
vertex 5.37730120413471e-05 0.00014936560182832181 3.999999989900971e-06
endloop
endfacet
facet normal 0.0 0.0 1.0
outer loop
vertex 5.37730120413471e-05 0.00014936560182832181 3.999999989900971e-06
vertex 5.37730120413471e-05 0.00013663439312949777 3.999999989900971e-06
vertex 5.383147072279826e-05 0.0001365555654047057 3.999999989900971e-06
endloop
endfacet
facet normal -0.0 0.0 1.0
outer loop
vertex 5.37730120413471e-05 0.00014936560182832181 3.999999989900971e-06
vertex 5.383147072279826e-05 0.0001365555654047057 3.999999989900971e-06
vertex 5.383147072279826e-05 0.00014944442955311388 3.999999989900971e-06
endloop
endfacet
facet normal -0.0 0.0 1.0
outer loop
vertex 5.383147072279826e-05 0.00014944442955311388 3.999999989900971e-06
vertex 5.383147072279826e-05 0.0001365555654047057 3.999999989900971e-06
vertex 5.3881922212895006e-05 0.00014952859783079475 3.999999989900971e-06
endloop
endfacet
facet normal 0.0 0.0 0.9999999999999999
outer loop
vertex 5.3881922212895006e-05 0.00014952859783079475 3.999999989900971e-06
vertex 5.383147072279826e-05 0.0001365555654047057 3.999999989900971e-06
vertex 5.3881922212895006e-05 0.00013647139712702483 3.999999989900971e-06
endloop
endfacet
facet normal -0.0 -0.0 1.0
outer loop
vertex 5.347139813238755e-05 0.0001368819212075323 3.999999989900971e-06
vertex 5.355557004804723e-05 0.00013683146971743554 3.999999989900971e-06
vertex 5.347139813238755e-05 0.0001491180737502873 3.999999989900971e-06
endloop
endfacet
facet normal -0.0 0.0 1.0
outer loop
vertex 5.347139813238755e-05 0.0001491180737502873 3.999999989900971e-06
vertex 5.355557004804723e-05 0.00013683146971743554 3.999999989900971e-06
vertex 5.355557004804723e-05 0.00014916852524038404 3.999999989900971e-06
endloop
endfacet
facet normal 0.0 0.0 1.0
outer loop
vertex 5.338268238119781e-05 0.00013692387437913567 3.999999989900971e-06
vertex 5.3290284995455295e-05 0.00014904305862728506 3.999999989900971e-06
vertex 5.3290284995455295e-05 0.00013695693633053452 3.999999989900971e-06
endloop
endfacet
facet normal 0.0 0.0 1.0
outer loop
vertex 5.338268238119781e-05 0.00013507611583918333 3.999999989900971e-06
vertex 5.3290284995455295e-05 0.00013504305388778448 3.999999989900971e-06
vertex 5.338268238119781e-05 0.00012292388419155031 3.999999989900971e-06
endloop
endfacet
facet normal -0.0 0.0 1.0
outer loop
vertex 5.338268238119781e-05 0.00013507611583918333 3.999999989900971e-06
vertex 5.338268238119781e-05 0.00012292388419155031 3.999999989900971e-06
vertex 5.347139813238755e-05 0.00013511808356270194 3.999999989900971e-06
endloop
endfacet
facet normal 0.0 0.0 1.0
outer loop
vertex 5.3634394134860486e-05 0.00013522699009627104 3.999999989900971e-06
vertex 5.355557004804723e-05 0.0001351685350527987 3.999999989900971e-06
vertex 5.355557004804723e-05 0.00012283146497793496 3.999999989900971e-06
endloop
endfacet
facet normal 0.0 0.0 0.9999999999999999
outer loop
vertex 5.3634394134860486e-05 0.00013522699009627104 3.999999989900971e-06
vertex 5.355557004804723e-05 0.00012283146497793496 3.999999989900971e-06
vertex 5.3634394134860486e-05 0.0001227730099344626 3.999999989900971e-06
endloop
endfacet
facet normal -0.0 0.0 1.0
outer loop
vertex 5.3634394134860486e-05 0.00013522699009627104 3.999999989900971e-06
vertex 5.3634394134860486e-05 0.0001227730099344626 3.999999989900971e-06
vertex 5.370710641727783e-05 0.0001352928957203403 3.999999989900971e-06
endloop
endfacet
facet normal 0.0 0.0 1.0
outer loop
vertex 5.3923879022477195e-05 0.00013561731611844152 3.999999989900971e-06
vertex 5.3881922212895006e-05 0.0001355286076432094 3.999999989900971e-06
vertex 5.3923879022477195e-05 0.00012238268391229212 3.999999989900971e-06
endloop
endfacet
facet normal -0.0 0.0 1.0
outer loop
vertex 5.3923879022477195e-05 0.00013561731611844152 3.999999989900971e-06
vertex 5.3923879022477195e-05 0.00012238268391229212 3.999999989900971e-06
vertex 5.3956940973876044e-05 0.00013570972078014165 3.999999989900971e-06
endloop
endfacet
facet normal 0.0 0.0 0.9999999999999999
outer loop
vertex 5.398078428697772e-05 0.0001358049048576504 3.999999989900971e-06
vertex 5.3956940973876044e-05 0.00013570972078014165 3.999999989900971e-06
vertex 5.398078428697772e-05 0.00012219509517308325 3.999999989900971e-06
endloop
endfacet
facet normal -0.0 0.0 1.0
outer loop
vertex 5.398078428697772e-05 0.0001358049048576504 3.999999989900971e-06
vertex 5.398078428697772e-05 0.00012219509517308325 3.999999989900971e-06
vertex 5.399518340709619e-05 0.00013590198068413883 3.999999989900971e-06
endloop
endfacet
facet normal 0.0 0.0 1.0
outer loop
vertex 5.399518340709619e-05 0.00013590198068413883 3.999999989900971e-06
vertex 5.398078428697772e-05 0.00012219509517308325 3.999999989900971e-06
vertex 5.399518340709619e-05 0.0001220980193465948 3.999999989900971e-06
endloop
endfacet
facet normal -0.0 -0.0 1.0
outer loop
vertex 5.3956940973876044e-05 0.000122290279250592 3.999999989900971e-06
vertex 5.398078428697772e-05 0.00012219509517308325 3.999999989900971e-06
vertex 5.3956940973876044e-05 0.00013570972078014165 3.999999989900971e-06
endloop
endfacet
facet normal 0.0 -0.0 0.9999999999999999
outer loop
vertex 5.3956940973876044e-05 0.000122290279250592 3.999999989900971e-06
vertex 5.3956940973876044e-05 0.00013570972078014165 3.999999989900971e-06
vertex 5.3923879022477195e-05 0.00012238268391229212 3.999999989900971e-06
endloop
endfacet
facet normal -0.0 -0.0 1.0
outer loop
vertex 5.347139813238755e-05 0.0001228819164680317 3.999999989900971e-06
vertex 5.355557004804723e-05 0.00012283146497793496 3.999999989900971e-06
vertex 5.347139813238755e-05 0.00013511808356270194 3.999999989900971e-06
endloop
endfacet
facet normal 0.0 -0.0 1.0
outer loop
vertex 5.347139813238755e-05 0.0001228819164680317 3.999999989900971e-06
vertex 5.347139813238755e-05 0.00013511808356270194 3.999999989900971e-06
vertex 5.338268238119781e-05 0.00012292388419155031 3.999999989900971e-06
endloop
endfacet
facet normal 0.0 0.0 1.0
outer loop
vertex 5.383147072279826e-05 0.00012144442735007033 3.999999989900971e-06
vertex 5.37730120413471e-05 0.00012136560690123588 3.999999989900971e-06
vertex 5.37730120413471e-05 0.00010863439092645422 3.999999989900971e-06
endloop
endfacet
facet normal 0.0 0.0 1.0
outer loop
vertex 5.383147072279826e-05 0.00012144442735007033 3.999999989900971e-06
vertex 5.37730120413471e-05 0.00010863439092645422 3.999999989900971e-06
vertex 5.383147072279826e-05 0.00010855557047761977 3.999999989900971e-06
endloop
endfacet
facet normal -0.0 0.0 1.0
outer loop
vertex 5.383147072279826e-05 0.00012144442735007033 3.999999989900971e-06
vertex 5.383147072279826e-05 0.00010855557047761977 3.999999989900971e-06
vertex 5.3881922212895006e-05 0.00012152860290370882 3.999999989900971e-06
endloop
endfacet
facet normal 0.0 0.0 1.0
outer loop
vertex 5.3923879022477195e-05 0.00012161731865489855 3.999999989900971e-06
vertex 5.3881922212895006e-05 0.00012152860290370882 3.999999989900971e-06
vertex 5.3923879022477195e-05 0.00010838268644874915 3.999999989900971e-06
endloop
endfacet
facet normal 0.0 0.0 1.0
outer loop
vertex 5.3923879022477195e-05 0.00012161731865489855 3.999999989900971e-06
vertex 5.3923879022477195e-05 0.00010838268644874915 3.999999989900971e-06
vertex 5.3956940973876044e-05 0.00010829028178704903 3.999999989900971e-06
endloop
endfacet
facet normal -0.0 0.0 1.0
outer loop
vertex 5.3923879022477195e-05 0.00012161731865489855 3.999999989900971e-06
vertex 5.3956940973876044e-05 0.00010829028178704903 3.999999989900971e-06
vertex 5.3956940973876044e-05 0.00012170971604064107 3.999999989900971e-06
endloop
endfacet
facet normal 0.0 0.0 1.0
outer loop
vertex 5.3923879022477195e-05 0.00010838268644874915 3.999999989900971e-06
vertex 5.3881922212895006e-05 0.00012152860290370882 3.999999989900971e-06
vertex 5.3881922212895006e-05 0.00010847139492398128 3.999999989900971e-06
endloop
endfacet
facet normal -0.0 0.0 1.0
outer loop
vertex 5.383147072279826e-05 0.00010855557047761977 3.999999989900971e-06
vertex 5.3881922212895006e-05 0.00010847139492398128 3.999999989900971e-06
vertex 5.3881922212895006e-05 0.00012152860290370882 3.999999989900971e-06
endloop
endfacet
facet normal -0.0 -0.0 1.0
outer loop
vertex 5.30980178155005e-05 0.00010899518383666873 3.999999989900971e-06
vertex 5.3195090004010126e-05 0.00010898078471655026 3.999999989900971e-06
vertex 5.30980178155005e-05 0.00012100481399102136 3.999999989900971e-06
endloop
endfacet
facet normal 0.0 -0.0 1.0
outer loop
vertex 5.30980178155005e-05 0.00010899518383666873 3.999999989900971e-06
vertex 5.30980178155005e-05 0.00012100481399102136 3.999999989900971e-06
vertex 5.2999999752501026e-05 0.00012099999730708078 3.999999989900971e-06
endloop
endfacet
facet normal 0.0 0.0 1.0
outer loop
vertex 5.30980178155005e-05 0.00010899518383666873 3.999999989900971e-06
vertex 5.2999999752501026e-05 0.00012099999730708078 3.999999989900971e-06
vertex 5.2999999752501026e-05 0.00010900000052060932 3.999999989900971e-06
endloop
endfacet
facet normal 0.0 -0.0 1.0
outer loop
vertex 5.2901981689501554e-05 0.00010899518383666873 3.999999989900971e-06
vertex 5.2999999752501026e-05 0.00010900000052060932 3.999999989900971e-06
vertex 5.2901981689501554e-05 0.00012100481399102136 3.999999989900971e-06
endloop
endfacet
facet normal 0.0 -0.0 1.0
outer loop
vertex 5.2901981689501554e-05 0.00010899518383666873 3.999999989900971e-06
vertex 5.2901981689501554e-05 0.00012100481399102136 3.999999989900971e-06
vertex 5.2804909500991926e-05 0.00012101921311113983 3.999999989900971e-06
endloop
endfacet
facet normal 0.0 0.0 1.0
outer loop
vertex 5.2901981689501554e-05 0.00010899518383666873 3.999999989900971e-06
vertex 5.2804909500991926e-05 0.00012101921311113983 3.999999989900971e-06
vertex 5.2804909500991926e-05 0.00010898078471655026 3.999999989900971e-06
endloop
endfacet
facet normal 0.0 -0.0 0.9999999999999999
outer loop
vertex 5.2365605370141566e-05 0.00010877301247091964 3.999999989900971e-06
vertex 5.244442945695482e-05 0.00010883146751439199 3.999999989900971e-06
vertex 5.2365605370141566e-05 0.00012122699263272807 3.999999989900971e-06
endloop
endfacet
facet normal 0.0 -0.0 1.0
outer loop
vertex 5.2365605370141566e-05 0.00010877301247091964 3.999999989900971e-06
vertex 5.2365605370141566e-05 0.00012122699263272807 3.999999989900971e-06
vertex 5.2292893087724224e-05 0.00010870710684685037 3.999999989900971e-06
endloop
endfacet
facet normal 0.0 0.0 0.9999999999999999
outer loop
vertex 5.2168528782203794e-05 0.00010855557047761977 3.999999989900971e-06
vertex 5.222699110163376e-05 0.00010863439092645422 3.999999989900971e-06
vertex 5.222699110163376e-05 0.00012136560690123588 3.999999989900971e-06
endloop
endfacet
facet normal 0.0 -0.0 1.0
outer loop
vertex 5.2168528782203794e-05 0.00010855557047761977 3.999999989900971e-06
vertex 5.222699110163376e-05 0.00012136560690123588 3.999999989900971e-06
vertex 5.2168528782203794e-05 0.00012144442735007033 3.999999989900971e-06
endloop
endfacet
facet normal 0.0 -0.0 1.0
outer loop
vertex 5.2168528782203794e-05 0.00010855557047761977 3.999999989900971e-06
vertex 5.2168528782203794e-05 0.00012144442735007033 3.999999989900971e-06
vertex 5.2118077292107046e-05 0.00012152860290370882 3.999999989900971e-06
endloop
endfacet
facet normal 0.0 0.0 1.0
outer loop
vertex 5.2168528782203794e-05 0.00010855557047761977 3.999999989900971e-06
vertex 5.2118077292107046e-05 0.00012152860290370882 3.999999989900971e-06
vertex 5.2118077292107046e-05 0.00010847139492398128 3.999999989900971e-06
endloop
endfacet
facet normal 0.0 -0.0 1.0
outer loop
vertex 5.207612048252486e-05 0.00010838268644874915 3.999999989900971e-06
vertex 5.2118077292107046e-05 0.00010847139492398128 3.999999989900971e-06
vertex 5.207612048252486e-05 0.00012161731865489855 3.999999989900971e-06
endloop
endfacet
facet normal 0.0 -0.0 1.0
outer loop
vertex 5.207612048252486e-05 0.00010838268644874915 3.999999989900971e-06
vertex 5.207612048252486e-05 0.00012161731865489855 3.999999989900971e-06
vertex 5.204305853112601e-05 0.00012170971604064107 3.999999989900971e-06
endloop
endfacet
facet normal 0.0 0.0 1.0
outer loop
vertex 5.207612048252486e-05 0.00010838268644874915 3.999999989900971e-06
vertex 5.204305853112601e-05 0.00012170971604064107 3.999999989900971e-06
vertex 5.204305853112601e-05 0.00010829028178704903 3.999999989900971e-06
endloop
endfacet
facet normal -0.0 0.0 1.0
outer loop
vertex 5.207612048252486e-05 0.00012161731865489855 3.999999989900971e-06
vertex 5.2118077292107046e-05 0.00010847139492398128 3.999999989900971e-06
vertex 5.2118077292107046e-05 0.00012152860290370882 3.999999989900971e-06
endloop
endfacet
facet normal 0.0 0.0 1.0
outer loop
vertex 5.2999999752501026e-05 0.00012099999730708078 3.999999989900971e-06
vertex 5.2901981689501554e-05 0.00012100481399102136 3.999999989900971e-06
vertex 5.2999999752501026e-05 0.00010900000052060932 3.999999989900971e-06
endloop
endfacet
facet normal 0.0 0.0 1.0
outer loop
vertex 5.2804909500991926e-05 0.00012101921311113983 3.999999989900971e-06
vertex 5.270971450954676e-05 0.00012104305642424151 3.999999989900971e-06
vertex 5.270971450954676e-05 0.00010895694140344858 3.999999989900971e-06
endloop
endfacet
facet normal -0.0 0.0 1.0
outer loop
vertex 5.2804909500991926e-05 0.00012101921311113983 3.999999989900971e-06
vertex 5.270971450954676e-05 0.00010895694140344858 3.999999989900971e-06
vertex 5.2804909500991926e-05 0.00010898078471655026 3.999999989900971e-06
endloop
endfacet
facet normal 0.0 -0.0 1.0
outer loop
vertex 5.244442945695482e-05 0.00010883146751439199 3.999999989900971e-06
vertex 5.252860501059331e-05 0.00010888191900448874 3.999999989900971e-06
vertex 5.244442945695482e-05 0.0001211685303132981 3.999999989900971e-06
endloop
endfacet
facet normal 0.0 -0.0 1.0
outer loop
vertex 5.244442945695482e-05 0.00010883146751439199 3.999999989900971e-06
vertex 5.244442945695482e-05 0.0001211685303132981 3.999999989900971e-06
vertex 5.2365605370141566e-05 0.00012122699263272807 3.999999989900971e-06
endloop
endfacet
facet normal -0.0 0.0 1.0
outer loop
vertex 5.244442945695482e-05 0.0001211685303132981 3.999999989900971e-06
vertex 5.252860501059331e-05 0.00010888191900448874 3.999999989900971e-06
vertex 5.252860501059331e-05 0.00012111807882320136 3.999999989900971e-06
endloop
endfacet
facet normal 0.0 0.0 1.0
outer loop
vertex 5.270971450954676e-05 0.00012104305642424151 3.999999989900971e-06
vertex 5.261731712380424e-05 0.00012107611837564036 3.999999989900971e-06
vertex 5.270971450954676e-05 0.00010895694140344858 3.999999989900971e-06
endloop
endfacet
facet normal 0.0 0.0 1.0
outer loop
vertex 5.270971450954676e-05 0.00010895694140344858 3.999999989900971e-06
vertex 5.261731712380424e-05 0.00012107611837564036 3.999999989900971e-06
vertex 5.261731712380424e-05 0.00010892387945204973 3.999999989900971e-06
endloop
endfacet
facet normal 0.0 -0.0 1.0
outer loop
vertex 5.252860501059331e-05 0.00010888191900448874 3.999999989900971e-06
vertex 5.261731712380424e-05 0.00010892387945204973 3.999999989900971e-06
vertex 5.252860501059331e-05 0.00012111807882320136 3.999999989900971e-06
endloop
endfacet
facet normal -0.0 0.0 1.0
outer loop
vertex 5.252860501059331e-05 0.00012111807882320136 3.999999989900971e-06
vertex 5.261731712380424e-05 0.00010892387945204973 3.999999989900971e-06
vertex 5.261731712380424e-05 0.00012107611837564036 3.999999989900971e-06
endloop
endfacet
facet normal 0.0 0.0 1.0
outer loop
vertex 5.2365605370141566e-05 0.00012122699263272807 3.999999989900971e-06
vertex 5.2292893087724224e-05 0.00012129289098083973 3.999999989900971e-06
vertex 5.2292893087724224e-05 0.00010870710684685037 3.999999989900971e-06
endloop
endfacet
facet normal 0.0 -0.0 1.0
outer loop
vertex 5.2292893087724224e-05 0.00010870710684685037 3.999999989900971e-06
vertex 5.2292893087724224e-05 0.00012129289098083973 3.999999989900971e-06
vertex 5.222699110163376e-05 0.00010863439092645422 3.999999989900971e-06
endloop
endfacet
facet normal 0.0 -0.0 1.0
outer loop
vertex 5.222699110163376e-05 0.00010863439092645422 3.999999989900971e-06
vertex 5.2292893087724224e-05 0.00012129289098083973 3.999999989900971e-06
vertex 5.222699110163376e-05 0.00012136560690123588 3.999999989900971e-06
endloop
endfacet
facet normal -0.0 0.0 1.0
outer loop
vertex 5.30980178155005e-05 0.00012100481399102136 3.999999989900971e-06
vertex 5.3195090004010126e-05 0.00010898078471655026 3.999999989900971e-06
vertex 5.3195090004010126e-05 0.00012101921311113983 3.999999989900971e-06
endloop
endfacet
facet normal 0.0 0.0 0.9999999999999999
outer loop
vertex 5.3634394134860486e-05 0.00012122699263272807 3.999999989900971e-06
vertex 5.355557004804723e-05 0.0001211685303132981 3.999999989900971e-06
vertex 5.3634394134860486e-05 0.00010877301247091964 3.999999989900971e-06
endloop
endfacet
facet normal 0.0 0.0 1.0
outer loop
vertex 5.3634394134860486e-05 0.00012122699263272807 3.999999989900971e-06
vertex 5.3634394134860486e-05 0.00010877301247091964 3.999999989900971e-06
vertex 5.370710641727783e-05 0.00010870710684685037 3.999999989900971e-06
endloop
endfacet
facet normal -0.0 0.0 1.0
outer loop
vertex 5.3634394134860486e-05 0.00012122699263272807 3.999999989900971e-06
vertex 5.370710641727783e-05 0.00010870710684685037 3.999999989900971e-06
vertex 5.370710641727783e-05 0.00012129289098083973 3.999999989900971e-06
endloop
endfacet
facet normal 0.0 0.0 1.0
outer loop
vertex 5.37730120413471e-05 0.00012136560690123588 3.999999989900971e-06
vertex 5.370710641727783e-05 0.00012129289098083973 3.999999989900971e-06
vertex 5.37730120413471e-05 0.00010863439092645422 3.999999989900971e-06
endloop
endfacet
facet normal 0.0 0.0 1.0
outer loop
vertex 5.37730120413471e-05 0.00010863439092645422 3.999999989900971e-06
vertex 5.370710641727783e-05 0.00012129289098083973 3.999999989900971e-06
vertex 5.370710641727783e-05 0.00010870710684685037 3.999999989900971e-06
endloop
endfacet
facet normal 0.0 0.0 1.0
outer loop
vertex 5.3634394134860486e-05 0.00010877301247091964 3.999999989900971e-06
vertex 5.355557004804723e-05 0.0001211685303132981 3.999999989900971e-06
vertex 5.355557004804723e-05 0.00010883146751439199 3.999999989900971e-06
endloop
endfacet
facet normal -0.0 0.0 1.0
outer loop
vertex 5.3195090004010126e-05 0.00010898078471655026 3.999999989900971e-06
vertex 5.3290284995455295e-05 0.00010895694140344858 3.999999989900971e-06
vertex 5.3290284995455295e-05 0.00012104305642424151 3.999999989900971e-06
endloop
endfacet
facet normal 0.0 -0.0 1.0
outer loop
vertex 5.3195090004010126e-05 0.00010898078471655026 3.999999989900971e-06
vertex 5.3290284995455295e-05 0.00012104305642424151 3.999999989900971e-06
vertex 5.3195090004010126e-05 0.00012101921311113983 3.999999989900971e-06
endloop
endfacet
facet normal 0.0 0.0 1.0
outer loop
vertex 5.355557004804723e-05 0.0001211685303132981 3.999999989900971e-06
vertex 5.347139813238755e-05 0.00012111807882320136 3.999999989900971e-06
vertex 5.347139813238755e-05 0.00010888191900448874 3.999999989900971e-06
endloop
endfacet
facet normal 0.0 0.0 1.0
outer loop
vertex 5.355557004804723e-05 0.0001211685303132981 3.999999989900971e-06
vertex 5.347139813238755e-05 0.00010888191900448874 3.999999989900971e-06
vertex 5.355557004804723e-05 0.00010883146751439199 3.999999989900971e-06
endloop
endfacet
facet normal -0.0 -0.0 1.0
outer loop
vertex 5.3290284995455295e-05 0.00010895694140344858 3.999999989900971e-06
vertex 5.338268238119781e-05 0.00010892387945204973 3.999999989900971e-06
vertex 5.3290284995455295e-05 0.00012104305642424151 3.999999989900971e-06
endloop
endfacet
facet normal -0.0 0.0 1.0
outer loop
vertex 5.3290284995455295e-05 0.00012104305642424151 3.999999989900971e-06
vertex 5.338268238119781e-05 0.00010892387945204973 3.999999989900971e-06
vertex 5.338268238119781e-05 0.00012107611837564036 3.999999989900971e-06
endloop
endfacet
facet normal 0.0 0.0 1.0
outer loop
vertex 5.347139813238755e-05 0.00012111807882320136 3.999999989900971e-06
vertex 5.338268238119781e-05 0.00012107611837564036 3.999999989900971e-06
vertex 5.347139813238755e-05 0.00010888191900448874 3.999999989900971e-06
endloop
endfacet
facet normal 0.0 0.0 1.0
outer loop
vertex 5.347139813238755e-05 0.00010888191900448874 3.999999989900971e-06
vertex 5.338268238119781e-05 0.00012107611837564036 3.999999989900971e-06
vertex 5.338268238119781e-05 0.00010892387945204973 3.999999989900971e-06
endloop
endfacet
facet normal 0.0 -0.0 1.0
outer loop
vertex 5.252860501059331e-05 0.0001228819164680317 3.999999989900971e-06
vertex 5.261731712380424e-05 0.00012292388419155031 3.999999989900971e-06
vertex 5.252860501059331e-05 0.00013511808356270194 3.999999989900971e-06
endloop
endfacet
facet normal 0.0 -0.0 1.0
outer loop
vertex 5.252860501059331e-05 0.0001228819164680317 3.999999989900971e-06
vertex 5.252860501059331e-05 0.00013511808356270194 3.999999989900971e-06
vertex 5.244442945695482e-05 0.00012283146497793496 3.999999989900971e-06
endloop
endfacet
facet normal 0.0 -0.0 0.9999999999999999
outer loop
vertex 5.204305853112601e-05 0.000122290279250592 3.999999989900971e-06
vertex 5.207612048252486e-05 0.00012238268391229212 3.999999989900971e-06
vertex 5.204305853112601e-05 0.00013570972078014165 3.999999989900971e-06
endloop
endfacet
facet normal 0.0 -0.0 1.0
outer loop
vertex 5.204305853112601e-05 0.000122290279250592 3.999999989900971e-06
vertex 5.204305853112601e-05 0.00013570972078014165 3.999999989900971e-06
vertex 5.201921521802433e-05 0.00012219509517308325 3.999999989900971e-06
endloop
endfacet
facet normal 0.0 -0.0 1.0
outer loop
vertex 5.200481609790586e-05 0.0001220980193465948 3.999999989900971e-06
vertex 5.201921521802433e-05 0.00012219509517308325 3.999999989900971e-06
vertex 5.200481609790586e-05 0.00013590198068413883 3.999999989900971e-06
endloop
endfacet
facet normal -0.0 0.0 1.0
outer loop
vertex 5.200481609790586e-05 0.00013590198068413883 3.999999989900971e-06
vertex 5.201921521802433e-05 0.00012219509517308325 3.999999989900971e-06
vertex 5.201921521802433e-05 0.0001358049048576504 3.999999989900971e-06
endloop
endfacet
facet normal -0.0 0.0 0.9999999999999999
outer loop
vertex 5.201921521802433e-05 0.0001358049048576504 3.999999989900971e-06
vertex 5.201921521802433e-05 0.00012219509517308325 3.999999989900971e-06
vertex 5.204305853112601e-05 0.00013570972078014165 3.999999989900971e-06
endloop
endfacet
facet normal 0.0 0.0 1.0
outer loop
vertex 5.207612048252486e-05 0.00013561731611844152 3.999999989900971e-06
vertex 5.204305853112601e-05 0.00013570972078014165 3.999999989900971e-06
vertex 5.207612048252486e-05 0.00012238268391229212 3.999999989900971e-06
endloop
endfacet
facet normal -0.0 0.0 1.0
outer loop
vertex 5.207612048252486e-05 0.00013561731611844152 3.999999989900971e-06
vertex 5.207612048252486e-05 0.00012238268391229212 3.999999989900971e-06
vertex 5.2118077292107046e-05 0.0001355286076432094 3.999999989900971e-06
endloop
endfacet
facet normal 0.0 0.0 1.0
outer loop
vertex 5.2365605370141566e-05 0.00013522699009627104 3.999999989900971e-06
vertex 5.2292893087724224e-05 0.0001352928957203403 3.999999989900971e-06
vertex 5.2365605370141566e-05 0.0001227730099344626 3.999999989900971e-06
endloop
endfacet
facet normal -0.0 0.0 0.9999999999999999
outer loop
vertex 5.2365605370141566e-05 0.00013522699009627104 3.999999989900971e-06
vertex 5.2365605370141566e-05 0.0001227730099344626 3.999999989900971e-06
vertex 5.244442945695482e-05 0.00012283146497793496 3.999999989900971e-06
endloop
endfacet
facet normal -0.0 0.0 1.0
outer loop
vertex 5.2365605370141566e-05 0.00013522699009627104 3.999999989900971e-06
vertex 5.244442945695482e-05 0.00012283146497793496 3.999999989900971e-06
vertex 5.244442945695482e-05 0.0001351685350527987 3.999999989900971e-06
endloop
endfacet
facet normal 0.0 0.0 1.0
outer loop
vertex 5.261731712380424e-05 0.00013507611583918333 3.999999989900971e-06
vertex 5.252860501059331e-05 0.00013511808356270194 3.999999989900971e-06
vertex 5.261731712380424e-05 0.00012292388419155031 3.999999989900971e-06
endloop
endfacet
facet normal -0.0 0.0 1.0
outer loop
vertex 5.261731712380424e-05 0.00013507611583918333 3.999999989900971e-06
vertex 5.261731712380424e-05 0.00012292388419155031 3.999999989900971e-06
vertex 5.270971450954676e-05 0.00013504305388778448 3.999999989900971e-06
endloop
endfacet
facet normal 0.0 0.0 1.0
outer loop
vertex 5.2901981689501554e-05 0.00013500481145456433 3.999999989900971e-06
vertex 5.2804909500991926e-05 0.00013501921785064042 3.999999989900971e-06
vertex 5.2901981689501554e-05 0.0001229951885761693 3.999999989900971e-06
endloop
endfacet
facet normal -0.0 0.0 0.9999999999999999
outer loop
vertex 5.2901981689501554e-05 0.00013500481145456433 3.999999989900971e-06
vertex 5.2901981689501554e-05 0.0001229951885761693 3.999999989900971e-06
vertex 5.2999999752501026e-05 0.00013499999477062374 3.999999989900971e-06
endloop
endfacet
facet normal 0.0 0.0 0.9999999999999999
outer loop
vertex 5.30980178155005e-05 0.00013500481145456433 3.999999989900971e-06
vertex 5.2999999752501026e-05 0.00013499999477062374 3.999999989900971e-06
vertex 5.30980178155005e-05 0.0001229951885761693 3.999999989900971e-06
endloop
endfacet
facet normal -0.0 0.0 1.0
outer loop
vertex 5.30980178155005e-05 0.00013500481145456433 3.999999989900971e-06
vertex 5.30980178155005e-05 0.0001229951885761693 3.999999989900971e-06
vertex 5.3195090004010126e-05 0.00013501921785064042 3.999999989900971e-06
endloop
endfacet
facet normal 0.0 0.0 1.0
outer loop
vertex 5.3195090004010126e-05 0.00013501921785064042 3.999999989900971e-06
vertex 5.30980178155005e-05 0.0001229951885761693 3.999999989900971e-06
vertex 5.3195090004010126e-05 0.00012298078218009323 3.999999989900971e-06
endloop
endfacet
facet normal -0.0 0.0 1.0
outer loop
vertex 5.3195090004010126e-05 0.00013501921785064042 3.999999989900971e-06
vertex 5.3195090004010126e-05 0.00012298078218009323 3.999999989900971e-06
vertex 5.3290284995455295e-05 0.00013504305388778448 3.999999989900971e-06
endloop
endfacet
facet normal 0.0 0.0 1.0
outer loop
vertex 5.3290284995455295e-05 0.00013504305388778448 3.999999989900971e-06
vertex 5.3195090004010126e-05 0.00012298078218009323 3.999999989900971e-06
vertex 5.3290284995455295e-05 0.00012295694614294916 3.999999989900971e-06
endloop
endfacet
facet normal 0.0 0.0 1.0
outer loop
vertex 5.3290284995455295e-05 0.00013504305388778448 3.999999989900971e-06
vertex 5.3290284995455295e-05 0.00012295694614294916 3.999999989900971e-06
vertex 5.338268238119781e-05 0.00012292388419155031 3.999999989900971e-06
endloop
endfacet
facet normal 0.0 -0.0 1.0
outer loop
vertex 5.2804909500991926e-05 0.00012298078218009323 3.999999989900971e-06
vertex 5.2901981689501554e-05 0.0001229951885761693 3.999999989900971e-06
vertex 5.2804909500991926e-05 0.00013501921785064042 3.999999989900971e-06
endloop
endfacet
facet normal 0.0 -0.0 1.0
outer loop
vertex 5.2804909500991926e-05 0.00012298078218009323 3.999999989900971e-06
vertex 5.2804909500991926e-05 0.00013501921785064042 3.999999989900971e-06
vertex 5.270971450954676e-05 0.00013504305388778448 3.999999989900971e-06
endloop
endfacet
facet normal 0.0 0.0 1.0
outer loop
vertex 5.2804909500991926e-05 0.00012298078218009323 3.999999989900971e-06
vertex 5.270971450954676e-05 0.00013504305388778448 3.999999989900971e-06
vertex 5.270971450954676e-05 0.00012295694614294916 3.999999989900971e-06
endloop
endfacet
facet normal 0.0 -0.0 1.0
outer loop
vertex 5.270971450954676e-05 0.00012295694614294916 3.999999989900971e-06
vertex 5.270971450954676e-05 0.00013504305388778448 3.999999989900971e-06
vertex 5.261731712380424e-05 0.00012292388419155031 3.999999989900971e-06
endloop
endfacet
facet normal 0.0 0.0 1.0
outer loop
vertex 5.2901981689501554e-05 0.0001229951885761693 3.999999989900971e-06
vertex 5.2999999752501026e-05 0.0001230000052601099 3.999999989900971e-06
vertex 5.2999999752501026e-05 0.00013499999477062374 3.999999989900971e-06
endloop
endfacet
facet normal 0.0 0.0 1.0
outer loop
vertex 5.2999999752501026e-05 0.00013499999477062374 3.999999989900971e-06
vertex 5.2999999752501026e-05 0.0001230000052601099 3.999999989900971e-06
vertex 5.30980178155005e-05 0.0001229951885761693 3.999999989900971e-06
endloop
endfacet
facet normal 0.0 0.0 1.0
outer loop
vertex 5.252860501059331e-05 0.00013511808356270194 3.999999989900971e-06
vertex 5.244442945695482e-05 0.0001351685350527987 3.999999989900971e-06
vertex 5.244442945695482e-05 0.00012283146497793496 3.999999989900971e-06
endloop
endfacet
facet normal 0.0 0.0 1.0
outer loop
vertex 5.2365605370141566e-05 0.0001227730099344626 3.999999989900971e-06
vertex 5.2292893087724224e-05 0.0001352928957203403 3.999999989900971e-06
vertex 5.2292893087724224e-05 0.00012270710431039333 3.999999989900971e-06
endloop
endfacet
facet normal 0.0 -0.0 0.9999999999999999
outer loop
vertex 5.2292893087724224e-05 0.00012270710431039333 3.999999989900971e-06
vertex 5.2292893087724224e-05 0.0001352928957203403 3.999999989900971e-06
vertex 5.222699110163376e-05 0.00013536561164073646 3.999999989900971e-06
endloop
endfacet
facet normal 0.0 0.0 1.0
outer loop
vertex 5.2292893087724224e-05 0.00012270710431039333 3.999999989900971e-06
vertex 5.222699110163376e-05 0.00013536561164073646 3.999999989900971e-06
vertex 5.222699110163376e-05 0.00012263438838999718 3.999999989900971e-06
endloop
endfacet
facet normal 0.0 -0.0 1.0
outer loop
vertex 5.222699110163376e-05 0.00012263438838999718 3.999999989900971e-06
vertex 5.222699110163376e-05 0.00013536561164073646 3.999999989900971e-06
vertex 5.2168528782203794e-05 0.0001354444248136133 3.999999989900971e-06
endloop
endfacet
facet normal 0.0 0.0 1.0
outer loop
vertex 5.222699110163376e-05 0.00012263438838999718 3.999999989900971e-06
vertex 5.2168528782203794e-05 0.0001354444248136133 3.999999989900971e-06
vertex 5.2168528782203794e-05 0.00012255557521712035 3.999999989900971e-06
endloop
endfacet
facet normal 0.0 -0.0 1.0
outer loop
vertex 5.2168528782203794e-05 0.00012255557521712035 3.999999989900971e-06
vertex 5.2168528782203794e-05 0.0001354444248136133 3.999999989900971e-06
vertex 5.2118077292107046e-05 0.0001355286076432094 3.999999989900971e-06
endloop
endfacet
facet normal 0.0 0.0 1.0
outer loop
vertex 5.2168528782203794e-05 0.00012255557521712035 3.999999989900971e-06
vertex 5.2118077292107046e-05 0.0001355286076432094 3.999999989900971e-06
vertex 5.2118077292107046e-05 0.00012247139238752425 3.999999989900971e-06
endloop
endfacet
facet normal 0.0 -0.0 1.0
outer loop
vertex 5.2118077292107046e-05 0.00012247139238752425 3.999999989900971e-06
vertex 5.2118077292107046e-05 0.0001355286076432094 3.999999989900971e-06
vertex 5.207612048252486e-05 0.00012238268391229212 3.999999989900971e-06
endloop
endfacet
facet normal -0.0 0.0 1.0
outer loop
vertex 5.347139813238755e-05 0.00013511808356270194 3.999999989900971e-06
vertex 5.355557004804723e-05 0.00012283146497793496 3.999999989900971e-06
vertex 5.355557004804723e-05 0.0001351685350527987 3.999999989900971e-06
endloop
endfacet
facet normal -0.0 0.0 1.0
outer loop
vertex 5.3634394134860486e-05 0.0001227730099344626 3.999999989900971e-06
vertex 5.370710641727783e-05 0.00012270710431039333 3.999999989900971e-06
vertex 5.370710641727783e-05 0.0001352928957203403 3.999999989900971e-06
endloop
endfacet
facet normal 0.0 0.0 1.0
outer loop
vertex 5.370710641727783e-05 0.0001352928957203403 3.999999989900971e-06
vertex 5.370710641727783e-05 0.00012270710431039333 3.999999989900971e-06
vertex 5.37730120413471e-05 0.00012263438838999718 3.999999989900971e-06
endloop
endfacet
facet normal -0.0 0.0 1.0
outer loop
vertex 5.370710641727783e-05 0.0001352928957203403 3.999999989900971e-06
vertex 5.37730120413471e-05 0.00012263438838999718 3.999999989900971e-06
vertex 5.37730120413471e-05 0.00013536561164073646 3.999999989900971e-06
endloop
endfacet
facet normal 0.0 0.0 1.0
outer loop
vertex 5.37730120413471e-05 0.00013536561164073646 3.999999989900971e-06
vertex 5.37730120413471e-05 0.00012263438838999718 3.999999989900971e-06
vertex 5.383147072279826e-05 0.00012255557521712035 3.999999989900971e-06
endloop
endfacet
facet normal -0.0 0.0 1.0
outer loop
vertex 5.37730120413471e-05 0.00013536561164073646 3.999999989900971e-06
vertex 5.383147072279826e-05 0.00012255557521712035 3.999999989900971e-06
vertex 5.383147072279826e-05 0.0001354444248136133 3.999999989900971e-06
endloop
endfacet
facet normal -0.0 0.0 1.0
outer loop
vertex 5.383147072279826e-05 0.0001354444248136133 3.999999989900971e-06
vertex 5.383147072279826e-05 0.00012255557521712035 3.999999989900971e-06
vertex 5.3881922212895006e-05 0.0001355286076432094 3.999999989900971e-06
endloop
endfacet
facet normal 0.0 0.0 1.0
outer loop
vertex 5.3881922212895006e-05 0.0001355286076432094 3.999999989900971e-06
vertex 5.383147072279826e-05 0.00012255557521712035 3.999999989900971e-06
vertex 5.3881922212895006e-05 0.00012247139238752425 3.999999989900971e-06
endloop
endfacet
facet normal 0.0 0.0 1.0
outer loop
vertex 5.3881922212895006e-05 0.0001355286076432094 3.999999989900971e-06
vertex 5.3881922212895006e-05 0.00012247139238752425 3.999999989900971e-06
vertex 5.3923879022477195e-05 0.00012238268391229212 3.999999989900971e-06
endloop
endfacet
facet normal 0.0 -0.0 1.0
outer loop
vertex 5.261731712380424e-05 0.00013692387437913567 3.999999989900971e-06
vertex 5.270971450954676e-05 0.00013695693633053452 3.999999989900971e-06
vertex 5.261731712380424e-05 0.0001490761205786839 3.999999989900971e-06
endloop
endfacet
facet normal 0.0 -0.0 1.0
outer loop
vertex 5.261731712380424e-05 0.00013692387437913567 3.999999989900971e-06
vertex 5.261731712380424e-05 0.0001490761205786839 3.999999989900971e-06
vertex 5.252860501059331e-05 0.0001491180737502873 3.999999989900971e-06
endloop
endfacet
facet normal 0.0 0.0 1.0
outer loop
vertex 5.261731712380424e-05 0.00013692387437913567 3.999999989900971e-06
vertex 5.252860501059331e-05 0.0001491180737502873 3.999999989900971e-06
vertex 5.252860501059331e-05 0.0001368819212075323 3.999999989900971e-06
endloop
endfacet
facet normal 0.0 -0.0 0.9999999999999999
outer loop
vertex 5.2365605370141566e-05 0.0001367730146739632 3.999999989900971e-06
vertex 5.244442945695482e-05 0.00013683146971743554 3.999999989900971e-06
vertex 5.2365605370141566e-05 0.00014922699483577162 3.999999989900971e-06
endloop
endfacet
facet normal 0.0 -0.0 1.0
outer loop
vertex 5.2365605370141566e-05 0.0001367730146739632 3.999999989900971e-06
vertex 5.2365605370141566e-05 0.00014922699483577162 3.999999989900971e-06
vertex 5.2292893087724224e-05 0.0001492929004598409 3.999999989900971e-06
endloop
endfacet
facet normal 0.0 0.0 1.0
outer loop
vertex 5.2365605370141566e-05 0.0001367730146739632 3.999999989900971e-06
vertex 5.2292893087724224e-05 0.0001492929004598409 3.999999989900971e-06
vertex 5.2292893087724224e-05 0.00013670710904989392 3.999999989900971e-06
endloop
endfacet
facet normal 0.0 -0.0 0.9999999999999999
outer loop
vertex 5.2118077292107046e-05 0.00013647139712702483 3.999999989900971e-06
vertex 5.2168528782203794e-05 0.0001365555654047057 3.999999989900971e-06
vertex 5.2118077292107046e-05 0.00014952859783079475 3.999999989900971e-06
endloop
endfacet
facet normal -0.0 0.0 1.0
outer loop
vertex 5.2118077292107046e-05 0.00014952859783079475 3.999999989900971e-06
vertex 5.2168528782203794e-05 0.0001365555654047057 3.999999989900971e-06
vertex 5.2168528782203794e-05 0.00014944442955311388 3.999999989900971e-06
endloop
endfacet
facet normal 0.0 0.0 0.9999999999999999
outer loop
vertex 5.2292893087724224e-05 0.0001492929004598409 3.999999989900971e-06
vertex 5.222699110163376e-05 0.00014936560182832181 3.999999989900971e-06
vertex 5.2292893087724224e-05 0.00013670710904989392 3.999999989900971e-06
endloop
endfacet
facet normal 0.0 0.0 1.0
outer loop
vertex 5.2292893087724224e-05 0.00013670710904989392 3.999999989900971e-06
vertex 5.222699110163376e-05 0.00014936560182832181 3.999999989900971e-06
vertex 5.222699110163376e-05 0.00013663439312949777 3.999999989900971e-06
endloop
endfacet
facet normal 0.0 -0.0 1.0
outer loop
vertex 5.222699110163376e-05 0.00013663439312949777 3.999999989900971e-06
vertex 5.222699110163376e-05 0.00014936560182832181 3.999999989900971e-06
vertex 5.2168528782203794e-05 0.00014944442955311388 3.999999989900971e-06
endloop
endfacet
facet normal 0.0 0.0 1.0
outer loop
vertex 5.222699110163376e-05 0.00013663439312949777 3.999999989900971e-06
vertex 5.2168528782203794e-05 0.00014944442955311388 3.999999989900971e-06
vertex 5.2168528782203794e-05 0.0001365555654047057 3.999999989900971e-06
endloop
endfacet
facet normal -0.0 0.0 1.0
outer loop
vertex 5.2365605370141566e-05 0.00014922699483577162 3.999999989900971e-06
vertex 5.244442945695482e-05 0.00013683146971743554 3.999999989900971e-06
vertex 5.244442945695482e-05 0.00014916852524038404 3.999999989900971e-06
endloop
endfacet
facet normal -0.0 0.0 1.0
outer loop
vertex 5.244442945695482e-05 0.00014916852524038404 3.999999989900971e-06
vertex 5.244442945695482e-05 0.00013683146971743554 3.999999989900971e-06
vertex 5.252860501059331e-05 0.0001491180737502873 3.999999989900971e-06
endloop
endfacet
facet normal -0.0 0.0 0.9999999999999999
outer loop
vertex 5.252860501059331e-05 0.0001491180737502873 3.999999989900971e-06
vertex 5.244442945695482e-05 0.00013683146971743554 3.999999989900971e-06
vertex 5.252860501059331e-05 0.0001368819212075323 3.999999989900971e-06
endloop
endfacet
facet normal 0.0 0.0 1.0
outer loop
vertex 5.270971450954676e-05 0.00013695693633053452 3.999999989900971e-06
vertex 5.2804909500991926e-05 0.0001369807869195938 3.999999989900971e-06
vertex 5.2804909500991926e-05 0.00014901920803822577 3.999999989900971e-06
endloop
endfacet
facet normal -0.0 0.0 1.0
outer loop
vertex 5.2804909500991926e-05 0.00014901920803822577 3.999999989900971e-06
vertex 5.2804909500991926e-05 0.0001369807869195938 3.999999989900971e-06
vertex 5.2901981689501554e-05 0.00014900481619406492 3.999999989900971e-06
endloop
endfacet
facet normal -0.0 0.0 0.9999999999999999
outer loop
vertex 5.2901981689501554e-05 0.00014900481619406492 3.999999989900971e-06
vertex 5.2804909500991926e-05 0.0001369807869195938 3.999999989900971e-06
vertex 5.2901981689501554e-05 0.00013699517876375467 3.999999989900971e-06
endloop
endfacet
facet normal -0.0 0.0 1.0
outer loop
vertex 5.2901981689501554e-05 0.00014900481619406492 3.999999989900971e-06
vertex 5.2901981689501554e-05 0.00013699517876375467 3.999999989900971e-06
vertex 5.2999999752501026e-05 0.00014899999951012433 3.999999989900971e-06
endloop
endfacet
facet normal 0.0 0.0 1.0
outer loop
vertex 5.30980178155005e-05 0.00014900481619406492 3.999999989900971e-06
vertex 5.2999999752501026e-05 0.00014899999951012433 3.999999989900971e-06
vertex 5.30980178155005e-05 0.00013699517876375467 3.999999989900971e-06
endloop
endfacet
facet normal -0.0 0.0 0.9999999999999999
outer loop
vertex 5.30980178155005e-05 0.00014900481619406492 3.999999989900971e-06
vertex 5.30980178155005e-05 0.00013699517876375467 3.999999989900971e-06
vertex 5.3195090004010126e-05 0.00014901920803822577 3.999999989900971e-06
endloop
endfacet
facet normal 0.0 0.0 1.0
outer loop
vertex 5.3195090004010126e-05 0.00014901920803822577 3.999999989900971e-06
vertex 5.30980178155005e-05 0.00013699517876375467 3.999999989900971e-06
vertex 5.3195090004010126e-05 0.0001369807869195938 3.999999989900971e-06
endloop
endfacet
facet normal -0.0 0.0 1.0
outer loop
vertex 5.3195090004010126e-05 0.00014901920803822577 3.999999989900971e-06
vertex 5.3195090004010126e-05 0.0001369807869195938 3.999999989900971e-06
vertex 5.3290284995455295e-05 0.00014904305862728506 3.999999989900971e-06
endloop
endfacet
facet normal 0.0 0.0 1.0
outer loop
vertex 5.3290284995455295e-05 0.00014904305862728506 3.999999989900971e-06
vertex 5.3195090004010126e-05 0.0001369807869195938 3.999999989900971e-06
vertex 5.3290284995455295e-05 0.00013695693633053452 3.999999989900971e-06
endloop
endfacet
facet normal 0.0 0.0 1.0
outer loop
vertex 5.30980178155005e-05 0.00013699517876375467 3.999999989900971e-06
vertex 5.2999999752501026e-05 0.00014899999951012433 3.999999989900971e-06
vertex 5.2999999752501026e-05 0.00013699999544769526 3.999999989900971e-06
endloop
endfacet
facet normal 0.0 0.0 1.0
outer loop
vertex 5.2901981689501554e-05 0.00013699517876375467 3.999999989900971e-06
vertex 5.2999999752501026e-05 0.00013699999544769526 3.999999989900971e-06
vertex 5.2999999752501026e-05 0.00014899999951012433 3.999999989900971e-06
endloop
endfacet
facet normal 0.9987945063412735 0.04908700543414425 -0.0
outer loop
vertex 5.400000009103678e-05 0.0001500000071246177 3.999999989900971e-06
vertex 5.399518340709619e-05 0.00015009801427368075 3.999999989900971e-06
vertex 5.399518340709619e-05 0.00015009801427368075 0.00018899999849963933
endloop
endfacet
facet normal 0.9987945063412735 0.04908700543414425 0.0
outer loop
vertex 5.400000009103678e-05 0.0001500000071246177 3.999999989900971e-06
vertex 5.399518340709619e-05 0.00015009801427368075 0.00018899999849963933
vertex 5.400000009103678e-05 0.0001500000071246177 0.00018899999849963933
endloop
endfacet
facet normal 0.9891775725290161 0.14672331105043643 -0.0
outer loop
vertex 5.399518340709619e-05 0.00015009801427368075 3.999999989900971e-06
vertex 5.398078428697772e-05 0.00015019509010016918 3.999999989900971e-06
vertex 5.398078428697772e-05 0.00015019509010016918 0.00018899999849963933
endloop
endfacet
facet normal 0.9891775725290161 0.14672331105043643 0.0
outer loop
vertex 5.399518340709619e-05 0.00015009801427368075 3.999999989900971e-06
vertex 5.398078428697772e-05 0.00015019509010016918 0.00018899999849963933
vertex 5.399518340709619e-05 0.00015009801427368075 0.00018899999849963933
endloop
endfacet
facet normal 0.9700377426519038 0.24295427106926695 -0.0
outer loop
vertex 5.398078428697772e-05 0.00015019509010016918 3.999999989900971e-06
vertex 5.3956940973876044e-05 0.00015029028872959316 3.999999989900971e-06
vertex 5.3956940973876044e-05 0.00015029028872959316 0.00018899999849963933
endloop
endfacet
facet normal 0.9700377426519038 0.24295427106926695 0.0
outer loop
vertex 5.398078428697772e-05 0.00015019509010016918 3.999999989900971e-06
vertex 5.3956940973876044e-05 0.00015029028872959316 0.00018899999849963933
vertex 5.398078428697772e-05 0.00015019509010016918 0.00018899999849963933
endloop
endfacet
facet normal 0.9415303537089625 0.33692817193680313 -0.0
outer loop
vertex 5.3956940973876044e-05 0.00015029028872959316 3.999999989900971e-06
vertex 5.3923879022477195e-05 0.00015038267883937806 3.999999989900971e-06
vertex 5.3923879022477195e-05 0.00015038267883937806 0.00018899999849963933
endloop
endfacet
facet normal 0.9415303537089625 0.33692817193680313 0.0
outer loop
vertex 5.3956940973876044e-05 0.00015029028872959316 3.999999989900971e-06
vertex 5.3923879022477195e-05 0.00015038267883937806 0.00018899999849963933
vertex 5.3956940973876044e-05 0.00015029028872959316 0.00018899999849963933
endloop
endfacet
facet normal 0.9040131454457061 0.4275046582920013 -0.0
outer loop
vertex 5.3923879022477195e-05 0.00015038267883937806 3.999999989900971e-06
vertex 5.3881922212895006e-05 0.0001504714018665254 3.999999989900971e-06
vertex 5.3881922212895006e-05 0.0001504714018665254 0.00018899999849963933
endloop
endfacet
facet normal 0.9040131454457061 0.4275046582920013 0.0
outer loop
vertex 5.3923879022477195e-05 0.00015038267883937806 3.999999989900971e-06
vertex 5.3881922212895006e-05 0.0001504714018665254 0.00018899999849963933
vertex 5.3923879022477195e-05 0.00015038267883937806 0.00018899999849963933
endloop
endfacet
facet normal 0.8577152821083818 0.514124979783845 -0.0
outer loop
vertex 5.3881922212895006e-05 0.0001504714018665254 3.999999989900971e-06
vertex 5.383147072279826e-05 0.00015055557014420629 3.999999989900971e-06
vertex 5.383147072279826e-05 0.00015055557014420629 0.00018899999849963933
endloop
endfacet
facet normal 0.8577152821083818 0.514124979783845 0.0
outer loop
vertex 5.3881922212895006e-05 0.0001504714018665254 3.999999989900971e-06
vertex 5.383147072279826e-05 0.00015055557014420629 0.00018899999849963933
vertex 5.3881922212895006e-05 0.0001504714018665254 0.00018899999849963933
endloop
endfacet
facet normal 0.8032267583559691 0.5956733791776846 -0.0
outer loop
vertex 5.383147072279826e-05 0.00015055557014420629 3.999999989900971e-06
vertex 5.37730120413471e-05 0.00015063439786899835 3.999999989900971e-06
vertex 5.37730120413471e-05 0.00015063439786899835 0.00018899999849963933
endloop
endfacet
facet normal 0.8032267583559691 0.5956733791776846 0.0
outer loop
vertex 5.383147072279826e-05 0.00015055557014420629 3.999999989900971e-06
vertex 5.37730120413471e-05 0.00015063439786899835 0.00018899999849963933
vertex 5.383147072279826e-05 0.00015055557014420629 0.00018899999849963933
endloop
endfacet
facet normal 0.74095236516813 0.6715575869214451 -0.0
outer loop
vertex 5.37730120413471e-05 0.00015063439786899835 3.999999989900971e-06
vertex 5.370710641727783e-05 0.0001507071137893945 3.999999989900971e-06
vertex 5.370710641727783e-05 0.0001507071137893945 0.00018899999849963933
endloop
endfacet
facet normal 0.74095236516813 0.6715575869214451 0.0
outer loop
vertex 5.37730120413471e-05 0.00015063439786899835 3.999999989900971e-06
vertex 5.370710641727783e-05 0.0001507071137893945 0.00018899999849963933
vertex 5.37730120413471e-05 0.00015063439786899835 0.00018899999849963933
endloop
endfacet
facet normal 0.671494615213096 0.7410094343122874 -0.0
outer loop
vertex 5.370710641727783e-05 0.0001507071137893945 3.999999989900971e-06
vertex 5.3634394134860486e-05 0.00015077300486154854 3.999999989900971e-06
vertex 5.3634394134860486e-05 0.00015077300486154854 0.00018899999849963933
endloop
endfacet
facet normal 0.671494615213096 0.7410094343122874 0.0
outer loop
vertex 5.370710641727783e-05 0.0001507071137893945 3.999999989900971e-06
vertex 5.3634394134860486e-05 0.00015077300486154854 0.00018899999849963933
vertex 5.370710641727783e-05 0.0001507071137893945 0.00018899999849963933
endloop
endfacet
facet normal 0.5957628578049455 0.8031603932341809 -0.0
outer loop
vertex 5.3634394134860486e-05 0.00015077300486154854 3.999999989900971e-06
vertex 5.355557004804723e-05 0.00015083147445693612 3.999999989900971e-06
vertex 5.355557004804723e-05 0.00015083147445693612 0.00018899999849963933
endloop
endfacet
facet normal 0.5957628578049455 0.8031603932341809 0.0
outer loop
vertex 5.3634394134860486e-05 0.00015077300486154854 3.999999989900971e-06
vertex 5.355557004804723e-05 0.00015083147445693612 0.00018899999849963933
vertex 5.3634394134860486e-05 0.00015077300486154854 0.00018899999849963933
endloop
endfacet
facet normal 0.5141086321313505 0.8577250808785013 -0.0
outer loop
vertex 5.355557004804723e-05 0.00015083147445693612 3.999999989900971e-06
vertex 5.347139813238755e-05 0.00015088192594703287 3.999999989900971e-06
vertex 5.347139813238755e-05 0.00015088192594703287 0.00018899999849963933
endloop
endfacet
facet normal 0.5141086321313505 0.8577250808785013 0.0
outer loop
vertex 5.355557004804723e-05 0.00015083147445693612 3.999999989900971e-06
vertex 5.347139813238755e-05 0.00015088192594703287 0.00018899999849963933
vertex 5.355557004804723e-05 0.00015083147445693612 0.00018899999849963933
endloop
endfacet
facet normal 0.4275030160411486 0.9040139220585718 -0.0
outer loop
vertex 5.347139813238755e-05 0.00015088192594703287 3.999999989900971e-06
vertex 5.338268238119781e-05 0.00015092387911863625 3.999999989900971e-06
vertex 5.338268238119781e-05 0.00015092387911863625 0.00018899999849963933
endloop
endfacet
facet normal 0.4275030160411486 0.9040139220585718 0.0
outer loop
vertex 5.347139813238755e-05 0.00015088192594703287 3.999999989900971e-06
vertex 5.338268238119781e-05 0.00015092387911863625 0.00018899999849963933
vertex 5.347139813238755e-05 0.00015088192594703287 0.00018899999849963933
endloop
endfacet
facet normal 0.3369046516681994 0.9415387701440281 -0.0
outer loop
vertex 5.338268238119781e-05 0.00015092387911863625 3.999999989900971e-06
vertex 5.3290284995455295e-05 0.0001509569410700351 3.999999989900971e-06
vertex 5.3290284995455295e-05 0.0001509569410700351 0.00018899999849963933
endloop
endfacet
facet normal 0.3369046516681994 0.9415387701440281 0.0
outer loop
vertex 5.338268238119781e-05 0.00015092387911863625 3.999999989900971e-06
vertex 5.3290284995455295e-05 0.0001509569410700351 0.00018899999849963933
vertex 5.338268238119781e-05 0.00015092387911863625 0.00018899999849963933
endloop
endfacet
facet normal 0.24303277109162985 0.9700180782725256 -0.0
outer loop
vertex 5.3290284995455295e-05 0.0001509569410700351 3.999999989900971e-06
vertex 5.3195090004010126e-05 0.0001509807916590944 3.999999989900971e-06
vertex 5.3195090004010126e-05 0.0001509807916590944 0.00018899999849963933
endloop
endfacet
facet normal 0.24303277109162985 0.9700180782725256 0.0
outer loop
vertex 5.3290284995455295e-05 0.0001509569410700351 3.999999989900971e-06
vertex 5.3195090004010126e-05 0.0001509807916590944 0.00018899999849963933
vertex 5.3290284995455295e-05 0.0001509569410700351 0.00018899999849963933
endloop
endfacet
facet normal 0.14665614363933555 0.9891875330455991 -0.0
outer loop
vertex 5.3195090004010126e-05 0.0001509807916590944 3.999999989900971e-06
vertex 5.30980178155005e-05 0.00015099518350325525 3.999999989900971e-06
vertex 5.30980178155005e-05 0.00015099518350325525 0.00018899999849963933
endloop
endfacet
facet normal 0.14665614363933555 0.9891875330455991 0.0
outer loop
vertex 5.3195090004010126e-05 0.0001509807916590944 3.999999989900971e-06
vertex 5.30980178155005e-05 0.00015099518350325525 0.00018899999849963933
vertex 5.3195090004010126e-05 0.0001509807916590944 0.00018899999849963933
endloop
endfacet
facet normal 0.04908155295131086 0.9987947742954444 -0.0
outer loop
vertex 5.30980178155005e-05 0.00015099518350325525 3.999999989900971e-06
vertex 5.2999999752501026e-05 0.00015100000018719584 3.999999989900971e-06
vertex 5.2999999752501026e-05 0.00015100000018719584 0.00018899999849963933
endloop
endfacet
facet normal 0.04908155295131086 0.9987947742954444 0.0
outer loop
vertex 5.30980178155005e-05 0.00015099518350325525 3.999999989900971e-06
vertex 5.2999999752501026e-05 0.00015100000018719584 0.00018899999849963933
vertex 5.30980178155005e-05 0.00015099518350325525 0.00018899999849963933
endloop
endfacet
facet normal -0.04908155295131086 0.9987947742954444 0.0
outer loop
vertex 5.2999999752501026e-05 0.00015100000018719584 3.999999989900971e-06
vertex 5.2901981689501554e-05 0.00015099518350325525 3.999999989900971e-06
vertex 5.2901981689501554e-05 0.00015099518350325525 0.00018899999849963933
endloop
endfacet
facet normal -0.04908155295131086 0.9987947742954444 0.0
outer loop
vertex 5.2999999752501026e-05 0.00015100000018719584 3.999999989900971e-06
vertex 5.2901981689501554e-05 0.00015099518350325525 0.00018899999849963933
vertex 5.2999999752501026e-05 0.00015100000018719584 0.00018899999849963933
endloop
endfacet
facet normal -0.14665614363933555 0.9891875330455991 0.0
outer loop
vertex 5.2901981689501554e-05 0.00015099518350325525 3.999999989900971e-06
vertex 5.2804909500991926e-05 0.0001509807916590944 3.999999989900971e-06
vertex 5.2804909500991926e-05 0.0001509807916590944 0.00018899999849963933
endloop
endfacet
facet normal -0.14665614363933555 0.9891875330455991 0.0
outer loop
vertex 5.2901981689501554e-05 0.00015099518350325525 3.999999989900971e-06
vertex 5.2804909500991926e-05 0.0001509807916590944 0.00018899999849963933
vertex 5.2901981689501554e-05 0.00015099518350325525 0.00018899999849963933
endloop
endfacet
facet normal -0.24303277109162985 0.9700180782725256 0.0
outer loop
vertex 5.2804909500991926e-05 0.0001509807916590944 3.999999989900971e-06
vertex 5.270971450954676e-05 0.0001509569410700351 3.999999989900971e-06
vertex 5.270971450954676e-05 0.0001509569410700351 0.00018899999849963933
endloop
endfacet
facet normal -0.24303277109162985 0.9700180782725256 0.0
outer loop
vertex 5.2804909500991926e-05 0.0001509807916590944 3.999999989900971e-06
vertex 5.270971450954676e-05 0.0001509569410700351 0.00018899999849963933
vertex 5.2804909500991926e-05 0.0001509807916590944 0.00018899999849963933
endloop
endfacet
facet normal -0.3369046516681994 0.9415387701440281 0.0
outer loop
vertex 5.270971450954676e-05 0.0001509569410700351 3.999999989900971e-06
vertex 5.261731712380424e-05 0.00015092387911863625 3.999999989900971e-06
vertex 5.261731712380424e-05 0.00015092387911863625 0.00018899999849963933
endloop
endfacet
facet normal -0.3369046516681994 0.9415387701440281 0.0
outer loop
vertex 5.270971450954676e-05 0.0001509569410700351 3.999999989900971e-06
vertex 5.261731712380424e-05 0.00015092387911863625 0.00018899999849963933
vertex 5.270971450954676e-05 0.0001509569410700351 0.00018899999849963933
endloop
endfacet
facet normal -0.42751734325615237 0.9040071466615743 0.0
outer loop
vertex 5.261731712380424e-05 0.00015092387911863625 3.999999989900971e-06
vertex 5.252860501059331e-05 0.00015088192594703287 3.999999989900971e-06
vertex 5.252860501059331e-05 0.00015088192594703287 0.00018899999849963933
endloop
endfacet
facet normal -0.42751734325615237 0.9040071466615743 0.0
outer loop
vertex 5.261731712380424e-05 0.00015092387911863625 3.999999989900971e-06
vertex 5.252860501059331e-05 0.00015088192594703287 0.00018899999849963933
vertex 5.261731712380424e-05 0.00015092387911863625 0.00018899999849963933
endloop
endfacet
facet normal -0.5140922853317047 0.8577348787139445 0.0
outer loop
vertex 5.252860501059331e-05 0.00015088192594703287 3.999999989900971e-06
vertex 5.244442945695482e-05 0.00015083147445693612 3.999999989900971e-06
vertex 5.244442945695482e-05 0.00015083147445693612 0.00018899999849963933
endloop
endfacet
facet normal -0.5140922853317047 0.8577348787139445 0.0
outer loop
vertex 5.252860501059331e-05 0.00015088192594703287 3.999999989900971e-06
vertex 5.244442945695482e-05 0.00015083147445693612 0.00018899999849963933
vertex 5.252860501059331e-05 0.00015088192594703287 0.00018899999849963933
endloop
endfacet
facet normal -0.5957628578049455 0.8031603932341809 0.0
outer loop
vertex 5.244442945695482e-05 0.00015083147445693612 3.999999989900971e-06
vertex 5.2365605370141566e-05 0.00015077300486154854 3.999999989900971e-06
vertex 5.2365605370141566e-05 0.00015077300486154854 0.00018899999849963933
endloop
endfacet
facet normal -0.5957628578049455 0.8031603932341809 0.0
outer loop
vertex 5.244442945695482e-05 0.00015083147445693612 3.999999989900971e-06
vertex 5.2365605370141566e-05 0.00015077300486154854 0.00018899999849963933
vertex 5.244442945695482e-05 0.00015083147445693612 0.00018899999849963933
endloop
endfacet
facet normal -0.671494615213096 0.7410094343122874 0.0
outer loop
vertex 5.2365605370141566e-05 0.00015077300486154854 3.999999989900971e-06
vertex 5.2292893087724224e-05 0.0001507071137893945 3.999999989900971e-06
vertex 5.2292893087724224e-05 0.0001507071137893945 0.00018899999849963933
endloop
endfacet
facet normal -0.671494615213096 0.7410094343122874 0.0
outer loop
vertex 5.2365605370141566e-05 0.00015077300486154854 3.999999989900971e-06
vertex 5.2292893087724224e-05 0.0001507071137893945 0.00018899999849963933
vertex 5.2365605370141566e-05 0.00015077300486154854 0.00018899999849963933
endloop
endfacet
facet normal -0.740970811020441 0.671537234422418 0.0
outer loop
vertex 5.2292893087724224e-05 0.0001507071137893945 3.999999989900971e-06
vertex 5.222699110163376e-05 0.00015063439786899835 3.999999989900971e-06
vertex 5.222699110163376e-05 0.00015063439786899835 0.00018899999849963933
endloop
endfacet
facet normal -0.740970811020441 0.671537234422418 0.0
outer loop
vertex 5.2292893087724224e-05 0.0001507071137893945 3.999999989900971e-06
vertex 5.222699110163376e-05 0.00015063439786899835 0.00018899999849963933
vertex 5.2292893087724224e-05 0.0001507071137893945 0.00018899999849963933
endloop
endfacet
facet normal -0.8032090219823352 0.5956972947782965 0.0
outer loop
vertex 5.222699110163376e-05 0.00015063439786899835 3.999999989900971e-06
vertex 5.2168528782203794e-05 0.00015055557014420629 3.999999989900971e-06
vertex 5.2168528782203794e-05 0.00015055557014420629 0.00018899999849963933
endloop
endfacet
facet normal -0.8032090219823352 0.5956972947782965 0.0
outer loop
vertex 5.222699110163376e-05 0.00015063439786899835 3.999999989900971e-06
vertex 5.2168528782203794e-05 0.00015055557014420629 0.00018899999849963933
vertex 5.222699110163376e-05 0.00015063439786899835 0.00018899999849963933
endloop
endfacet
facet normal -0.8577152821083818 0.514124979783845 0.0
outer loop
vertex 5.2168528782203794e-05 0.00015055557014420629 3.999999989900971e-06
vertex 5.2118077292107046e-05 0.0001504714018665254 3.999999989900971e-06
vertex 5.2118077292107046e-05 0.0001504714018665254 0.00018899999849963933
endloop
endfacet
facet normal -0.8577152821083818 0.514124979783845 0.0
outer loop
vertex 5.2168528782203794e-05 0.00015055557014420629 3.999999989900971e-06
vertex 5.2118077292107046e-05 0.0001504714018665254 0.00018899999849963933
vertex 5.2168528782203794e-05 0.00015055557014420629 0.00018899999849963933
endloop
endfacet
facet normal -0.9040131454457061 0.4275046582920013 0.0
outer loop
vertex 5.2118077292107046e-05 0.0001504714018665254 3.999999989900971e-06
vertex 5.207612048252486e-05 0.00015038267883937806 3.999999989900971e-06
vertex 5.207612048252486e-05 0.00015038267883937806 0.00018899999849963933
endloop
endfacet
facet normal -0.9040131454457061 0.4275046582920013 0.0
outer loop
vertex 5.2118077292107046e-05 0.0001504714018665254 3.999999989900971e-06
vertex 5.207612048252486e-05 0.00015038267883937806 0.00018899999849963933
vertex 5.2118077292107046e-05 0.0001504714018665254 0.00018899999849963933
endloop
endfacet
facet normal -0.9415303537089625 0.33692817193680313 0.0
outer loop
vertex 5.207612048252486e-05 0.00015038267883937806 3.999999989900971e-06
vertex 5.204305853112601e-05 0.00015029028872959316 3.999999989900971e-06
vertex 5.204305853112601e-05 0.00015029028872959316 0.00018899999849963933
endloop
endfacet
facet normal -0.9415303537089625 0.33692817193680313 0.0
outer loop
vertex 5.207612048252486e-05 0.00015038267883937806 3.999999989900971e-06
vertex 5.204305853112601e-05 0.00015029028872959316 0.00018899999849963933
vertex 5.207612048252486e-05 0.00015038267883937806 0.00018899999849963933
endloop
endfacet
facet normal -0.9700377426519038 0.24295427106926695 0.0
outer loop
vertex 5.204305853112601e-05 0.00015029028872959316 3.999999989900971e-06
vertex 5.201921521802433e-05 0.00015019509010016918 3.999999989900971e-06
vertex 5.201921521802433e-05 0.00015019509010016918 0.00018899999849963933
endloop
endfacet
facet normal -0.9700377426519038 0.24295427106926695 0.0
outer loop
vertex 5.204305853112601e-05 0.00015029028872959316 3.999999989900971e-06
vertex 5.201921521802433e-05 0.00015019509010016918 0.00018899999849963933
vertex 5.204305853112601e-05 0.00015029028872959316 0.00018899999849963933
endloop
endfacet
facet normal -0.9891775725290161 0.14672331105043643 0.0
outer loop
vertex 5.201921521802433e-05 0.00015019509010016918 3.999999989900971e-06
vertex 5.200481609790586e-05 0.00015009801427368075 3.999999989900971e-06
vertex 5.200481609790586e-05 0.00015009801427368075 0.00018899999849963933
endloop
endfacet
facet normal -0.9891775725290161 0.14672331105043643 0.0
outer loop
vertex 5.201921521802433e-05 0.00015019509010016918 3.999999989900971e-06
vertex 5.200481609790586e-05 0.00015009801427368075 0.00018899999849963933
vertex 5.201921521802433e-05 0.00015019509010016918 0.00018899999849963933
endloop
endfacet
facet normal -0.9987945063412735 0.04908700543414425 0.0
outer loop
vertex 5.200481609790586e-05 0.00015009801427368075 3.999999989900971e-06
vertex 5.199999941396527e-05 0.0001500000071246177 3.999999989900971e-06
vertex 5.199999941396527e-05 0.0001500000071246177 0.00018899999849963933
endloop
endfacet
facet normal -0.9987945063412735 0.04908700543414425 0.0
outer loop
vertex 5.200481609790586e-05 0.00015009801427368075 3.999999989900971e-06
vertex 5.199999941396527e-05 0.0001500000071246177 0.00018899999849963933
vertex 5.200481609790586e-05 0.00015009801427368075 0.00018899999849963933
endloop
endfacet
facet normal -0.99879486359366 -0.04907973572587611 0.0
outer loop
vertex 5.199999941396527e-05 0.0001500000071246177 3.999999989900971e-06
vertex 5.200481609790586e-05 0.00014990198542363942 3.999999989900971e-06
vertex 5.200481609790586e-05 0.00014990198542363942 0.00018899999849963933
endloop
endfacet
facet normal -0.99879486359366 -0.04907973572587611 0.0
outer loop
vertex 5.199999941396527e-05 0.0001500000071246177 3.999999989900971e-06
vertex 5.200481609790586e-05 0.00014990198542363942 0.00018899999849963933
vertex 5.199999941396527e-05 0.0001500000071246177 0.00018899999849963933
endloop
endfacet
facet normal -0.9891775725290161 -0.14672331105043643 0.0
outer loop
vertex 5.200481609790586e-05 0.00014990198542363942 3.999999989900971e-06
vertex 5.201921521802433e-05 0.00014980490959715098 3.999999989900971e-06
vertex 5.201921521802433e-05 0.00014980490959715098 0.00018899999849963933
endloop
endfacet
facet normal -0.9891775725290161 -0.14672331105043643 0.0
outer loop
vertex 5.200481609790586e-05 0.00014990198542363942 3.999999989900971e-06
vertex 5.201921521802433e-05 0.00014980490959715098 0.00018899999849963933
vertex 5.200481609790586e-05 0.00014990198542363942 0.00018899999849963933
endloop
endfacet
facet normal -0.9700377426519038 -0.24295427106926695 0.0
outer loop
vertex 5.201921521802433e-05 0.00014980490959715098 3.999999989900971e-06
vertex 5.204305853112601e-05 0.000149709710967727 3.999999989900971e-06
vertex 5.204305853112601e-05 0.000149709710967727 0.00018899999849963933
endloop
endfacet
facet normal -0.9700377426519038 -0.24295427106926695 0.0
outer loop
vertex 5.201921521802433e-05 0.00014980490959715098 3.999999989900971e-06
vertex 5.204305853112601e-05 0.000149709710967727 0.00018899999849963933
vertex 5.201921521802433e-05 0.00014980490959715098 0.00018899999849963933
endloop
endfacet
facet normal -0.9415303537089625 -0.33692817193680313 0.0
outer loop
vertex 5.204305853112601e-05 0.000149709710967727 3.999999989900971e-06
vertex 5.207612048252486e-05 0.0001496173208579421 3.999999989900971e-06
vertex 5.207612048252486e-05 0.0001496173208579421 0.00018899999849963933
endloop
endfacet
facet normal -0.9415303537089625 -0.33692817193680313 0.0
outer loop
vertex 5.204305853112601e-05 0.000149709710967727 3.999999989900971e-06
vertex 5.207612048252486e-05 0.0001496173208579421 0.00018899999849963933
vertex 5.204305853112601e-05 0.000149709710967727 0.00018899999849963933
endloop
endfacet
facet normal -0.9040131454457061 -0.4275046582920013 0.0
outer loop
vertex 5.207612048252486e-05 0.0001496173208579421 3.999999989900971e-06
vertex 5.2118077292107046e-05 0.00014952859783079475 3.999999989900971e-06
vertex 5.2118077292107046e-05 0.00014952859783079475 0.00018899999849963933
endloop
endfacet
facet normal -0.9040131454457061 -0.4275046582920013 0.0
outer loop
vertex 5.207612048252486e-05 0.0001496173208579421 3.999999989900971e-06
vertex 5.2118077292107046e-05 0.00014952859783079475 0.00018899999849963933
vertex 5.207612048252486e-05 0.0001496173208579421 0.00018899999849963933
endloop
endfacet
facet normal -0.8577152821083818 -0.514124979783845 0.0
outer loop
vertex 5.2118077292107046e-05 0.00014952859783079475 3.999999989900971e-06
vertex 5.2168528782203794e-05 0.00014944442955311388 3.999999989900971e-06
vertex 5.2168528782203794e-05 0.00014944442955311388 0.00018899999849963933
endloop
endfacet
facet normal -0.8577152821083818 -0.514124979783845 0.0
outer loop
vertex 5.2118077292107046e-05 0.00014952859783079475 3.999999989900971e-06
vertex 5.2168528782203794e-05 0.00014944442955311388 0.00018899999849963933
vertex 5.2118077292107046e-05 0.00014952859783079475 0.00018899999849963933
endloop
endfacet
facet normal -0.8032090219823352 -0.5956972947782965 0.0
outer loop
vertex 5.2168528782203794e-05 0.00014944442955311388 3.999999989900971e-06
vertex 5.222699110163376e-05 0.00014936560182832181 3.999999989900971e-06
vertex 5.222699110163376e-05 0.00014936560182832181 0.00018899999849963933
endloop
endfacet
facet normal -0.8032090219823352 -0.5956972947782965 0.0
outer loop
vertex 5.2168528782203794e-05 0.00014944442955311388 3.999999989900971e-06
vertex 5.222699110163376e-05 0.00014936560182832181 0.00018899999849963933
vertex 5.2168528782203794e-05 0.00014944442955311388 0.00018899999849963933
endloop
endfacet
facet normal -0.7409039299023323 -0.6716110233276996 0.0
outer loop
vertex 5.222699110163376e-05 0.00014936560182832181 3.999999989900971e-06
vertex 5.2292893087724224e-05 0.0001492929004598409 3.999999989900971e-06
vertex 5.2292893087724224e-05 0.0001492929004598409 0.00018899999849963933
endloop
endfacet
facet normal -0.7409039299023323 -0.6716110233276996 0.0
outer loop
vertex 5.222699110163376e-05 0.00014936560182832181 3.999999989900971e-06
vertex 5.2292893087724224e-05 0.0001492929004598409 0.00018899999849963933
vertex 5.222699110163376e-05 0.00014936560182832181 0.00018899999849963933
endloop
endfacet
facet normal -0.6715760328926187 -0.7409356463581789 0.0
outer loop
vertex 5.2292893087724224e-05 0.0001492929004598409 3.999999989900971e-06
vertex 5.2365605370141566e-05 0.00014922699483577162 3.999999989900971e-06
vertex 5.2365605370141566e-05 0.00014922699483577162 0.00018899999849963933
endloop
endfacet
facet normal -0.6715760328926187 -0.7409356463581789 0.0
outer loop
vertex 5.2292893087724224e-05 0.0001492929004598409 3.999999989900971e-06
vertex 5.2365605370141566e-05 0.00014922699483577162 0.00018899999849963933
vertex 5.2292893087724224e-05 0.0001492929004598409 0.00018899999849963933
endloop
endfacet
facet normal -0.5957628578049455 -0.8031603932341809 0.0
outer loop
vertex 5.2365605370141566e-05 0.00014922699483577162 3.999999989900971e-06
vertex 5.244442945695482e-05 0.00014916852524038404 3.999999989900971e-06
vertex 5.244442945695482e-05 0.00014916852524038404 0.00018899999849963933
endloop
endfacet
facet normal -0.5957628578049455 -0.8031603932341809 0.0
outer loop
vertex 5.2365605370141566e-05 0.00014922699483577162 3.999999989900971e-06
vertex 5.244442945695482e-05 0.00014916852524038404 0.00018899999849963933
vertex 5.2365605370141566e-05 0.00014922699483577162 0.00018899999849963933
endloop
endfacet
facet normal -0.5140922853317047 -0.8577348787139445 0.0
outer loop
vertex 5.244442945695482e-05 0.00014916852524038404 3.999999989900971e-06
vertex 5.252860501059331e-05 0.0001491180737502873 3.999999989900971e-06
vertex 5.252860501059331e-05 0.0001491180737502873 0.00018899999849963933
endloop
endfacet
facet normal -0.5140922853317047 -0.8577348787139445 0.0
outer loop
vertex 5.244442945695482e-05 0.00014916852524038404 3.999999989900971e-06
vertex 5.252860501059331e-05 0.0001491180737502873 0.00018899999849963933
vertex 5.244442945695482e-05 0.00014916852524038404 0.00018899999849963933
endloop
endfacet
facet normal -0.42751734325615237 -0.9040071466615743 0.0
outer loop
vertex 5.252860501059331e-05 0.0001491180737502873 3.999999989900971e-06
vertex 5.261731712380424e-05 0.0001490761205786839 3.999999989900971e-06
vertex 5.261731712380424e-05 0.0001490761205786839 0.00018899999849963933
endloop
endfacet
facet normal -0.42751734325615237 -0.9040071466615743 0.0
outer loop
vertex 5.252860501059331e-05 0.0001491180737502873 3.999999989900971e-06
vertex 5.261731712380424e-05 0.0001490761205786839 0.00018899999849963933
vertex 5.252860501059331e-05 0.0001491180737502873 0.00018899999849963933
endloop
endfacet
facet normal -0.3369046516681994 -0.9415387701440281 0.0
outer loop
vertex 5.261731712380424e-05 0.0001490761205786839 3.999999989900971e-06
vertex 5.270971450954676e-05 0.00014904305862728506 3.999999989900971e-06
vertex 5.270971450954676e-05 0.00014904305862728506 0.00018899999849963933
endloop
endfacet
facet normal -0.3369046516681994 -0.9415387701440281 0.0
outer loop
vertex 5.261731712380424e-05 0.0001490761205786839 3.999999989900971e-06
vertex 5.270971450954676e-05 0.00014904305862728506 0.00018899999849963933
vertex 5.261731712380424e-05 0.0001490761205786839 0.00018899999849963933
endloop
endfacet
facet normal -0.24303277109162985 -0.9700180782725256 0.0
outer loop
vertex 5.270971450954676e-05 0.00014904305862728506 3.999999989900971e-06
vertex 5.2804909500991926e-05 0.00014901920803822577 3.999999989900971e-06
vertex 5.2804909500991926e-05 0.00014901920803822577 0.00018899999849963933
endloop
endfacet
facet normal -0.24303277109162985 -0.9700180782725256 0.0
outer loop
vertex 5.270971450954676e-05 0.00014904305862728506 3.999999989900971e-06
vertex 5.2804909500991926e-05 0.00014901920803822577 0.00018899999849963933
vertex 5.270971450954676e-05 0.00014904305862728506 0.00018899999849963933
endloop
endfacet
facet normal -0.14665614363933555 -0.9891875330455991 0.0
outer loop
vertex 5.2804909500991926e-05 0.00014901920803822577 3.999999989900971e-06
vertex 5.2901981689501554e-05 0.00014900481619406492 3.999999989900971e-06
vertex 5.2901981689501554e-05 0.00014900481619406492 0.00018899999849963933
endloop
endfacet
facet normal -0.14665614363933555 -0.9891875330455991 0.0
outer loop
vertex 5.2804909500991926e-05 0.00014901920803822577 3.999999989900971e-06
vertex 5.2901981689501554e-05 0.00014900481619406492 0.00018899999849963933
vertex 5.2804909500991926e-05 0.00014901920803822577 0.00018899999849963933
endloop
endfacet
facet normal -0.04908155295131086 -0.9987947742954444 0.0
outer loop
vertex 5.2901981689501554e-05 0.00014900481619406492 3.999999989900971e-06
vertex 5.2999999752501026e-05 0.00014899999951012433 3.999999989900971e-06
vertex 5.2999999752501026e-05 0.00014899999951012433 0.00018899999849963933
endloop
endfacet
facet normal -0.04908155295131086 -0.9987947742954444 0.0
outer loop
vertex 5.2901981689501554e-05 0.00014900481619406492 3.999999989900971e-06
vertex 5.2999999752501026e-05 0.00014899999951012433 0.00018899999849963933
vertex 5.2901981689501554e-05 0.00014900481619406492 0.00018899999849963933
endloop
endfacet
facet normal 0.04908155295131086 -0.9987947742954444 0.0
outer loop
vertex 5.2999999752501026e-05 0.00014899999951012433 3.999999989900971e-06
vertex 5.30980178155005e-05 0.00014900481619406492 3.999999989900971e-06
vertex 5.30980178155005e-05 0.00014900481619406492 0.00018899999849963933
endloop
endfacet
facet normal 0.04908155295131086 -0.9987947742954444 0.0
outer loop
vertex 5.2999999752501026e-05 0.00014899999951012433 3.999999989900971e-06
vertex 5.30980178155005e-05 0.00014900481619406492 0.00018899999849963933
vertex 5.2999999752501026e-05 0.00014899999951012433 0.00018899999849963933
endloop
endfacet
facet normal 0.14665614363933555 -0.9891875330455991 0.0
outer loop
vertex 5.30980178155005e-05 0.00014900481619406492 3.999999989900971e-06
vertex 5.3195090004010126e-05 0.00014901920803822577 3.999999989900971e-06
vertex 5.3195090004010126e-05 0.00014901920803822577 0.00018899999849963933
endloop
endfacet
facet normal 0.14665614363933555 -0.9891875330455991 0.0
outer loop
vertex 5.30980178155005e-05 0.00014900481619406492 3.999999989900971e-06
vertex 5.3195090004010126e-05 0.00014901920803822577 0.00018899999849963933
vertex 5.30980178155005e-05 0.00014900481619406492 0.00018899999849963933
endloop
endfacet
facet normal 0.24303277109162985 -0.9700180782725256 0.0
outer loop
vertex 5.3195090004010126e-05 0.00014901920803822577 3.999999989900971e-06
vertex 5.3290284995455295e-05 0.00014904305862728506 3.999999989900971e-06
vertex 5.3290284995455295e-05 0.00014904305862728506 0.00018899999849963933
endloop
endfacet
facet normal 0.24303277109162985 -0.9700180782725256 0.0
outer loop
vertex 5.3195090004010126e-05 0.00014901920803822577 3.999999989900971e-06
vertex 5.3290284995455295e-05 0.00014904305862728506 0.00018899999849963933
vertex 5.3195090004010126e-05 0.00014901920803822577 0.00018899999849963933
endloop
endfacet
facet normal 0.3369046516681994 -0.9415387701440281 0.0
outer loop
vertex 5.3290284995455295e-05 0.00014904305862728506 3.999999989900971e-06
vertex 5.338268238119781e-05 0.0001490761205786839 3.999999989900971e-06
vertex 5.338268238119781e-05 0.0001490761205786839 0.00018899999849963933
endloop
endfacet
facet normal 0.3369046516681994 -0.9415387701440281 0.0
outer loop
vertex 5.3290284995455295e-05 0.00014904305862728506 3.999999989900971e-06
vertex 5.338268238119781e-05 0.0001490761205786839 0.00018899999849963933
vertex 5.3290284995455295e-05 0.00014904305862728506 0.00018899999849963933
endloop
endfacet
facet normal 0.4275030160411486 -0.9040139220585718 0.0
outer loop
vertex 5.338268238119781e-05 0.0001490761205786839 3.999999989900971e-06
vertex 5.347139813238755e-05 0.0001491180737502873 3.999999989900971e-06
vertex 5.347139813238755e-05 0.0001491180737502873 0.00018899999849963933
endloop
endfacet
facet normal 0.4275030160411486 -0.9040139220585718 0.0
outer loop
vertex 5.338268238119781e-05 0.0001490761205786839 3.999999989900971e-06
vertex 5.347139813238755e-05 0.0001491180737502873 0.00018899999849963933
vertex 5.338268238119781e-05 0.0001490761205786839 0.00018899999849963933
endloop
endfacet
facet normal 0.5141086321313505 -0.8577250808785013 0.0
outer loop
vertex 5.347139813238755e-05 0.0001491180737502873 3.999999989900971e-06
vertex 5.355557004804723e-05 0.00014916852524038404 3.999999989900971e-06
vertex 5.355557004804723e-05 0.00014916852524038404 0.00018899999849963933
endloop
endfacet
facet normal 0.5141086321313505 -0.8577250808785013 0.0
outer loop
vertex 5.347139813238755e-05 0.0001491180737502873 3.999999989900971e-06
vertex 5.355557004804723e-05 0.00014916852524038404 0.00018899999849963933
vertex 5.347139813238755e-05 0.0001491180737502873 0.00018899999849963933
endloop
endfacet
facet normal 0.5957628578049455 -0.8031603932341809 0.0
outer loop
vertex 5.355557004804723e-05 0.00014916852524038404 3.999999989900971e-06
vertex 5.3634394134860486e-05 0.00014922699483577162 3.999999989900971e-06
vertex 5.3634394134860486e-05 0.00014922699483577162 0.00018899999849963933
endloop
endfacet
facet normal 0.5957628578049455 -0.8031603932341809 0.0
outer loop
vertex 5.355557004804723e-05 0.00014916852524038404 3.999999989900971e-06
vertex 5.3634394134860486e-05 0.00014922699483577162 0.00018899999849963933
vertex 5.355557004804723e-05 0.00014916852524038404 0.00018899999849963933
endloop
endfacet
facet normal 0.6715760328926187 -0.7409356463581789 0.0
outer loop
vertex 5.3634394134860486e-05 0.00014922699483577162 3.999999989900971e-06
vertex 5.370710641727783e-05 0.0001492929004598409 3.999999989900971e-06
vertex 5.370710641727783e-05 0.0001492929004598409 0.00018899999849963933
endloop
endfacet
facet normal 0.6715760328926187 -0.7409356463581789 0.0
outer loop
vertex 5.3634394134860486e-05 0.00014922699483577162 3.999999989900971e-06
vertex 5.370710641727783e-05 0.0001492929004598409 0.00018899999849963933
vertex 5.3634394134860486e-05 0.00014922699483577162 0.00018899999849963933
endloop
endfacet
facet normal 0.7408854816615834 -0.6716313743885731 0.0
outer loop
vertex 5.370710641727783e-05 0.0001492929004598409 3.999999989900971e-06
vertex 5.37730120413471e-05 0.00014936560182832181 3.999999989900971e-06
vertex 5.37730120413471e-05 0.00014936560182832181 0.00018899999849963933
endloop
endfacet
facet normal 0.7408854816615834 -0.6716313743885731 0.0
outer loop
vertex 5.370710641727783e-05 0.0001492929004598409 3.999999989900971e-06
vertex 5.37730120413471e-05 0.00014936560182832181 0.00018899999849963933
vertex 5.370710641727783e-05 0.0001492929004598409 0.00018899999849963933
endloop
endfacet
facet normal 0.8032267583559691 -0.5956733791776846 0.0
outer loop
vertex 5.37730120413471e-05 0.00014936560182832181 3.999999989900971e-06
vertex 5.383147072279826e-05 0.00014944442955311388 3.999999989900971e-06
vertex 5.383147072279826e-05 0.00014944442955311388 0.00018899999849963933
endloop
endfacet
facet normal 0.8032267583559691 -0.5956733791776846 0.0
outer loop
vertex 5.37730120413471e-05 0.00014936560182832181 3.999999989900971e-06
vertex 5.383147072279826e-05 0.00014944442955311388 0.00018899999849963933
vertex 5.37730120413471e-05 0.00014936560182832181 0.00018899999849963933
endloop
endfacet
facet normal 0.8577152821083818 -0.514124979783845 0.0
outer loop
vertex 5.383147072279826e-05 0.00014944442955311388 3.999999989900971e-06
vertex 5.3881922212895006e-05 0.00014952859783079475 3.999999989900971e-06
vertex 5.3881922212895006e-05 0.00014952859783079475 0.00018899999849963933
endloop
endfacet
facet normal 0.8577152821083818 -0.514124979783845 0.0
outer loop
vertex 5.383147072279826e-05 0.00014944442955311388 3.999999989900971e-06
vertex 5.3881922212895006e-05 0.00014952859783079475 0.00018899999849963933
vertex 5.383147072279826e-05 0.00014944442955311388 0.00018899999849963933
endloop
endfacet
facet normal 0.9040131454457061 -0.4275046582920013 0.0
outer loop
vertex 5.3881922212895006e-05 0.00014952859783079475 3.999999989900971e-06
vertex 5.3923879022477195e-05 0.0001496173208579421 3.999999989900971e-06
vertex 5.3923879022477195e-05 0.0001496173208579421 0.00018899999849963933
endloop
endfacet
facet normal 0.9040131454457061 -0.4275046582920013 0.0
outer loop
vertex 5.3881922212895006e-05 0.00014952859783079475 3.999999989900971e-06
vertex 5.3923879022477195e-05 0.0001496173208579421 0.00018899999849963933
vertex 5.3881922212895006e-05 0.00014952859783079475 0.00018899999849963933
endloop
endfacet
facet normal 0.9415303537089625 -0.33692817193680313 0.0
outer loop
vertex 5.3923879022477195e-05 0.0001496173208579421 3.999999989900971e-06
vertex 5.3956940973876044e-05 0.000149709710967727 3.999999989900971e-06
vertex 5.3956940973876044e-05 0.000149709710967727 0.00018899999849963933
endloop
endfacet
facet normal 0.9415303537089625 -0.33692817193680313 0.0
outer loop
vertex 5.3923879022477195e-05 0.0001496173208579421 3.999999989900971e-06
vertex 5.3956940973876044e-05 0.000149709710967727 0.00018899999849963933
vertex 5.3923879022477195e-05 0.0001496173208579421 0.00018899999849963933
endloop
endfacet
facet normal 0.9700377426519038 -0.24295427106926695 0.0
outer loop
vertex 5.3956940973876044e-05 0.000149709710967727 3.999999989900971e-06
vertex 5.398078428697772e-05 0.00014980490959715098 3.999999989900971e-06
vertex 5.398078428697772e-05 0.00014980490959715098 0.00018899999849963933
endloop
endfacet
facet normal 0.9700377426519038 -0.24295427106926695 0.0
outer loop
vertex 5.3956940973876044e-05 0.000149709710967727 3.999999989900971e-06
vertex 5.398078428697772e-05 0.00014980490959715098 0.00018899999849963933
vertex 5.3956940973876044e-05 0.000149709710967727 0.00018899999849963933
endloop
endfacet
facet normal 0.9891775725290161 -0.14672331105043643 0.0
outer loop
vertex 5.398078428697772e-05 0.00014980490959715098 3.999999989900971e-06
vertex 5.399518340709619e-05 0.00014990198542363942 3.999999989900971e-06
vertex 5.399518340709619e-05 0.00014990198542363942 0.00018899999849963933
endloop
endfacet
facet normal 0.9891775725290161 -0.14672331105043643 0.0
outer loop
vertex 5.398078428697772e-05 0.00014980490959715098 3.999999989900971e-06
vertex 5.399518340709619e-05 0.00014990198542363942 0.00018899999849963933
vertex 5.398078428697772e-05 0.00014980490959715098 0.00018899999849963933
endloop
endfacet
facet normal 0.99879486359366 -0.04907973572587611 0.0
outer loop
vertex 5.399518340709619e-05 0.00014990198542363942 3.999999989900971e-06
vertex 5.400000009103678e-05 0.0001500000071246177 3.999999989900971e-06
vertex 5.400000009103678e-05 0.0001500000071246177 0.00018899999849963933
endloop
endfacet
facet normal 0.99879486359366 -0.04907973572587611 0.0
outer loop
vertex 5.399518340709619e-05 0.00014990198542363942 3.999999989900971e-06
vertex 5.400000009103678e-05 0.0001500000071246177 0.00018899999849963933
vertex 5.399518340709619e-05 0.00014990198542363942 0.00018899999849963933
endloop
endfacet
facet normal 0.0 0.0 0.0
outer loop
vertex 5.2999999752501026e-05 0.0001500000071246177 0.00018899999849963933
vertex 5.400000009103678e-05 0.0001500000071246177 0.00018899999849963933
vertex 5.399518340709619e-05 0.00015009801427368075 0.00018899999849963933
endloop
endfacet
facet normal 0.0 0.0 0.0
outer loop
vertex 5.2999999752501026e-05 0.0001500000071246177 0.00018899999849963933
vertex 5.399518340709619e-05 0.00015009801427368075 0.00018899999849963933
vertex 5.398078428697772e-05 0.00015019509010016918 0.00018899999849963933
endloop
endfacet
facet normal 0.0 0.0 0.0
outer loop
vertex 5.2999999752501026e-05 0.0001500000071246177 0.00018899999849963933
vertex 5.398078428697772e-05 0.00015019509010016918 0.00018899999849963933
vertex 5.3956940973876044e-05 0.00015029028872959316 0.00018899999849963933
endloop
endfacet
facet normal 0.0 0.0 0.0
outer loop
vertex 5.2999999752501026e-05 0.0001500000071246177 0.00018899999849963933
vertex 5.3956940973876044e-05 0.00015029028872959316 0.00018899999849963933
vertex 5.3923879022477195e-05 0.00015038267883937806 0.00018899999849963933
endloop
endfacet
facet normal 0.0 0.0 0.0
outer loop
vertex 5.2999999752501026e-05 0.0001500000071246177 0.00018899999849963933
vertex 5.3923879022477195e-05 0.00015038267883937806 0.00018899999849963933
vertex 5.3881922212895006e-05 0.0001504714018665254 0.00018899999849963933
endloop
endfacet
facet normal 0.0 0.0 0.0
outer loop
vertex 5.2999999752501026e-05 0.0001500000071246177 0.00018899999849963933
vertex 5.3881922212895006e-05 0.0001504714018665254 0.00018899999849963933
vertex 5.383147072279826e-05 0.00015055557014420629 0.00018899999849963933
endloop
endfacet
facet normal 0.0 0.0 0.0
outer loop
vertex 5.2999999752501026e-05 0.0001500000071246177 0.00018899999849963933
vertex 5.383147072279826e-05 0.00015055557014420629 0.00018899999849963933
vertex 5.37730120413471e-05 0.00015063439786899835 0.00018899999849963933
endloop
endfacet
facet normal 0.0 0.0 0.0
outer loop
vertex 5.2999999752501026e-05 0.0001500000071246177 0.00018899999849963933
vertex 5.37730120413471e-05 0.00015063439786899835 0.00018899999849963933
vertex 5.370710641727783e-05 0.0001507071137893945 0.00018899999849963933
endloop
endfacet
facet normal 0.0 0.0 0.0
outer loop
vertex 5.2999999752501026e-05 0.0001500000071246177 0.00018899999849963933
vertex 5.370710641727783e-05 0.0001507071137893945 0.00018899999849963933
vertex 5.3634394134860486e-05 0.00015077300486154854 0.00018899999849963933
endloop
endfacet
facet normal 0.0 0.0 0.0
outer loop
vertex 5.2999999752501026e-05 0.0001500000071246177 0.00018899999849963933
vertex 5.3634394134860486e-05 0.00015077300486154854 0.00018899999849963933
vertex 5.355557004804723e-05 0.00015083147445693612 0.00018899999849963933
endloop
endfacet
facet normal 0.0 0.0 0.0
outer loop
vertex 5.2999999752501026e-05 0.0001500000071246177 0.00018899999849963933
vertex 5.355557004804723e-05 0.00015083147445693612 0.00018899999849963933
vertex 5.347139813238755e-05 0.00015088192594703287 0.00018899999849963933
endloop
endfacet
facet normal 0.0 0.0 0.0
outer loop
vertex 5.2999999752501026e-05 0.0001500000071246177 0.00018899999849963933
vertex 5.347139813238755e-05 0.00015088192594703287 0.00018899999849963933
vertex 5.338268238119781e-05 0.00015092387911863625 0.00018899999849963933
endloop
endfacet
facet normal 0.0 0.0 0.0
outer loop
vertex 5.2999999752501026e-05 0.0001500000071246177 0.00018899999849963933
vertex 5.338268238119781e-05 0.00015092387911863625 0.00018899999849963933
vertex 5.3290284995455295e-05 0.0001509569410700351 0.00018899999849963933
endloop
endfacet
facet normal 0.0 0.0 0.0
outer loop
vertex 5.2999999752501026e-05 0.0001500000071246177 0.00018899999849963933
vertex 5.3290284995455295e-05 0.0001509569410700351 0.00018899999849963933
vertex 5.3195090004010126e-05 0.0001509807916590944 0.00018899999849963933
endloop
endfacet
facet normal 0.0 0.0 0.0
outer loop
vertex 5.2999999752501026e-05 0.0001500000071246177 0.00018899999849963933
vertex 5.3195090004010126e-05 0.0001509807916590944 0.00018899999849963933
vertex 5.30980178155005e-05 0.00015099518350325525 0.00018899999849963933
endloop
endfacet
facet normal 0.0 0.0 0.0
outer loop
vertex 5.2999999752501026e-05 0.0001500000071246177 0.00018899999849963933
vertex 5.30980178155005e-05 0.00015099518350325525 0.00018899999849963933
vertex 5.2999999752501026e-05 0.00015100000018719584 0.00018899999849963933
endloop
endfacet
facet normal 0.0 0.0 0.0
outer loop
vertex 5.2999999752501026e-05 0.0001500000071246177 0.00018899999849963933
vertex 5.2999999752501026e-05 0.00015100000018719584 0.00018899999849963933
vertex 5.2901981689501554e-05 0.00015099518350325525 0.00018899999849963933
endloop
endfacet
facet normal 0.0 0.0 0.0
outer loop
vertex 5.2999999752501026e-05 0.0001500000071246177 0.00018899999849963933
vertex 5.2901981689501554e-05 0.00015099518350325525 0.00018899999849963933
vertex 5.2804909500991926e-05 0.0001509807916590944 0.00018899999849963933
endloop
endfacet
facet normal 0.0 0.0 0.0
outer loop
vertex 5.2999999752501026e-05 0.0001500000071246177 0.00018899999849963933
vertex 5.2804909500991926e-05 0.0001509807916590944 0.00018899999849963933
vertex 5.270971450954676e-05 0.0001509569410700351 0.00018899999849963933
endloop
endfacet
facet normal 0.0 0.0 0.0
outer loop
vertex 5.2999999752501026e-05 0.0001500000071246177 0.00018899999849963933
vertex 5.270971450954676e-05 0.0001509569410700351 0.00018899999849963933
vertex 5.261731712380424e-05 0.00015092387911863625 0.00018899999849963933
endloop
endfacet
facet normal 0.0 0.0 0.0
outer loop
vertex 5.2999999752501026e-05 0.0001500000071246177 0.00018899999849963933
vertex 5.261731712380424e-05 0.00015092387911863625 0.00018899999849963933
vertex 5.252860501059331e-05 0.00015088192594703287 0.00018899999849963933
endloop
endfacet
facet normal 0.0 0.0 0.0
outer loop
vertex 5.2999999752501026e-05 0.0001500000071246177 0.00018899999849963933
vertex 5.252860501059331e-05 0.00015088192594703287 0.00018899999849963933
vertex 5.244442945695482e-05 0.00015083147445693612 0.00018899999849963933
endloop
endfacet
facet normal 0.0 0.0 0.0
outer loop
vertex 5.2999999752501026e-05 0.0001500000071246177 0.00018899999849963933
vertex 5.244442945695482e-05 0.00015083147445693612 0.00018899999849963933
vertex 5.2365605370141566e-05 0.00015077300486154854 0.00018899999849963933
endloop
endfacet
facet normal 0.0 0.0 0.0
outer loop
vertex 5.2999999752501026e-05 0.0001500000071246177 0.00018899999849963933
vertex 5.2365605370141566e-05 0.00015077300486154854 0.00018899999849963933
vertex 5.2292893087724224e-05 0.0001507071137893945 0.00018899999849963933
endloop
endfacet
facet normal 0.0 0.0 0.0
outer loop
vertex 5.2999999752501026e-05 0.0001500000071246177 0.00018899999849963933
vertex 5.2292893087724224e-05 0.0001507071137893945 0.00018899999849963933
vertex 5.222699110163376e-05 0.00015063439786899835 0.00018899999849963933
endloop
endfacet
facet normal 0.0 0.0 0.0
outer loop
vertex 5.2999999752501026e-05 0.0001500000071246177 0.00018899999849963933
vertex 5.222699110163376e-05 0.00015063439786899835 0.00018899999849963933
vertex 5.2168528782203794e-05 0.00015055557014420629 0.00018899999849963933
endloop
endfacet
facet normal 0.0 0.0 0.0
outer loop
vertex 5.2999999752501026e-05 0.0001500000071246177 0.00018899999849963933
vertex 5.2168528782203794e-05 0.00015055557014420629 0.00018899999849963933
vertex 5.2118077292107046e-05 0.0001504714018665254 0.00018899999849963933
endloop
endfacet
facet normal 0.0 0.0 0.0
outer loop
vertex 5.2999999752501026e-05 0.0001500000071246177 0.00018899999849963933
vertex 5.2118077292107046e-05 0.0001504714018665254 0.00018899999849963933
vertex 5.207612048252486e-05 0.00015038267883937806 0.00018899999849963933
endloop
endfacet
facet normal 0.0 0.0 0.0
outer loop
vertex 5.2999999752501026e-05 0.0001500000071246177 0.00018899999849963933
vertex 5.207612048252486e-05 0.00015038267883937806 0.00018899999849963933
vertex 5.204305853112601e-05 0.00015029028872959316 0.00018899999849963933
endloop
endfacet
facet normal 0.0 0.0 0.0
outer loop
vertex 5.2999999752501026e-05 0.0001500000071246177 0.00018899999849963933
vertex 5.204305853112601e-05 0.00015029028872959316 0.00018899999849963933
vertex 5.201921521802433e-05 0.00015019509010016918 0.00018899999849963933
endloop
endfacet
facet normal 0.0 0.0 0.0
outer loop
vertex 5.2999999752501026e-05 0.0001500000071246177 0.00018899999849963933
vertex 5.201921521802433e-05 0.00015019509010016918 0.00018899999849963933
vertex 5.200481609790586e-05 0.00015009801427368075 0.00018899999849963933
endloop
endfacet
facet normal 0.0 0.0 0.0
outer loop
vertex 5.2999999752501026e-05 0.0001500000071246177 0.00018899999849963933
vertex 5.200481609790586e-05 0.00015009801427368075 0.00018899999849963933
vertex 5.199999941396527e-05 0.0001500000071246177 0.00018899999849963933
endloop
endfacet
facet normal 0.0 0.0 0.0
outer loop
vertex 5.2999999752501026e-05 0.0001500000071246177 0.00018899999849963933
vertex 5.199999941396527e-05 0.0001500000071246177 0.00018899999849963933
vertex 5.200481609790586e-05 0.00014990198542363942 0.00018899999849963933
endloop
endfacet
facet normal 0.0 0.0 0.0
outer loop
vertex 5.2999999752501026e-05 0.0001500000071246177 0.00018899999849963933
vertex 5.200481609790586e-05 0.00014990198542363942 0.00018899999849963933
vertex 5.201921521802433e-05 0.00014980490959715098 0.00018899999849963933
endloop
endfacet
facet normal 0.0 0.0 0.0
outer loop
vertex 5.2999999752501026e-05 0.0001500000071246177 0.00018899999849963933
vertex 5.201921521802433e-05 0.00014980490959715098 0.00018899999849963933
vertex 5.204305853112601e-05 0.000149709710967727 0.00018899999849963933
endloop
endfacet
facet normal 0.0 0.0 0.0
outer loop
vertex 5.2999999752501026e-05 0.0001500000071246177 0.00018899999849963933
vertex 5.204305853112601e-05 0.000149709710967727 0.00018899999849963933
vertex 5.207612048252486e-05 0.0001496173208579421 0.00018899999849963933
endloop
endfacet
facet normal 0.0 0.0 0.0
outer loop
vertex 5.2999999752501026e-05 0.0001500000071246177 0.00018899999849963933
vertex 5.207612048252486e-05 0.0001496173208579421 0.00018899999849963933
vertex 5.2118077292107046e-05 0.00014952859783079475 0.00018899999849963933
endloop
endfacet
facet normal 0.0 0.0 0.0
outer loop
vertex 5.2999999752501026e-05 0.0001500000071246177 0.00018899999849963933
vertex 5.2118077292107046e-05 0.00014952859783079475 0.00018899999849963933
vertex 5.2168528782203794e-05 0.00014944442955311388 0.00018899999849963933
endloop
endfacet
facet normal 0.0 0.0 0.0
outer loop
vertex 5.2999999752501026e-05 0.0001500000071246177 0.00018899999849963933
vertex 5.2168528782203794e-05 0.00014944442955311388 0.00018899999849963933
vertex 5.222699110163376e-05 0.00014936560182832181 0.00018899999849963933
endloop
endfacet
facet normal 0.0 0.0 0.0
outer loop
vertex 5.2999999752501026e-05 0.0001500000071246177 0.00018899999849963933
vertex 5.222699110163376e-05 0.00014936560182832181 0.00018899999849963933
vertex 5.2292893087724224e-05 0.0001492929004598409 0.00018899999849963933
endloop
endfacet
facet normal 0.0 0.0 0.0
outer loop
vertex 5.2999999752501026e-05 0.0001500000071246177 0.00018899999849963933
vertex 5.2292893087724224e-05 0.0001492929004598409 0.00018899999849963933
vertex 5.2365605370141566e-05 0.00014922699483577162 0.00018899999849963933
endloop
endfacet
facet normal 0.0 0.0 0.0
outer loop
vertex 5.2999999752501026e-05 0.0001500000071246177 0.00018899999849963933
vertex 5.2365605370141566e-05 0.00014922699483577162 0.00018899999849963933
vertex 5.244442945695482e-05 0.00014916852524038404 0.00018899999849963933
endloop
endfacet
facet normal 0.0 0.0 0.0
outer loop
vertex 5.2999999752501026e-05 0.0001500000071246177 0.00018899999849963933
vertex 5.244442945695482e-05 0.00014916852524038404 0.00018899999849963933
vertex 5.252860501059331e-05 0.0001491180737502873 0.00018899999849963933
endloop
endfacet
facet normal 0.0 0.0 0.0
outer loop
vertex 5.2999999752501026e-05 0.0001500000071246177 0.00018899999849963933
vertex 5.252860501059331e-05 0.0001491180737502873 0.00018899999849963933
vertex 5.261731712380424e-05 0.0001490761205786839 0.00018899999849963933
endloop
endfacet
facet normal 0.0 0.0 0.0
outer loop
vertex 5.2999999752501026e-05 0.0001500000071246177 0.00018899999849963933
vertex 5.261731712380424e-05 0.0001490761205786839 0.00018899999849963933
vertex 5.270971450954676e-05 0.00014904305862728506 0.00018899999849963933
endloop
endfacet
facet normal 0.0 0.0 0.0
outer loop
vertex 5.2999999752501026e-05 0.0001500000071246177 0.00018899999849963933
vertex 5.270971450954676e-05 0.00014904305862728506 0.00018899999849963933
vertex 5.2804909500991926e-05 0.00014901920803822577 0.00018899999849963933
endloop
endfacet
facet normal 0.0 0.0 0.0
outer loop
vertex 5.2999999752501026e-05 0.0001500000071246177 0.00018899999849963933
vertex 5.2804909500991926e-05 0.00014901920803822577 0.00018899999849963933
vertex 5.2901981689501554e-05 0.00014900481619406492 0.00018899999849963933
endloop
endfacet
facet normal 0.0 0.0 0.0
outer loop
vertex 5.2999999752501026e-05 0.0001500000071246177 0.00018899999849963933
vertex 5.2901981689501554e-05 0.00014900481619406492 0.00018899999849963933
vertex 5.2999999752501026e-05 0.00014899999951012433 0.00018899999849963933
endloop
endfacet
facet normal 0.0 0.0 0.0
outer loop
vertex 5.2999999752501026e-05 0.0001500000071246177 0.00018899999849963933
vertex 5.2999999752501026e-05 0.00014899999951012433 0.00018899999849963933
vertex 5.30980178155005e-05 0.00014900481619406492 0.00018899999849963933
endloop
endfacet
facet normal 0.0 0.0 0.0
outer loop
vertex 5.2999999752501026e-05 0.0001500000071246177 0.00018899999849963933
vertex 5.30980178155005e-05 0.00014900481619406492 0.00018899999849963933
vertex 5.3195090004010126e-05 0.00014901920803822577 0.00018899999849963933
endloop
endfacet
facet normal 0.0 0.0 0.0
outer loop
vertex 5.2999999752501026e-05 0.0001500000071246177 0.00018899999849963933
vertex 5.3195090004010126e-05 0.00014901920803822577 0.00018899999849963933
vertex 5.3290284995455295e-05 0.00014904305862728506 0.00018899999849963933
endloop
endfacet
facet normal 0.0 0.0 0.0
outer loop
vertex 5.2999999752501026e-05 0.0001500000071246177 0.00018899999849963933
vertex 5.3290284995455295e-05 0.00014904305862728506 0.00018899999849963933
vertex 5.338268238119781e-05 0.0001490761205786839 0.00018899999849963933
endloop
endfacet
facet normal 0.0 0.0 0.0
outer loop
vertex 5.2999999752501026e-05 0.0001500000071246177 0.00018899999849963933
vertex 5.338268238119781e-05 0.0001490761205786839 0.00018899999849963933
vertex 5.347139813238755e-05 0.0001491180737502873 0.00018899999849963933
endloop
endfacet
facet normal 0.0 0.0 0.0
outer loop
vertex 5.2999999752501026e-05 0.0001500000071246177 0.00018899999849963933
vertex 5.347139813238755e-05 0.0001491180737502873 0.00018899999849963933
vertex 5.355557004804723e-05 0.00014916852524038404 0.00018899999849963933
endloop
endfacet
facet normal 0.0 0.0 0.0
outer loop
vertex 5.2999999752501026e-05 0.0001500000071246177 0.00018899999849963933
vertex 5.355557004804723e-05 0.00014916852524038404 0.00018899999849963933
vertex 5.3634394134860486e-05 0.00014922699483577162 0.00018899999849963933
endloop
endfacet
facet normal 0.0 0.0 0.0
outer loop
vertex 5.2999999752501026e-05 0.0001500000071246177 0.00018899999849963933
vertex 5.3634394134860486e-05 0.00014922699483577162 0.00018899999849963933
vertex 5.370710641727783e-05 0.0001492929004598409 0.00018899999849963933
endloop
endfacet
facet normal 0.0 0.0 0.0
outer loop
vertex 5.2999999752501026e-05 0.0001500000071246177 0.00018899999849963933
vertex 5.370710641727783e-05 0.0001492929004598409 0.00018899999849963933
vertex 5.37730120413471e-05 0.00014936560182832181 0.00018899999849963933
endloop
endfacet
facet normal 0.0 0.0 0.0
outer loop
vertex 5.2999999752501026e-05 0.0001500000071246177 0.00018899999849963933
vertex 5.37730120413471e-05 0.00014936560182832181 0.00018899999849963933
vertex 5.383147072279826e-05 0.00014944442955311388 0.00018899999849963933
endloop
endfacet
facet normal 0.0 0.0 0.0
outer loop
vertex 5.2999999752501026e-05 0.0001500000071246177 0.00018899999849963933
vertex 5.383147072279826e-05 0.00014944442955311388 0.00018899999849963933
vertex 5.3881922212895006e-05 0.00014952859783079475 0.00018899999849963933
endloop
endfacet
facet normal 0.0 0.0 0.0
outer loop
vertex 5.2999999752501026e-05 0.0001500000071246177 0.00018899999849963933
vertex 5.3881922212895006e-05 0.00014952859783079475 0.00018899999849963933
vertex 5.3923879022477195e-05 0.0001496173208579421 0.00018899999849963933
endloop
endfacet
facet normal 0.0 0.0 0.0
outer loop
vertex 5.2999999752501026e-05 0.0001500000071246177 0.00018899999849963933
vertex 5.3923879022477195e-05 0.0001496173208579421 0.00018899999849963933
vertex 5.3956940973876044e-05 0.000149709710967727 0.00018899999849963933
endloop
endfacet
facet normal 0.0 0.0 0.0
outer loop
vertex 5.2999999752501026e-05 0.0001500000071246177 0.00018899999849963933
vertex 5.3956940973876044e-05 0.000149709710967727 0.00018899999849963933
vertex 5.398078428697772e-05 0.00014980490959715098 0.00018899999849963933
endloop
endfacet
facet normal 0.0 0.0 0.0
outer loop
vertex 5.2999999752501026e-05 0.0001500000071246177 0.00018899999849963933
vertex 5.398078428697772e-05 0.00014980490959715098 0.00018899999849963933
vertex 5.399518340709619e-05 0.00014990198542363942 0.00018899999849963933
endloop
endfacet
facet normal 0.0 0.0 0.0
outer loop
vertex 5.2999999752501026e-05 0.0001500000071246177 0.00018899999849963933
vertex 5.399518340709619e-05 0.00014990198542363942 0.00018899999849963933
vertex 5.400000009103678e-05 0.0001500000071246177 0.00018899999849963933
endloop
endfacet
facet normal 0.9987946849873092 0.0490833703111572 -0.0
outer loop
vertex 5.400000009103678e-05 0.00010800000018207356 3.999999989900971e-06
vertex 5.399518340709619e-05 0.00010809801460709423 3.999999989900971e-06
vertex 5.399518340709619e-05 0.00010809801460709423 0.00018899999849963933
endloop
endfacet
facet normal 0.9987946849873092 0.0490833703111572 0.0
outer loop
vertex 5.400000009103678e-05 0.00010800000018207356 3.999999989900971e-06
vertex 5.399518340709619e-05 0.00010809801460709423 0.00018899999849963933
vertex 5.400000009103678e-05 0.00010800000018207356 0.00018899999849963933
endloop
endfacet
facet normal 0.9891775725290161 0.14672331105043643 -0.0
outer loop
vertex 5.399518340709619e-05 0.00010809801460709423 3.999999989900971e-06
vertex 5.398078428697772e-05 0.00010819509043358266 3.999999989900971e-06
vertex 5.398078428697772e-05 0.00010819509043358266 0.00018899999849963933
endloop
endfacet
facet normal 0.9891775725290161 0.14672331105043643 0.0
outer loop
vertex 5.399518340709619e-05 0.00010809801460709423 3.999999989900971e-06
vertex 5.398078428697772e-05 0.00010819509043358266 0.00018899999849963933
vertex 5.399518340709619e-05 0.00010809801460709423 0.00018899999849963933
endloop
endfacet
facet normal 0.9700333659796523 0.24297174503671334 -0.0
outer loop
vertex 5.398078428697772e-05 0.00010819509043358266 3.999999989900971e-06
vertex 5.3956940973876044e-05 0.00010829028178704903 3.999999989900971e-06
vertex 5.3956940973876044e-05 0.00010829028178704903 0.00018899999849963933
endloop
endfacet
facet normal 0.9700333659796523 0.24297174503671334 0.0
outer loop
vertex 5.398078428697772e-05 0.00010819509043358266 3.999999989900971e-06
vertex 5.3956940973876044e-05 0.00010829028178704903 0.00018899999849963933
vertex 5.398078428697772e-05 0.00010819509043358266 0.00018899999849963933
endloop
endfacet
facet normal 0.9415471848166681 0.3368811344729874 -0.0
outer loop
vertex 5.3956940973876044e-05 0.00010829028178704903 3.999999989900971e-06
vertex 5.3923879022477195e-05 0.00010838268644874915 3.999999989900971e-06
vertex 5.3923879022477195e-05 0.00010838268644874915 0.00018899999849963933
endloop
endfacet
facet normal 0.9415471848166681 0.3368811344729874 0.0
outer loop
vertex 5.3956940973876044e-05 0.00010829028178704903 3.999999989900971e-06
vertex 5.3923879022477195e-05 0.00010838268644874915 0.00018899999849963933
vertex 5.3956940973876044e-05 0.00010829028178704903 0.00018899999849963933
endloop
endfacet
facet normal 0.9039860418083182 0.4275619676909176 -0.0
outer loop
vertex 5.3923879022477195e-05 0.00010838268644874915 3.999999989900971e-06
vertex 5.3881922212895006e-05 0.00010847139492398128 3.999999989900971e-06
vertex 5.3881922212895006e-05 0.00010847139492398128 0.00018899999849963933
endloop
endfacet
facet normal 0.9039860418083182 0.4275619676909176 0.0
outer loop
vertex 5.3923879022477195e-05 0.00010838268644874915 3.999999989900971e-06
vertex 5.3881922212895006e-05 0.00010847139492398128 0.00018899999849963933
vertex 5.3923879022477195e-05 0.00010838268644874915 0.00018899999849963933
endloop
endfacet
facet normal 0.8577348787139445 0.5140922853317047 -0.0
outer loop
vertex 5.3881922212895006e-05 0.00010847139492398128 3.999999989900971e-06
vertex 5.383147072279826e-05 0.00010855557047761977 3.999999989900971e-06
vertex 5.383147072279826e-05 0.00010855557047761977 0.00018899999849963933
endloop
endfacet
facet normal 0.8577348787139445 0.5140922853317047 0.0
outer loop
vertex 5.3881922212895006e-05 0.00010847139492398128 3.999999989900971e-06
vertex 5.383147072279826e-05 0.00010855557047761977 0.00018899999849963933
vertex 5.3881922212895006e-05 0.00010847139492398128 0.00018899999849963933
endloop
endfacet
facet normal 0.8032004493454226 0.5957088535277206 -0.0
outer loop
vertex 5.383147072279826e-05 0.00010855557047761977 3.999999989900971e-06
vertex 5.37730120413471e-05 0.00010863439092645422 3.999999989900971e-06
vertex 5.37730120413471e-05 0.00010863439092645422 0.00018899999849963933
endloop
endfacet
facet normal 0.8032004493454226 0.5957088535277206 0.0
outer loop
vertex 5.383147072279826e-05 0.00010855557047761977 3.999999989900971e-06
vertex 5.37730120413471e-05 0.00010863439092645422 0.00018899999849963933
vertex 5.383147072279826e-05 0.00010855557047761977 0.00018899999849963933
endloop
endfacet
facet normal 0.74095236516813 0.6715575869214451 -0.0
outer loop
vertex 5.37730120413471e-05 0.00010863439092645422 3.999999989900971e-06
vertex 5.370710641727783e-05 0.00010870710684685037 3.999999989900971e-06
vertex 5.370710641727783e-05 0.00010870710684685037 0.00018899999849963933
endloop
endfacet
facet normal 0.74095236516813 0.6715575869214451 0.0
outer loop
vertex 5.37730120413471e-05 0.00010863439092645422 3.999999989900971e-06
vertex 5.370710641727783e-05 0.00010870710684685037 0.00018899999849963933
vertex 5.37730120413471e-05 0.00010863439092645422 0.00018899999849963933
endloop
endfacet
facet normal 0.6715760328926187 0.7409356463581789 -0.0
outer loop
vertex 5.370710641727783e-05 0.00010870710684685037 3.999999989900971e-06
vertex 5.3634394134860486e-05 0.00010877301247091964 3.999999989900971e-06
vertex 5.3634394134860486e-05 0.00010877301247091964 0.00018899999849963933
endloop
endfacet
facet normal 0.6715760328926187 0.7409356463581789 0.0
outer loop
vertex 5.370710641727783e-05 0.00010870710684685037 3.999999989900971e-06
vertex 5.3634394134860486e-05 0.00010877301247091964 0.00018899999849963933
vertex 5.370710641727783e-05 0.00010870710684685037 0.00018899999849963933
endloop
endfacet
facet normal 0.5956671988560334 0.8032313416488471 -0.0
outer loop
vertex 5.3634394134860486e-05 0.00010877301247091964 3.999999989900971e-06
vertex 5.355557004804723e-05 0.00010883146751439199 3.999999989900971e-06
vertex 5.355557004804723e-05 0.00010883146751439199 0.00018899999849963933
endloop
endfacet
facet normal 0.5956671988560334 0.8032313416488471 0.0
outer loop
vertex 5.3634394134860486e-05 0.00010877301247091964 3.999999989900971e-06
vertex 5.355557004804723e-05 0.00010883146751439199 0.00018899999849963933
vertex 5.3634394134860486e-05 0.00010877301247091964 0.00018899999849963933
endloop
endfacet
facet normal 0.5141086321313505 0.8577250808785013 -0.0
outer loop
vertex 5.355557004804723e-05 0.00010883146751439199 3.999999989900971e-06
vertex 5.347139813238755e-05 0.00010888191900448874 3.999999989900971e-06
vertex 5.347139813238755e-05 0.00010888191900448874 0.00018899999849963933
endloop
endfacet
facet normal 0.5141086321313505 0.8577250808785013 0.0
outer loop
vertex 5.355557004804723e-05 0.00010883146751439199 3.999999989900971e-06
vertex 5.347139813238755e-05 0.00010888191900448874 0.00018899999849963933
vertex 5.355557004804723e-05 0.00010883146751439199 0.00018899999849963933
endloop
endfacet
facet normal 0.4275636050898662 0.9039852673592402 -0.0
outer loop
vertex 5.347139813238755e-05 0.00010888191900448874 3.999999989900971e-06
vertex 5.338268238119781e-05 0.00010892387945204973 3.999999989900971e-06
vertex 5.338268238119781e-05 0.00010892387945204973 0.00018899999849963933
endloop
endfacet
facet normal 0.4275636050898662 0.9039852673592402 0.0
outer loop
vertex 5.347139813238755e-05 0.00010888191900448874 3.999999989900971e-06
vertex 5.338268238119781e-05 0.00010892387945204973 0.00018899999849963933
vertex 5.347139813238755e-05 0.00010888191900448874 0.00018899999849963933
endloop
endfacet
facet normal 0.3369046516681994 0.9415387701440281 -0.0
outer loop
vertex 5.338268238119781e-05 0.00010892387945204973 3.999999989900971e-06
vertex 5.3290284995455295e-05 0.00010895694140344858 3.999999989900971e-06
vertex 5.3290284995455295e-05 0.00010895694140344858 0.00018899999849963933
endloop
endfacet
facet normal 0.3369046516681994 0.9415387701440281 0.0
outer loop
vertex 5.338268238119781e-05 0.00010892387945204973 3.999999989900971e-06
vertex 5.3290284995455295e-05 0.00010895694140344858 0.00018899999849963933
vertex 5.338268238119781e-05 0.00010892387945204973 0.00018899999849963933
endloop
endfacet
facet normal 0.24296300774866203 0.9700355544338174 -0.0
outer loop
vertex 5.3290284995455295e-05 0.00010895694140344858 3.999999989900971e-06
vertex 5.3195090004010126e-05 0.00010898078471655026 3.999999989900971e-06
vertex 5.3195090004010126e-05 0.00010898078471655026 0.00018899999849963933
endloop
endfacet
facet normal 0.24296300774866203 0.9700355544338174 0.0
outer loop
vertex 5.3290284995455295e-05 0.00010895694140344858 3.999999989900971e-06
vertex 5.3195090004010126e-05 0.00010898078471655026 0.00018899999849963933
vertex 5.3290284995455295e-05 0.00010895694140344858 0.00018899999849963933
endloop
endfacet
facet normal 0.14672869142436296 0.9891767744508027 -0.0
outer loop
vertex 5.3195090004010126e-05 0.00010898078471655026 3.999999989900971e-06
vertex 5.30980178155005e-05 0.00010899518383666873 3.999999989900971e-06
vertex 5.30980178155005e-05 0.00010899518383666873 0.00018899999849963933
endloop
endfacet
facet normal 0.14672869142436296 0.9891767744508027 0.0
outer loop
vertex 5.3195090004010126e-05 0.00010898078471655026 3.999999989900971e-06
vertex 5.30980178155005e-05 0.00010899518383666873 0.00018899999849963933
vertex 5.3195090004010126e-05 0.00010898078471655026 0.00018899999849963933
endloop
endfacet
facet normal 0.04908155295131086 0.9987947742954444 -0.0
outer loop
vertex 5.30980178155005e-05 0.00010899518383666873 3.999999989900971e-06
vertex 5.2999999752501026e-05 0.00010900000052060932 3.999999989900971e-06
vertex 5.2999999752501026e-05 0.00010900000052060932 0.00018899999849963933
endloop
endfacet
facet normal 0.04908155295131086 0.9987947742954444 0.0
outer loop
vertex 5.30980178155005e-05 0.00010899518383666873 3.999999989900971e-06
vertex 5.2999999752501026e-05 0.00010900000052060932 0.00018899999849963933
vertex 5.30980178155005e-05 0.00010899518383666873 0.00018899999849963933
endloop
endfacet
facet normal -0.04908155295131086 0.9987947742954444 0.0
outer loop
vertex 5.2999999752501026e-05 0.00010900000052060932 3.999999989900971e-06
vertex 5.2901981689501554e-05 0.00010899518383666873 3.999999989900971e-06
vertex 5.2901981689501554e-05 0.00010899518383666873 0.00018899999849963933
endloop
endfacet
facet normal -0.04908155295131086 0.9987947742954444 0.0
outer loop
vertex 5.2999999752501026e-05 0.00010900000052060932 3.999999989900971e-06
vertex 5.2901981689501554e-05 0.00010899518383666873 0.00018899999849963933
vertex 5.2999999752501026e-05 0.00010900000052060932 0.00018899999849963933
endloop
endfacet
facet normal -0.14672869142436296 0.9891767744508027 0.0
outer loop
vertex 5.2901981689501554e-05 0.00010899518383666873 3.999999989900971e-06
vertex 5.2804909500991926e-05 0.00010898078471655026 3.999999989900971e-06
vertex 5.2804909500991926e-05 0.00010898078471655026 0.00018899999849963933
endloop
endfacet
facet normal -0.14672869142436296 0.9891767744508027 0.0
outer loop
vertex 5.2901981689501554e-05 0.00010899518383666873 3.999999989900971e-06
vertex 5.2804909500991926e-05 0.00010898078471655026 0.00018899999849963933
vertex 5.2901981689501554e-05 0.00010899518383666873 0.00018899999849963933
endloop
endfacet
facet normal -0.24296300774866203 0.9700355544338174 0.0
outer loop
vertex 5.2804909500991926e-05 0.00010898078471655026 3.999999989900971e-06
vertex 5.270971450954676e-05 0.00010895694140344858 3.999999989900971e-06
vertex 5.270971450954676e-05 0.00010895694140344858 0.00018899999849963933
endloop
endfacet
facet normal -0.24296300774866203 0.9700355544338174 0.0
outer loop
vertex 5.2804909500991926e-05 0.00010898078471655026 3.999999989900971e-06
vertex 5.270971450954676e-05 0.00010895694140344858 0.00018899999849963933
vertex 5.2804909500991926e-05 0.00010898078471655026 0.00018899999849963933
endloop
endfacet
facet normal -0.3369046516681994 0.9415387701440281 0.0
outer loop
vertex 5.270971450954676e-05 0.00010895694140344858 3.999999989900971e-06
vertex 5.261731712380424e-05 0.00010892387945204973 3.999999989900971e-06
vertex 5.261731712380424e-05 0.00010892387945204973 0.00018899999849963933
endloop
endfacet
facet normal -0.3369046516681994 0.9415387701440281 0.0
outer loop
vertex 5.270971450954676e-05 0.00010895694140344858 3.999999989900971e-06
vertex 5.261731712380424e-05 0.00010892387945204973 0.00018899999849963933
vertex 5.270971450954676e-05 0.00010895694140344858 0.00018899999849963933
endloop
endfacet
facet normal -0.42757793342700934 0.9039784902564264 0.0
outer loop
vertex 5.261731712380424e-05 0.00010892387945204973 3.999999989900971e-06
vertex 5.252860501059331e-05 0.00010888191900448874 3.999999989900971e-06
vertex 5.252860501059331e-05 0.00010888191900448874 0.00018899999849963933
endloop
endfacet
facet normal -0.42757793342700934 0.9039784902564264 0.0
outer loop
vertex 5.261731712380424e-05 0.00010892387945204973 3.999999989900971e-06
vertex 5.252860501059331e-05 0.00010888191900448874 0.00018899999849963933
vertex 5.261731712380424e-05 0.00010892387945204973 0.00018899999849963933
endloop
endfacet
facet normal -0.5140922853317047 0.8577348787139445 0.0
outer loop
vertex 5.252860501059331e-05 0.00010888191900448874 3.999999989900971e-06
vertex 5.244442945695482e-05 0.00010883146751439199 3.999999989900971e-06
vertex 5.244442945695482e-05 0.00010883146751439199 0.00018899999849963933
endloop
endfacet
facet normal -0.5140922853317047 0.8577348787139445 0.0
outer loop
vertex 5.252860501059331e-05 0.00010888191900448874 3.999999989900971e-06
vertex 5.244442945695482e-05 0.00010883146751439199 0.00018899999849963933
vertex 5.252860501059331e-05 0.00010888191900448874 0.00018899999849963933
endloop
endfacet
facet normal -0.5956671988560334 0.8032313416488471 0.0
outer loop
vertex 5.244442945695482e-05 0.00010883146751439199 3.999999989900971e-06
vertex 5.2365605370141566e-05 0.00010877301247091964 3.999999989900971e-06
vertex 5.2365605370141566e-05 0.00010877301247091964 0.00018899999849963933
endloop
endfacet
facet normal -0.5956671988560334 0.8032313416488471 0.0
outer loop
vertex 5.244442945695482e-05 0.00010883146751439199 3.999999989900971e-06
vertex 5.2365605370141566e-05 0.00010877301247091964 0.00018899999849963933
vertex 5.244442945695482e-05 0.00010883146751439199 0.00018899999849963933
endloop
endfacet
facet normal -0.6715760328926187 0.7409356463581789 0.0
outer loop
vertex 5.2365605370141566e-05 0.00010877301247091964 3.999999989900971e-06
vertex 5.2292893087724224e-05 0.00010870710684685037 3.999999989900971e-06
vertex 5.2292893087724224e-05 0.00010870710684685037 0.00018899999849963933
endloop
endfacet
facet normal -0.6715760328926187 0.7409356463581789 0.0
outer loop
vertex 5.2365605370141566e-05 0.00010877301247091964 3.999999989900971e-06
vertex 5.2292893087724224e-05 0.00010870710684685037 0.00018899999849963933
vertex 5.2365605370141566e-05 0.00010877301247091964 0.00018899999849963933
endloop
endfacet
facet normal -0.740970811020441 0.671537234422418 0.0
outer loop
vertex 5.2292893087724224e-05 0.00010870710684685037 3.999999989900971e-06
vertex 5.222699110163376e-05 0.00010863439092645422 3.999999989900971e-06
vertex 5.222699110163376e-05 0.00010863439092645422 0.00018899999849963933
endloop
endfacet
facet normal -0.740970811020441 0.671537234422418 0.0
outer loop
vertex 5.2292893087724224e-05 0.00010870710684685037 3.999999989900971e-06
vertex 5.222699110163376e-05 0.00010863439092645422 0.00018899999849963933
vertex 5.2292893087724224e-05 0.00010870710684685037 0.00018899999849963933
endloop
endfacet
facet normal -0.8031827114402834 0.5957327689857544 0.0
outer loop
vertex 5.222699110163376e-05 0.00010863439092645422 3.999999989900971e-06
vertex 5.2168528782203794e-05 0.00010855557047761977 3.999999989900971e-06
vertex 5.2168528782203794e-05 0.00010855557047761977 0.00018899999849963933
endloop
endfacet
facet normal -0.8031827114402834 0.5957327689857544 0.0
outer loop
vertex 5.222699110163376e-05 0.00010863439092645422 3.999999989900971e-06
vertex 5.2168528782203794e-05 0.00010855557047761977 0.00018899999849963933
vertex 5.222699110163376e-05 0.00010863439092645422 0.00018899999849963933
endloop
endfacet
facet normal -0.8577348787139445 0.5140922853317047 0.0
outer loop
vertex 5.2168528782203794e-05 0.00010855557047761977 3.999999989900971e-06
vertex 5.2118077292107046e-05 0.00010847139492398128 3.999999989900971e-06
vertex 5.2118077292107046e-05 0.00010847139492398128 0.00018899999849963933
endloop
endfacet
facet normal -0.8577348787139445 0.5140922853317047 0.0
outer loop
vertex 5.2168528782203794e-05 0.00010855557047761977 3.999999989900971e-06
vertex 5.2118077292107046e-05 0.00010847139492398128 0.00018899999849963933
vertex 5.2168528782203794e-05 0.00010855557047761977 0.00018899999849963933
endloop
endfacet
facet normal -0.9039860418083182 0.4275619676909176 0.0
outer loop
vertex 5.2118077292107046e-05 0.00010847139492398128 3.999999989900971e-06
vertex 5.207612048252486e-05 0.00010838268644874915 3.999999989900971e-06
vertex 5.207612048252486e-05 0.00010838268644874915 0.00018899999849963933
endloop
endfacet
facet normal -0.9039860418083182 0.4275619676909176 0.0
outer loop
vertex 5.2118077292107046e-05 0.00010847139492398128 3.999999989900971e-06
vertex 5.207612048252486e-05 0.00010838268644874915 0.00018899999849963933
vertex 5.2118077292107046e-05 0.00010847139492398128 0.00018899999849963933
endloop
endfacet
facet normal -0.9415471848166681 0.3368811344729874 0.0
outer loop
vertex 5.207612048252486e-05 0.00010838268644874915 3.999999989900971e-06
vertex 5.204305853112601e-05 0.00010829028178704903 3.999999989900971e-06
vertex 5.204305853112601e-05 0.00010829028178704903 0.00018899999849963933
endloop
endfacet
facet normal -0.9415471848166681 0.3368811344729874 0.0
outer loop
vertex 5.207612048252486e-05 0.00010838268644874915 3.999999989900971e-06
vertex 5.204305853112601e-05 0.00010829028178704903 0.00018899999849963933
vertex 5.207612048252486e-05 0.00010838268644874915 0.00018899999849963933
endloop
endfacet
facet normal -0.9700333659796523 0.24297174503671334 0.0
outer loop
vertex 5.204305853112601e-05 0.00010829028178704903 3.999999989900971e-06
vertex 5.201921521802433e-05 0.00010819509043358266 3.999999989900971e-06
vertex 5.201921521802433e-05 0.00010819509043358266 0.00018899999849963933
endloop
endfacet
facet normal -0.9700333659796523 0.24297174503671334 0.0
outer loop
vertex 5.204305853112601e-05 0.00010829028178704903 3.999999989900971e-06
vertex 5.201921521802433e-05 0.00010819509043358266 0.00018899999849963933
vertex 5.204305853112601e-05 0.00010829028178704903 0.00018899999849963933
endloop
endfacet
facet normal -0.9891775725290161 0.14672331105043643 0.0
outer loop
vertex 5.201921521802433e-05 0.00010819509043358266 3.999999989900971e-06
vertex 5.200481609790586e-05 0.00010809801460709423 3.999999989900971e-06
vertex 5.200481609790586e-05 0.00010809801460709423 0.00018899999849963933
endloop
endfacet
facet normal -0.9891775725290161 0.14672331105043643 0.0
outer loop
vertex 5.201921521802433e-05 0.00010819509043358266 3.999999989900971e-06
vertex 5.200481609790586e-05 0.00010809801460709423 0.00018899999849963933
vertex 5.201921521802433e-05 0.00010819509043358266 0.00018899999849963933
endloop
endfacet
facet normal -0.9987946849873092 0.0490833703111572 0.0
outer loop
vertex 5.200481609790586e-05 0.00010809801460709423 3.999999989900971e-06
vertex 5.199999941396527e-05 0.00010800000018207356 3.999999989900971e-06
vertex 5.199999941396527e-05 0.00010800000018207356 0.00018899999849963933
endloop
endfacet
facet normal -0.9987946849873092 0.0490833703111572 0.0
outer loop
vertex 5.200481609790586e-05 0.00010809801460709423 3.999999989900971e-06
vertex 5.199999941396527e-05 0.00010800000018207356 0.00018899999849963933
vertex 5.200481609790586e-05 0.00010809801460709423 0.00018899999849963933
endloop
endfacet
facet normal -0.9987946849873092 -0.0490833703111572 0.0
outer loop
vertex 5.199999941396527e-05 0.00010800000018207356 3.999999989900971e-06
vertex 5.200481609790586e-05 0.0001079019857570529 3.999999989900971e-06
vertex 5.200481609790586e-05 0.0001079019857570529 0.00018899999849963933
endloop
endfacet
facet normal -0.9987946849873092 -0.0490833703111572 0.0
outer loop
vertex 5.199999941396527e-05 0.00010800000018207356 3.999999989900971e-06
vertex 5.200481609790586e-05 0.0001079019857570529 0.00018899999849963933
vertex 5.199999941396527e-05 0.00010800000018207356 0.00018899999849963933
endloop
endfacet
facet normal -0.9891775725290161 -0.14672331105043643 0.0
outer loop
vertex 5.200481609790586e-05 0.0001079019857570529 3.999999989900971e-06
vertex 5.201921521802433e-05 0.00010780490993056446 3.999999989900971e-06
vertex 5.201921521802433e-05 0.00010780490993056446 0.00018899999849963933
endloop
endfacet
facet normal -0.9891775725290161 -0.14672331105043643 0.0
outer loop
vertex 5.200481609790586e-05 0.0001079019857570529 3.999999989900971e-06
vertex 5.201921521802433e-05 0.00010780490993056446 0.00018899999849963933
vertex 5.200481609790586e-05 0.0001079019857570529 0.00018899999849963933
endloop
endfacet
facet normal -0.9700333659796523 -0.24297174503671334 0.0
outer loop
vertex 5.201921521802433e-05 0.00010780490993056446 3.999999989900971e-06
vertex 5.204305853112601e-05 0.0001077097185770981 3.999999989900971e-06
vertex 5.204305853112601e-05 0.0001077097185770981 0.00018899999849963933
endloop
endfacet
facet normal -0.9700333659796523 -0.24297174503671334 0.0
outer loop
vertex 5.201921521802433e-05 0.00010780490993056446 3.999999989900971e-06
vertex 5.204305853112601e-05 0.0001077097185770981 0.00018899999849963933
vertex 5.201921521802433e-05 0.00010780490993056446 0.00018899999849963933
endloop
endfacet
facet normal -0.9415471848166681 -0.3368811344729874 0.0
outer loop
vertex 5.204305853112601e-05 0.0001077097185770981 3.999999989900971e-06
vertex 5.207612048252486e-05 0.00010761731391539797 3.999999989900971e-06
vertex 5.207612048252486e-05 0.00010761731391539797 0.00018899999849963933
endloop
endfacet
facet normal -0.9415471848166681 -0.3368811344729874 0.0
outer loop
vertex 5.204305853112601e-05 0.0001077097185770981 3.999999989900971e-06
vertex 5.207612048252486e-05 0.00010761731391539797 0.00018899999849963933
vertex 5.204305853112601e-05 0.0001077097185770981 0.00018899999849963933
endloop
endfacet
facet normal -0.9039860418083182 -0.4275619676909176 0.0
outer loop
vertex 5.207612048252486e-05 0.00010761731391539797 3.999999989900971e-06
vertex 5.2118077292107046e-05 0.00010752860544016585 3.999999989900971e-06
vertex 5.2118077292107046e-05 0.00010752860544016585 0.00018899999849963933
endloop
endfacet
facet normal -0.9039860418083182 -0.4275619676909176 0.0
outer loop
vertex 5.207612048252486e-05 0.00010761731391539797 3.999999989900971e-06
vertex 5.2118077292107046e-05 0.00010752860544016585 0.00018899999849963933
vertex 5.207612048252486e-05 0.00010761731391539797 0.00018899999849963933
endloop
endfacet
facet normal -0.8577348787139445 -0.5140922853317047 0.0
outer loop
vertex 5.2118077292107046e-05 0.00010752860544016585 3.999999989900971e-06
vertex 5.2168528782203794e-05 0.00010744442988652736 3.999999989900971e-06
vertex 5.2168528782203794e-05 0.00010744442988652736 0.00018899999849963933
endloop
endfacet
facet normal -0.8577348787139445 -0.5140922853317047 0.0
outer loop
vertex 5.2118077292107046e-05 0.00010752860544016585 3.999999989900971e-06
vertex 5.2168528782203794e-05 0.00010744442988652736 0.00018899999849963933
vertex 5.2118077292107046e-05 0.00010752860544016585 0.00018899999849963933
endloop
endfacet
facet normal -0.8031827114402834 -0.5957327689857544 0.0
outer loop
vertex 5.2168528782203794e-05 0.00010744442988652736 3.999999989900971e-06
vertex 5.222699110163376e-05 0.00010736560943769291 3.999999989900971e-06
vertex 5.222699110163376e-05 0.00010736560943769291 0.00018899999849963933
endloop
endfacet
facet normal -0.8031827114402834 -0.5957327689857544 0.0
outer loop
vertex 5.2168528782203794e-05 0.00010744442988652736 3.999999989900971e-06
vertex 5.222699110163376e-05 0.00010736560943769291 0.00018899999849963933
vertex 5.2168528782203794e-05 0.00010744442988652736 0.00018899999849963933
endloop
endfacet
facet normal -0.740970811020441 -0.671537234422418 0.0
outer loop
vertex 5.222699110163376e-05 0.00010736560943769291 3.999999989900971e-06
vertex 5.2292893087724224e-05 0.00010729289351729676 3.999999989900971e-06
vertex 5.2292893087724224e-05 0.00010729289351729676 0.00018899999849963933
endloop
endfacet
facet normal -0.740970811020441 -0.671537234422418 0.0
outer loop
vertex 5.222699110163376e-05 0.00010736560943769291 3.999999989900971e-06
vertex 5.2292893087724224e-05 0.00010729289351729676 0.00018899999849963933
vertex 5.222699110163376e-05 0.00010736560943769291 0.00018899999849963933
endloop
endfacet
facet normal -0.6715760328926187 -0.7409356463581789 0.0
outer loop
vertex 5.2292893087724224e-05 0.00010729289351729676 3.999999989900971e-06
vertex 5.2365605370141566e-05 0.00010722698789322749 3.999999989900971e-06
vertex 5.2365605370141566e-05 0.00010722698789322749 0.00018899999849963933
endloop
endfacet
facet normal -0.6715760328926187 -0.7409356463581789 0.0
outer loop
vertex 5.2292893087724224e-05 0.00010729289351729676 3.999999989900971e-06
vertex 5.2365605370141566e-05 0.00010722698789322749 0.00018899999849963933
vertex 5.2292893087724224e-05 0.00010729289351729676 0.00018899999849963933
endloop
endfacet
facet normal -0.5956671988560334 -0.8032313416488471 0.0
outer loop
vertex 5.2365605370141566e-05 0.00010722698789322749 3.999999989900971e-06
vertex 5.244442945695482e-05 0.00010716853284975514 3.999999989900971e-06
vertex 5.244442945695482e-05 0.00010716853284975514 0.00018899999849963933
endloop
endfacet
facet normal -0.5956671988560334 -0.8032313416488471 0.0
outer loop
vertex 5.2365605370141566e-05 0.00010722698789322749 3.999999989900971e-06
vertex 5.244442945695482e-05 0.00010716853284975514 0.00018899999849963933
vertex 5.2365605370141566e-05 0.00010722698789322749 0.00018899999849963933
endloop
endfacet
facet normal -0.5140922853317047 -0.8577348787139445 0.0
outer loop
vertex 5.244442945695482e-05 0.00010716853284975514 3.999999989900971e-06
vertex 5.252860501059331e-05 0.00010711808135965839 3.999999989900971e-06
vertex 5.252860501059331e-05 0.00010711808135965839 0.00018899999849963933
endloop
endfacet
facet normal -0.5140922853317047 -0.8577348787139445 0.0
outer loop
vertex 5.244442945695482e-05 0.00010716853284975514 3.999999989900971e-06
vertex 5.252860501059331e-05 0.00010711808135965839 0.00018899999849963933
vertex 5.244442945695482e-05 0.00010716853284975514 0.00018899999849963933
endloop
endfacet
facet normal -0.42757793342700934 -0.9039784902564264 0.0
outer loop
vertex 5.252860501059331e-05 0.00010711808135965839 3.999999989900971e-06
vertex 5.261731712380424e-05 0.0001070761209120974 3.999999989900971e-06
vertex 5.261731712380424e-05 0.0001070761209120974 0.00018899999849963933
endloop
endfacet
facet normal -0.42757793342700934 -0.9039784902564264 0.0
outer loop
vertex 5.252860501059331e-05 0.00010711808135965839 3.999999989900971e-06
vertex 5.261731712380424e-05 0.0001070761209120974 0.00018899999849963933
vertex 5.252860501059331e-05 0.00010711808135965839 0.00018899999849963933
endloop
endfacet
facet normal -0.3369046516681994 -0.9415387701440281 0.0
outer loop
vertex 5.261731712380424e-05 0.0001070761209120974 3.999999989900971e-06
vertex 5.270971450954676e-05 0.00010704305896069854 3.999999989900971e-06
vertex 5.270971450954676e-05 0.00010704305896069854 0.00018899999849963933
endloop
endfacet
facet normal -0.3369046516681994 -0.9415387701440281 0.0
outer loop
vertex 5.261731712380424e-05 0.0001070761209120974 3.999999989900971e-06
vertex 5.270971450954676e-05 0.00010704305896069854 0.00018899999849963933
vertex 5.261731712380424e-05 0.0001070761209120974 0.00018899999849963933
endloop
endfacet
facet normal -0.24296300774866203 -0.9700355544338174 0.0
outer loop
vertex 5.270971450954676e-05 0.00010704305896069854 3.999999989900971e-06
vertex 5.2804909500991926e-05 0.00010701921564759687 3.999999989900971e-06
vertex 5.2804909500991926e-05 0.00010701921564759687 0.00018899999849963933
endloop
endfacet
facet normal -0.24296300774866203 -0.9700355544338174 0.0
outer loop
vertex 5.270971450954676e-05 0.00010704305896069854 3.999999989900971e-06
vertex 5.2804909500991926e-05 0.00010701921564759687 0.00018899999849963933
vertex 5.270971450954676e-05 0.00010704305896069854 0.00018899999849963933
endloop
endfacet
facet normal -0.14672869142436296 -0.9891767744508027 0.0
outer loop
vertex 5.2804909500991926e-05 0.00010701921564759687 3.999999989900971e-06
vertex 5.2901981689501554e-05 0.0001070048165274784 3.999999989900971e-06
vertex 5.2901981689501554e-05 0.0001070048165274784 0.00018899999849963933
endloop
endfacet
facet normal -0.14672869142436296 -0.9891767744508027 0.0
outer loop
vertex 5.2804909500991926e-05 0.00010701921564759687 3.999999989900971e-06
vertex 5.2901981689501554e-05 0.0001070048165274784 0.00018899999849963933
vertex 5.2804909500991926e-05 0.00010701921564759687 0.00018899999849963933
endloop
endfacet
facet normal -0.04908155295131086 -0.9987947742954444 0.0
outer loop
vertex 5.2901981689501554e-05 0.0001070048165274784 3.999999989900971e-06
vertex 5.2999999752501026e-05 0.00010699999984353781 3.999999989900971e-06
vertex 5.2999999752501026e-05 0.00010699999984353781 0.00018899999849963933
endloop
endfacet
facet normal -0.04908155295131086 -0.9987947742954444 0.0
outer loop
vertex 5.2901981689501554e-05 0.0001070048165274784 3.999999989900971e-06
vertex 5.2999999752501026e-05 0.00010699999984353781 0.00018899999849963933
vertex 5.2901981689501554e-05 0.0001070048165274784 0.00018899999849963933
endloop
endfacet
facet normal 0.04908155295131086 -0.9987947742954444 0.0
outer loop
vertex 5.2999999752501026e-05 0.00010699999984353781 3.999999989900971e-06
vertex 5.30980178155005e-05 0.0001070048165274784 3.999999989900971e-06
vertex 5.30980178155005e-05 0.0001070048165274784 0.00018899999849963933
endloop
endfacet
facet normal 0.04908155295131086 -0.9987947742954444 0.0
outer loop
vertex 5.2999999752501026e-05 0.00010699999984353781 3.999999989900971e-06
vertex 5.30980178155005e-05 0.0001070048165274784 0.00018899999849963933
vertex 5.2999999752501026e-05 0.00010699999984353781 0.00018899999849963933
endloop
endfacet
facet normal 0.14672869142436296 -0.9891767744508027 0.0
outer loop
vertex 5.30980178155005e-05 0.0001070048165274784 3.999999989900971e-06
vertex 5.3195090004010126e-05 0.00010701921564759687 3.999999989900971e-06
vertex 5.3195090004010126e-05 0.00010701921564759687 0.00018899999849963933
endloop
endfacet
facet normal 0.14672869142436296 -0.9891767744508027 0.0
outer loop
vertex 5.30980178155005e-05 0.0001070048165274784 3.999999989900971e-06
vertex 5.3195090004010126e-05 0.00010701921564759687 0.00018899999849963933
vertex 5.30980178155005e-05 0.0001070048165274784 0.00018899999849963933
endloop
endfacet
facet normal 0.24296300774866203 -0.9700355544338174 0.0
outer loop
vertex 5.3195090004010126e-05 0.00010701921564759687 3.999999989900971e-06
vertex 5.3290284995455295e-05 0.00010704305896069854 3.999999989900971e-06
vertex 5.3290284995455295e-05 0.00010704305896069854 0.00018899999849963933
endloop
endfacet
facet normal 0.24296300774866203 -0.9700355544338174 0.0
outer loop
vertex 5.3195090004010126e-05 0.00010701921564759687 3.999999989900971e-06
vertex 5.3290284995455295e-05 0.00010704305896069854 0.00018899999849963933
vertex 5.3195090004010126e-05 0.00010701921564759687 0.00018899999849963933
endloop
endfacet
facet normal 0.3369046516681994 -0.9415387701440281 0.0
outer loop
vertex 5.3290284995455295e-05 0.00010704305896069854 3.999999989900971e-06
vertex 5.338268238119781e-05 0.0001070761209120974 3.999999989900971e-06
vertex 5.338268238119781e-05 0.0001070761209120974 0.00018899999849963933
endloop
endfacet
facet normal 0.3369046516681994 -0.9415387701440281 0.0
outer loop
vertex 5.3290284995455295e-05 0.00010704305896069854 3.999999989900971e-06
vertex 5.338268238119781e-05 0.0001070761209120974 0.00018899999849963933
vertex 5.3290284995455295e-05 0.00010704305896069854 0.00018899999849963933
endloop
endfacet
facet normal 0.4275636050898662 -0.9039852673592402 0.0
outer loop
vertex 5.338268238119781e-05 0.0001070761209120974 3.999999989900971e-06
vertex 5.347139813238755e-05 0.00010711808135965839 3.999999989900971e-06
vertex 5.347139813238755e-05 0.00010711808135965839 0.00018899999849963933
endloop
endfacet
facet normal 0.4275636050898662 -0.9039852673592402 0.0
outer loop
vertex 5.338268238119781e-05 0.0001070761209120974 3.999999989900971e-06
vertex 5.347139813238755e-05 0.00010711808135965839 0.00018899999849963933
vertex 5.338268238119781e-05 0.0001070761209120974 0.00018899999849963933
endloop
endfacet
facet normal 0.5141086321313505 -0.8577250808785013 0.0
outer loop
vertex 5.347139813238755e-05 0.00010711808135965839 3.999999989900971e-06
vertex 5.355557004804723e-05 0.00010716853284975514 3.999999989900971e-06
vertex 5.355557004804723e-05 0.00010716853284975514 0.00018899999849963933
endloop
endfacet
facet normal 0.5141086321313505 -0.8577250808785013 0.0
outer loop
vertex 5.347139813238755e-05 0.00010711808135965839 3.999999989900971e-06
vertex 5.355557004804723e-05 0.00010716853284975514 0.00018899999849963933
vertex 5.347139813238755e-05 0.00010711808135965839 0.00018899999849963933
endloop
endfacet
facet normal 0.5956671988560334 -0.8032313416488471 0.0
outer loop
vertex 5.355557004804723e-05 0.00010716853284975514 3.999999989900971e-06
vertex 5.3634394134860486e-05 0.00010722698789322749 3.999999989900971e-06
vertex 5.3634394134860486e-05 0.00010722698789322749 0.00018899999849963933
endloop
endfacet
facet normal 0.5956671988560334 -0.8032313416488471 0.0
outer loop
vertex 5.355557004804723e-05 0.00010716853284975514 3.999999989900971e-06
vertex 5.3634394134860486e-05 0.00010722698789322749 0.00018899999849963933
vertex 5.355557004804723e-05 0.00010716853284975514 0.00018899999849963933
endloop
endfacet
facet normal 0.6715760328926187 -0.7409356463581789 0.0
outer loop
vertex 5.3634394134860486e-05 0.00010722698789322749 3.999999989900971e-06
vertex 5.370710641727783e-05 0.00010729289351729676 3.999999989900971e-06
vertex 5.370710641727783e-05 0.00010729289351729676 0.00018899999849963933
endloop
endfacet
facet normal 0.6715760328926187 -0.7409356463581789 0.0
outer loop
vertex 5.3634394134860486e-05 0.00010722698789322749 3.999999989900971e-06
vertex 5.370710641727783e-05 0.00010729289351729676 0.00018899999849963933
vertex 5.3634394134860486e-05 0.00010722698789322749 0.00018899999849963933
endloop
endfacet
facet normal 0.74095236516813 -0.6715575869214451 0.0
outer loop
vertex 5.370710641727783e-05 0.00010729289351729676 3.999999989900971e-06
vertex 5.37730120413471e-05 0.00010736560943769291 3.999999989900971e-06
vertex 5.37730120413471e-05 0.00010736560943769291 0.00018899999849963933
endloop
endfacet
facet normal 0.74095236516813 -0.6715575869214451 0.0
outer loop
vertex 5.370710641727783e-05 0.00010729289351729676 3.999999989900971e-06
vertex 5.37730120413471e-05 0.00010736560943769291 0.00018899999849963933
vertex 5.370710641727783e-05 0.00010729289351729676 0.00018899999849963933
endloop
endfacet
facet normal 0.8032004493454226 -0.5957088535277206 0.0
outer loop
vertex 5.37730120413471e-05 0.00010736560943769291 3.999999989900971e-06
vertex 5.383147072279826e-05 0.00010744442988652736 3.999999989900971e-06
vertex 5.383147072279826e-05 0.00010744442988652736 0.00018899999849963933
endloop
endfacet
facet normal 0.8032004493454226 -0.5957088535277206 0.0
outer loop
vertex 5.37730120413471e-05 0.00010736560943769291 3.999999989900971e-06
vertex 5.383147072279826e-05 0.00010744442988652736 0.00018899999849963933
vertex 5.37730120413471e-05 0.00010736560943769291 0.00018899999849963933
endloop
endfacet
facet normal 0.8577348787139445 -0.5140922853317047 0.0
outer loop
vertex 5.383147072279826e-05 0.00010744442988652736 3.999999989900971e-06
vertex 5.3881922212895006e-05 0.00010752860544016585 3.999999989900971e-06
vertex 5.3881922212895006e-05 0.00010752860544016585 0.00018899999849963933
endloop
endfacet
facet normal 0.8577348787139445 -0.5140922853317047 0.0
outer loop
vertex 5.383147072279826e-05 0.00010744442988652736 3.999999989900971e-06
vertex 5.3881922212895006e-05 0.00010752860544016585 0.00018899999849963933
vertex 5.383147072279826e-05 0.00010744442988652736 0.00018899999849963933
endloop
endfacet
facet normal 0.9039860418083182 -0.4275619676909176 0.0
outer loop
vertex 5.3881922212895006e-05 0.00010752860544016585 3.999999989900971e-06
vertex 5.3923879022477195e-05 0.00010761731391539797 3.999999989900971e-06
vertex 5.3923879022477195e-05 0.00010761731391539797 0.00018899999849963933
endloop
endfacet
facet normal 0.9039860418083182 -0.4275619676909176 0.0
outer loop
vertex 5.3881922212895006e-05 0.00010752860544016585 3.999999989900971e-06
vertex 5.3923879022477195e-05 0.00010761731391539797 0.00018899999849963933
vertex 5.3881922212895006e-05 0.00010752860544016585 0.00018899999849963933
endloop
endfacet
facet normal 0.9415471848166681 -0.3368811344729874 0.0
outer loop
vertex 5.3923879022477195e-05 0.00010761731391539797 3.999999989900971e-06
vertex 5.3956940973876044e-05 0.0001077097185770981 3.999999989900971e-06
vertex 5.3956940973876044e-05 0.0001077097185770981 0.00018899999849963933
endloop
endfacet
facet normal 0.9415471848166681 -0.3368811344729874 0.0
outer loop
vertex 5.3923879022477195e-05 0.00010761731391539797 3.999999989900971e-06
vertex 5.3956940973876044e-05 0.0001077097185770981 0.00018899999849963933
vertex 5.3923879022477195e-05 0.00010761731391539797 0.00018899999849963933
endloop
endfacet
facet normal 0.9700333659796523 -0.24297174503671334 0.0
outer loop
vertex 5.3956940973876044e-05 0.0001077097185770981 3.999999989900971e-06
vertex 5.398078428697772e-05 0.00010780490993056446 3.999999989900971e-06
vertex 5.398078428697772e-05 0.00010780490993056446 0.00018899999849963933
endloop
endfacet
facet normal 0.9700333659796523 -0.24297174503671334 0.0
outer loop
vertex 5.3956940973876044e-05 0.0001077097185770981 3.999999989900971e-06
vertex 5.398078428697772e-05 0.00010780490993056446 0.00018899999849963933
vertex 5.3956940973876044e-05 0.0001077097185770981 0.00018899999849963933
endloop
endfacet
facet normal 0.9891775725290161 -0.14672331105043643 0.0
outer loop
vertex 5.398078428697772e-05 0.00010780490993056446 3.999999989900971e-06
vertex 5.399518340709619e-05 0.0001079019857570529 3.999999989900971e-06
vertex 5.399518340709619e-05 0.0001079019857570529 0.00018899999849963933
endloop
endfacet
facet normal 0.9891775725290161 -0.14672331105043643 0.0
outer loop
vertex 5.398078428697772e-05 0.00010780490993056446 3.999999989900971e-06
vertex 5.399518340709619e-05 0.0001079019857570529 0.00018899999849963933
vertex 5.398078428697772e-05 0.00010780490993056446 0.00018899999849963933
endloop
endfacet
facet normal 0.9987946849873092 -0.0490833703111572 0.0
outer loop
vertex 5.399518340709619e-05 0.0001079019857570529 3.999999989900971e-06
vertex 5.400000009103678e-05 0.00010800000018207356 3.999999989900971e-06
vertex 5.400000009103678e-05 0.00010800000018207356 0.00018899999849963933
endloop
endfacet
facet normal 0.9987946849873092 -0.0490833703111572 0.0
outer loop
vertex 5.399518340709619e-05 0.0001079019857570529 3.999999989900971e-06
vertex 5.400000009103678e-05 0.00010800000018207356 0.00018899999849963933
vertex 5.399518340709619e-05 0.0001079019857570529 0.00018899999849963933
endloop
endfacet
facet normal 0.0 0.0 0.0
outer loop
vertex 5.2999999752501026e-05 0.00010800000018207356 0.00018899999849963933
vertex 5.400000009103678e-05 0.00010800000018207356 0.00018899999849963933
vertex 5.399518340709619e-05 0.00010809801460709423 0.00018899999849963933
endloop
endfacet
facet normal 0.0 0.0 0.0
outer loop
vertex 5.2999999752501026e-05 0.00010800000018207356 0.00018899999849963933
vertex 5.399518340709619e-05 0.00010809801460709423 0.00018899999849963933
vertex 5.398078428697772e-05 0.00010819509043358266 0.00018899999849963933
endloop
endfacet
facet normal 0.0 0.0 0.0
outer loop
vertex 5.2999999752501026e-05 0.00010800000018207356 0.00018899999849963933
vertex 5.398078428697772e-05 0.00010819509043358266 0.00018899999849963933
vertex 5.3956940973876044e-05 0.00010829028178704903 0.00018899999849963933
endloop
endfacet
facet normal 0.0 0.0 0.0
outer loop
vertex 5.2999999752501026e-05 0.00010800000018207356 0.00018899999849963933
vertex 5.3956940973876044e-05 0.00010829028178704903 0.00018899999849963933
vertex 5.3923879022477195e-05 0.00010838268644874915 0.00018899999849963933
endloop
endfacet
facet normal 0.0 0.0 0.0
outer loop
vertex 5.2999999752501026e-05 0.00010800000018207356 0.00018899999849963933
vertex 5.3923879022477195e-05 0.00010838268644874915 0.00018899999849963933
vertex 5.3881922212895006e-05 0.00010847139492398128 0.00018899999849963933
endloop
endfacet
facet normal 0.0 0.0 0.0
outer loop
vertex 5.2999999752501026e-05 0.00010800000018207356 0.00018899999849963933
vertex 5.3881922212895006e-05 0.00010847139492398128 0.00018899999849963933
vertex 5.383147072279826e-05 0.00010855557047761977 0.00018899999849963933
endloop
endfacet
facet normal 0.0 0.0 0.0
outer loop
vertex 5.2999999752501026e-05 0.00010800000018207356 0.00018899999849963933
vertex 5.383147072279826e-05 0.00010855557047761977 0.00018899999849963933
vertex 5.37730120413471e-05 0.00010863439092645422 0.00018899999849963933
endloop
endfacet
facet normal 0.0 0.0 0.0
outer loop
vertex 5.2999999752501026e-05 0.00010800000018207356 0.00018899999849963933
vertex 5.37730120413471e-05 0.00010863439092645422 0.00018899999849963933
vertex 5.370710641727783e-05 0.00010870710684685037 0.00018899999849963933
endloop
endfacet
facet normal 0.0 0.0 0.0
outer loop
vertex 5.2999999752501026e-05 0.00010800000018207356 0.00018899999849963933
vertex 5.370710641727783e-05 0.00010870710684685037 0.00018899999849963933
vertex 5.3634394134860486e-05 0.00010877301247091964 0.00018899999849963933
endloop
endfacet
facet normal 0.0 0.0 0.0
outer loop
vertex 5.2999999752501026e-05 0.00010800000018207356 0.00018899999849963933
vertex 5.3634394134860486e-05 0.00010877301247091964 0.00018899999849963933
vertex 5.355557004804723e-05 0.00010883146751439199 0.00018899999849963933
endloop
endfacet
facet normal 0.0 0.0 0.0
outer loop
vertex 5.2999999752501026e-05 0.00010800000018207356 0.00018899999849963933
vertex 5.355557004804723e-05 0.00010883146751439199 0.00018899999849963933
vertex 5.347139813238755e-05 0.00010888191900448874 0.00018899999849963933
endloop
endfacet
facet normal 0.0 0.0 0.0
outer loop
vertex 5.2999999752501026e-05 0.00010800000018207356 0.00018899999849963933
vertex 5.347139813238755e-05 0.00010888191900448874 0.00018899999849963933
vertex 5.338268238119781e-05 0.00010892387945204973 0.00018899999849963933
endloop
endfacet
facet normal 0.0 0.0 0.0
outer loop
vertex 5.2999999752501026e-05 0.00010800000018207356 0.00018899999849963933
vertex 5.338268238119781e-05 0.00010892387945204973 0.00018899999849963933
vertex 5.3290284995455295e-05 0.00010895694140344858 0.00018899999849963933
endloop
endfacet
facet normal 0.0 0.0 0.0
outer loop
vertex 5.2999999752501026e-05 0.00010800000018207356 0.00018899999849963933
vertex 5.3290284995455295e-05 0.00010895694140344858 0.00018899999849963933
vertex 5.3195090004010126e-05 0.00010898078471655026 0.00018899999849963933
endloop
endfacet
facet normal 0.0 0.0 0.0
outer loop
vertex 5.2999999752501026e-05 0.00010800000018207356 0.00018899999849963933
vertex 5.3195090004010126e-05 0.00010898078471655026 0.00018899999849963933
vertex 5.30980178155005e-05 0.00010899518383666873 0.00018899999849963933
endloop
endfacet
facet normal 0.0 0.0 0.0
outer loop
vertex 5.2999999752501026e-05 0.00010800000018207356 0.00018899999849963933
vertex 5.30980178155005e-05 0.00010899518383666873 0.00018899999849963933
vertex 5.2999999752501026e-05 0.00010900000052060932 0.00018899999849963933
endloop
endfacet
facet normal 0.0 0.0 0.0
outer loop
vertex 5.2999999752501026e-05 0.00010800000018207356 0.00018899999849963933
vertex 5.2999999752501026e-05 0.00010900000052060932 0.00018899999849963933
vertex 5.2901981689501554e-05 0.00010899518383666873 0.00018899999849963933
endloop
endfacet
facet normal 0.0 0.0 0.0
outer loop
vertex 5.2999999752501026e-05 0.00010800000018207356 0.00018899999849963933
vertex 5.2901981689501554e-05 0.00010899518383666873 0.00018899999849963933
vertex 5.2804909500991926e-05 0.00010898078471655026 0.00018899999849963933
endloop
endfacet
facet normal 0.0 0.0 0.0
outer loop
vertex 5.2999999752501026e-05 0.00010800000018207356 0.00018899999849963933
vertex 5.2804909500991926e-05 0.00010898078471655026 0.00018899999849963933
vertex 5.270971450954676e-05 0.00010895694140344858 0.00018899999849963933
endloop
endfacet
facet normal 0.0 0.0 0.0
outer loop
vertex 5.2999999752501026e-05 0.00010800000018207356 0.00018899999849963933
vertex 5.270971450954676e-05 0.00010895694140344858 0.00018899999849963933
vertex 5.261731712380424e-05 0.00010892387945204973 0.00018899999849963933
endloop
endfacet
facet normal 0.0 0.0 0.0
outer loop
vertex 5.2999999752501026e-05 0.00010800000018207356 0.00018899999849963933
vertex 5.261731712380424e-05 0.00010892387945204973 0.00018899999849963933
vertex 5.252860501059331e-05 0.00010888191900448874 0.00018899999849963933
endloop
endfacet
facet normal 0.0 0.0 0.0
outer loop
vertex 5.2999999752501026e-05 0.00010800000018207356 0.00018899999849963933
vertex 5.252860501059331e-05 0.00010888191900448874 0.00018899999849963933
vertex 5.244442945695482e-05 0.00010883146751439199 0.00018899999849963933
endloop
endfacet
facet normal 0.0 0.0 0.0
outer loop
vertex 5.2999999752501026e-05 0.00010800000018207356 0.00018899999849963933
vertex 5.244442945695482e-05 0.00010883146751439199 0.00018899999849963933
vertex 5.2365605370141566e-05 0.00010877301247091964 0.00018899999849963933
endloop
endfacet
facet normal 0.0 0.0 0.0
outer loop
vertex 5.2999999752501026e-05 0.00010800000018207356 0.00018899999849963933
vertex 5.2365605370141566e-05 0.00010877301247091964 0.00018899999849963933
vertex 5.2292893087724224e-05 0.00010870710684685037 0.00018899999849963933
endloop
endfacet
facet normal 0.0 0.0 0.0
outer loop
vertex 5.2999999752501026e-05 0.00010800000018207356 0.00018899999849963933
vertex 5.2292893087724224e-05 0.00010870710684685037 0.00018899999849963933
vertex 5.222699110163376e-05 0.00010863439092645422 0.00018899999849963933
endloop
endfacet
facet normal 0.0 0.0 0.0
outer loop
vertex 5.2999999752501026e-05 0.00010800000018207356 0.00018899999849963933
vertex 5.222699110163376e-05 0.00010863439092645422 0.00018899999849963933
vertex 5.2168528782203794e-05 0.00010855557047761977 0.00018899999849963933
endloop
endfacet
facet normal 0.0 0.0 0.0
outer loop
vertex 5.2999999752501026e-05 0.00010800000018207356 0.00018899999849963933
vertex 5.2168528782203794e-05 0.00010855557047761977 0.00018899999849963933
vertex 5.2118077292107046e-05 0.00010847139492398128 0.00018899999849963933
endloop
endfacet
facet normal 0.0 0.0 0.0
outer loop
vertex 5.2999999752501026e-05 0.00010800000018207356 0.00018899999849963933
vertex 5.2118077292107046e-05 0.00010847139492398128 0.00018899999849963933
vertex 5.207612048252486e-05 0.00010838268644874915 0.00018899999849963933
endloop
endfacet
facet normal 0.0 0.0 0.0
outer loop
vertex 5.2999999752501026e-05 0.00010800000018207356 0.00018899999849963933
vertex 5.207612048252486e-05 0.00010838268644874915 0.00018899999849963933
vertex 5.204305853112601e-05 0.00010829028178704903 0.00018899999849963933
endloop
endfacet
facet normal 0.0 0.0 0.0
outer loop
vertex 5.2999999752501026e-05 0.00010800000018207356 0.00018899999849963933
vertex 5.204305853112601e-05 0.00010829028178704903 0.00018899999849963933
vertex 5.201921521802433e-05 0.00010819509043358266 0.00018899999849963933
endloop
endfacet
facet normal 0.0 0.0 0.0
outer loop
vertex 5.2999999752501026e-05 0.00010800000018207356 0.00018899999849963933
vertex 5.201921521802433e-05 0.00010819509043358266 0.00018899999849963933
vertex 5.200481609790586e-05 0.00010809801460709423 0.00018899999849963933
endloop
endfacet
facet normal 0.0 0.0 0.0
outer loop
vertex 5.2999999752501026e-05 0.00010800000018207356 0.00018899999849963933
vertex 5.200481609790586e-05 0.00010809801460709423 0.00018899999849963933
vertex 5.199999941396527e-05 0.00010800000018207356 0.00018899999849963933
endloop
endfacet
facet normal 0.0 0.0 0.0
outer loop
vertex 5.2999999752501026e-05 0.00010800000018207356 0.00018899999849963933
vertex 5.199999941396527e-05 0.00010800000018207356 0.00018899999849963933
vertex 5.200481609790586e-05 0.0001079019857570529 0.00018899999849963933
endloop
endfacet
facet normal 0.0 0.0 0.0
outer loop
vertex 5.2999999752501026e-05 0.00010800000018207356 0.00018899999849963933
vertex 5.200481609790586e-05 0.0001079019857570529 0.00018899999849963933
vertex 5.201921521802433e-05 0.00010780490993056446 0.00018899999849963933
endloop
endfacet
facet normal 0.0 0.0 0.0
outer loop
vertex 5.2999999752501026e-05 0.00010800000018207356 0.00018899999849963933
vertex 5.201921521802433e-05 0.00010780490993056446 0.00018899999849963933
vertex 5.204305853112601e-05 0.0001077097185770981 0.00018899999849963933
endloop
endfacet
facet normal 0.0 0.0 0.0
outer loop
vertex 5.2999999752501026e-05 0.00010800000018207356 0.00018899999849963933
vertex 5.204305853112601e-05 0.0001077097185770981 0.00018899999849963933
vertex 5.207612048252486e-05 0.00010761731391539797 0.00018899999849963933
endloop
endfacet
facet normal 0.0 0.0 0.0
outer loop
vertex 5.2999999752501026e-05 0.00010800000018207356 0.00018899999849963933
vertex 5.207612048252486e-05 0.00010761731391539797 0.00018899999849963933
vertex 5.2118077292107046e-05 0.00010752860544016585 0.00018899999849963933
endloop
endfacet
facet normal 0.0 0.0 0.0
outer loop
vertex 5.2999999752501026e-05 0.00010800000018207356 0.00018899999849963933
vertex 5.2118077292107046e-05 0.00010752860544016585 0.00018899999849963933
vertex 5.2168528782203794e-05 0.00010744442988652736 0.00018899999849963933
endloop
endfacet
facet normal 0.0 0.0 0.0
outer loop
vertex 5.2999999752501026e-05 0.00010800000018207356 0.00018899999849963933
vertex 5.2168528782203794e-05 0.00010744442988652736 0.00018899999849963933
vertex 5.222699110163376e-05 0.00010736560943769291 0.00018899999849963933
endloop
endfacet
facet normal 0.0 0.0 0.0
outer loop
vertex 5.2999999752501026e-05 0.00010800000018207356 0.00018899999849963933
vertex 5.222699110163376e-05 0.00010736560943769291 0.00018899999849963933
vertex 5.2292893087724224e-05 0.00010729289351729676 0.00018899999849963933
endloop
endfacet
facet normal 0.0 0.0 0.0
outer loop
vertex 5.2999999752501026e-05 0.00010800000018207356 0.00018899999849963933
vertex 5.2292893087724224e-05 0.00010729289351729676 0.00018899999849963933
vertex 5.2365605370141566e-05 0.00010722698789322749 0.00018899999849963933
endloop
endfacet
facet normal 0.0 0.0 0.0
outer loop
vertex 5.2999999752501026e-05 0.00010800000018207356 0.00018899999849963933
vertex 5.2365605370141566e-05 0.00010722698789322749 0.00018899999849963933
vertex 5.244442945695482e-05 0.00010716853284975514 0.00018899999849963933
endloop
endfacet
facet normal 0.0 0.0 0.0
outer loop
vertex 5.2999999752501026e-05 0.00010800000018207356 0.00018899999849963933
vertex 5.244442945695482e-05 0.00010716853284975514 0.00018899999849963933
vertex 5.252860501059331e-05 0.00010711808135965839 0.00018899999849963933
endloop
endfacet
facet normal 0.0 0.0 0.0
outer loop
vertex 5.2999999752501026e-05 0.00010800000018207356 0.00018899999849963933
vertex 5.252860501059331e-05 0.00010711808135965839 0.00018899999849963933
vertex 5.261731712380424e-05 0.0001070761209120974 0.00018899999849963933
endloop
endfacet
facet normal 0.0 0.0 0.0
outer loop
vertex 5.2999999752501026e-05 0.00010800000018207356 0.00018899999849963933
vertex 5.261731712380424e-05 0.0001070761209120974 0.00018899999849963933
vertex 5.270971450954676e-05 0.00010704305896069854 0.00018899999849963933
endloop
endfacet
facet normal 0.0 0.0 0.0
outer loop
vertex 5.2999999752501026e-05 0.00010800000018207356 0.00018899999849963933
vertex 5.270971450954676e-05 0.00010704305896069854 0.00018899999849963933
vertex 5.2804909500991926e-05 0.00010701921564759687 0.00018899999849963933
endloop
endfacet
facet normal 0.0 0.0 0.0
outer loop
vertex 5.2999999752501026e-05 0.00010800000018207356 0.00018899999849963933
vertex 5.2804909500991926e-05 0.00010701921564759687 0.00018899999849963933
vertex 5.2901981689501554e-05 0.0001070048165274784 0.00018899999849963933
endloop
endfacet
facet normal 0.0 0.0 0.0
outer loop
vertex 5.2999999752501026e-05 0.00010800000018207356 0.00018899999849963933
vertex 5.2901981689501554e-05 0.0001070048165274784 0.00018899999849963933
vertex 5.2999999752501026e-05 0.00010699999984353781 0.00018899999849963933
endloop
endfacet
facet normal 0.0 0.0 0.0
outer loop
vertex 5.2999999752501026e-05 0.00010800000018207356 0.00018899999849963933
vertex 5.2999999752501026e-05 0.00010699999984353781 0.00018899999849963933
vertex 5.30980178155005e-05 0.0001070048165274784 0.00018899999849963933
endloop
endfacet
facet normal 0.0 0.0 0.0
outer loop
vertex 5.2999999752501026e-05 0.00010800000018207356 0.00018899999849963933
vertex 5.30980178155005e-05 0.0001070048165274784 0.00018899999849963933
vertex 5.3195090004010126e-05 0.00010701921564759687 0.00018899999849963933
endloop
endfacet
facet normal 0.0 0.0 0.0
outer loop
vertex 5.2999999752501026e-05 0.00010800000018207356 0.00018899999849963933
vertex 5.3195090004010126e-05 0.00010701921564759687 0.00018899999849963933
vertex 5.3290284995455295e-05 0.00010704305896069854 0.00018899999849963933
endloop
endfacet
facet normal 0.0 0.0 0.0
outer loop
vertex 5.2999999752501026e-05 0.00010800000018207356 0.00018899999849963933
vertex 5.3290284995455295e-05 0.00010704305896069854 0.00018899999849963933
vertex 5.338268238119781e-05 0.0001070761209120974 0.00018899999849963933
endloop
endfacet
facet normal 0.0 0.0 0.0
outer loop
vertex 5.2999999752501026e-05 0.00010800000018207356 0.00018899999849963933
vertex 5.338268238119781e-05 0.0001070761209120974 0.00018899999849963933
vertex 5.347139813238755e-05 0.00010711808135965839 0.00018899999849963933
endloop
endfacet
facet normal 0.0 0.0 0.0
outer loop
vertex 5.2999999752501026e-05 0.00010800000018207356 0.00018899999849963933
vertex 5.347139813238755e-05 0.00010711808135965839 0.00018899999849963933
vertex 5.355557004804723e-05 0.00010716853284975514 0.00018899999849963933
endloop
endfacet
facet normal 0.0 0.0 0.0
outer loop
vertex 5.2999999752501026e-05 0.00010800000018207356 0.00018899999849963933
vertex 5.355557004804723e-05 0.00010716853284975514 0.00018899999849963933
vertex 5.3634394134860486e-05 0.00010722698789322749 0.00018899999849963933
endloop
endfacet
facet normal 0.0 0.0 0.0
outer loop
vertex 5.2999999752501026e-05 0.00010800000018207356 0.00018899999849963933
vertex 5.3634394134860486e-05 0.00010722698789322749 0.00018899999849963933
vertex 5.370710641727783e-05 0.00010729289351729676 0.00018899999849963933
endloop
endfacet
facet normal 0.0 0.0 0.0
outer loop
vertex 5.2999999752501026e-05 0.00010800000018207356 0.00018899999849963933
vertex 5.370710641727783e-05 0.00010729289351729676 0.00018899999849963933
vertex 5.37730120413471e-05 0.00010736560943769291 0.00018899999849963933
endloop
endfacet
facet normal 0.0 0.0 0.0
outer loop
vertex 5.2999999752501026e-05 0.00010800000018207356 0.00018899999849963933
vertex 5.37730120413471e-05 0.00010736560943769291 0.00018899999849963933
vertex 5.383147072279826e-05 0.00010744442988652736 0.00018899999849963933
endloop
endfacet
facet normal 0.0 0.0 0.0
outer loop
vertex 5.2999999752501026e-05 0.00010800000018207356 0.00018899999849963933
vertex 5.383147072279826e-05 0.00010744442988652736 0.00018899999849963933
vertex 5.3881922212895006e-05 0.00010752860544016585 0.00018899999849963933
endloop
endfacet
facet normal 0.0 0.0 0.0
outer loop
vertex 5.2999999752501026e-05 0.00010800000018207356 0.00018899999849963933
vertex 5.3881922212895006e-05 0.00010752860544016585 0.00018899999849963933
vertex 5.3923879022477195e-05 0.00010761731391539797 0.00018899999849963933
endloop
endfacet
facet normal 0.0 0.0 0.0
outer loop
vertex 5.2999999752501026e-05 0.00010800000018207356 0.00018899999849963933
vertex 5.3923879022477195e-05 0.00010761731391539797 0.00018899999849963933
vertex 5.3956940973876044e-05 0.0001077097185770981 0.00018899999849963933
endloop
endfacet
facet normal 0.0 0.0 0.0
outer loop
vertex 5.2999999752501026e-05 0.00010800000018207356 0.00018899999849963933
vertex 5.3956940973876044e-05 0.0001077097185770981 0.00018899999849963933
vertex 5.398078428697772e-05 0.00010780490993056446 0.00018899999849963933
endloop
endfacet
facet normal 0.0 0.0 0.0
outer loop
vertex 5.2999999752501026e-05 0.00010800000018207356 0.00018899999849963933
vertex 5.398078428697772e-05 0.00010780490993056446 0.00018899999849963933
vertex 5.399518340709619e-05 0.0001079019857570529 0.00018899999849963933
endloop
endfacet
facet normal 0.0 0.0 0.0
outer loop
vertex 5.2999999752501026e-05 0.00010800000018207356 0.00018899999849963933
vertex 5.399518340709619e-05 0.0001079019857570529 0.00018899999849963933
vertex 5.400000009103678e-05 0.00010800000018207356 0.00018899999849963933
endloop
endfacet
facet normal 0.9987945063412735 0.04908700543414425 -0.0
outer loop
vertex 5.400000009103678e-05 0.00019200000679120421 3.999999989900971e-06
vertex 5.399518340709619e-05 0.00019209801394026726 3.999999989900971e-06
vertex 5.399518340709619e-05 0.00019209801394026726 0.00018899999849963933
endloop
endfacet
facet normal 0.9987945063412735 0.04908700543414425 0.0
outer loop
vertex 5.400000009103678e-05 0.00019200000679120421 3.999999989900971e-06
vertex 5.399518340709619e-05 0.00019209801394026726 0.00018899999849963933
vertex 5.400000009103678e-05 0.00019200000679120421 0.00018899999849963933
endloop
endfacet
facet normal 0.9891775725290161 0.14672331105043643 -0.0
outer loop
vertex 5.399518340709619e-05 0.00019209801394026726 3.999999989900971e-06
vertex 5.398078428697772e-05 0.0001921950897667557 3.999999989900971e-06
vertex 5.398078428697772e-05 0.0001921950897667557 0.00018899999849963933
endloop
endfacet
facet normal 0.9891775725290161 0.14672331105043643 0.0
outer loop
vertex 5.399518340709619e-05 0.00019209801394026726 3.999999989900971e-06
vertex 5.398078428697772e-05 0.0001921950897667557 0.00018899999849963933
vertex 5.399518340709619e-05 0.00019209801394026726 0.00018899999849963933
endloop
endfacet
facet normal 0.9700377426519038 0.24295427106926695 -0.0
outer loop
vertex 5.398078428697772e-05 0.0001921950897667557 3.999999989900971e-06
vertex 5.3956940973876044e-05 0.00019229028839617968 3.999999989900971e-06
vertex 5.3956940973876044e-05 0.00019229028839617968 0.00018899999849963933
endloop
endfacet
facet normal 0.9700377426519038 0.24295427106926695 0.0
outer loop
vertex 5.398078428697772e-05 0.0001921950897667557 3.999999989900971e-06
vertex 5.3956940973876044e-05 0.00019229028839617968 0.00018899999849963933
vertex 5.398078428697772e-05 0.0001921950897667557 0.00018899999849963933
endloop
endfacet
facet normal 0.9415303537089625 0.33692817193680313 -0.0
outer loop
vertex 5.3956940973876044e-05 0.00019229028839617968 3.999999989900971e-06
vertex 5.3923879022477195e-05 0.00019238267850596458 3.999999989900971e-06
vertex 5.3923879022477195e-05 0.00019238267850596458 0.00018899999849963933
endloop
endfacet
facet normal 0.9415303537089625 0.33692817193680313 0.0
outer loop
vertex 5.3956940973876044e-05 0.00019229028839617968 3.999999989900971e-06
vertex 5.3923879022477195e-05 0.00019238267850596458 0.00018899999849963933
vertex 5.3956940973876044e-05 0.00019229028839617968 0.00018899999849963933
endloop
endfacet
facet normal 0.9040131454457061 0.4275046582920013 -0.0
outer loop
vertex 5.3923879022477195e-05 0.00019238267850596458 3.999999989900971e-06
vertex 5.3881922212895006e-05 0.00019247140153311193 3.999999989900971e-06
vertex 5.3881922212895006e-05 0.00019247140153311193 0.00018899999849963933
endloop
endfacet
facet normal 0.9040131454457061 0.4275046582920013 0.0
outer loop
vertex 5.3923879022477195e-05 0.00019238267850596458 3.999999989900971e-06
vertex 5.3881922212895006e-05 0.00019247140153311193 0.00018899999849963933
vertex 5.3923879022477195e-05 0.00019238267850596458 0.00018899999849963933
endloop
endfacet
facet normal 0.8577152821083818 0.514124979783845 -0.0
outer loop
vertex 5.3881922212895006e-05 0.00019247140153311193 3.999999989900971e-06
vertex 5.383147072279826e-05 0.0001925555698107928 3.999999989900971e-06
vertex 5.383147072279826e-05 0.0001925555698107928 0.00018899999849963933
endloop
endfacet
facet normal 0.8577152821083818 0.514124979783845 0.0
outer loop
vertex 5.3881922212895006e-05 0.00019247140153311193 3.999999989900971e-06
vertex 5.383147072279826e-05 0.0001925555698107928 0.00018899999849963933
vertex 5.3881922212895006e-05 0.00019247140153311193 0.00018899999849963933
endloop
endfacet
facet normal 0.8032267583559691 0.5956733791776846 -0.0
outer loop
vertex 5.383147072279826e-05 0.0001925555698107928 3.999999989900971e-06
vertex 5.37730120413471e-05 0.00019263439753558487 3.999999989900971e-06
vertex 5.37730120413471e-05 0.00019263439753558487 0.00018899999849963933
endloop
endfacet
facet normal 0.8032267583559691 0.5956733791776846 0.0
outer loop
vertex 5.383147072279826e-05 0.0001925555698107928 3.999999989900971e-06
vertex 5.37730120413471e-05 0.00019263439753558487 0.00018899999849963933
vertex 5.383147072279826e-05 0.0001925555698107928 0.00018899999849963933
endloop
endfacet
facet normal 0.74095236516813 0.6715575869214451 -0.0
outer loop
vertex 5.37730120413471e-05 0.00019263439753558487 3.999999989900971e-06
vertex 5.370710641727783e-05 0.00019270711345598102 3.999999989900971e-06
vertex 5.370710641727783e-05 0.00019270711345598102 0.00018899999849963933
endloop
endfacet
facet normal 0.74095236516813 0.6715575869214451 0.0
outer loop
vertex 5.37730120413471e-05 0.00019263439753558487 3.999999989900971e-06
vertex 5.370710641727783e-05 0.00019270711345598102 0.00018899999849963933
vertex 5.37730120413471e-05 0.00019263439753558487 0.00018899999849963933
endloop
endfacet
facet normal 0.671494615213096 0.7410094343122874 -0.0
outer loop
vertex 5.370710641727783e-05 0.00019270711345598102 3.999999989900971e-06
vertex 5.3634394134860486e-05 0.00019277300452813506 3.999999989900971e-06
vertex 5.3634394134860486e-05 0.00019277300452813506 0.00018899999849963933
endloop
endfacet
facet normal 0.671494615213096 0.7410094343122874 0.0
outer loop
vertex 5.370710641727783e-05 0.00019270711345598102 3.999999989900971e-06
vertex 5.3634394134860486e-05 0.00019277300452813506 0.00018899999849963933
vertex 5.370710641727783e-05 0.00019270711345598102 0.00018899999849963933
endloop
endfacet
facet normal 0.5957628578049455 0.8031603932341809 -0.0
outer loop
vertex 5.3634394134860486e-05 0.00019277300452813506 3.999999989900971e-06
vertex 5.355557004804723e-05 0.00019283147412352264 3.999999989900971e-06
vertex 5.355557004804723e-05 0.00019283147412352264 0.00018899999849963933
endloop
endfacet
facet normal 0.5957628578049455 0.8031603932341809 0.0
outer loop
vertex 5.3634394134860486e-05 0.00019277300452813506 3.999999989900971e-06
vertex 5.355557004804723e-05 0.00019283147412352264 0.00018899999849963933
vertex 5.3634394134860486e-05 0.00019277300452813506 0.00018899999849963933
endloop
endfacet
facet normal 0.5141086321313505 0.8577250808785013 -0.0
outer loop
vertex 5.355557004804723e-05 0.00019283147412352264 3.999999989900971e-06
vertex 5.347139813238755e-05 0.0001928819256136194 3.999999989900971e-06
vertex 5.347139813238755e-05 0.0001928819256136194 0.00018899999849963933
endloop
endfacet
facet normal 0.5141086321313505 0.8577250808785013 0.0
outer loop
vertex 5.355557004804723e-05 0.00019283147412352264 3.999999989900971e-06
vertex 5.347139813238755e-05 0.0001928819256136194 0.00018899999849963933
vertex 5.355557004804723e-05 0.00019283147412352264 0.00018899999849963933
endloop
endfacet
facet normal 0.4275030160411486 0.9040139220585718 -0.0
outer loop
vertex 5.347139813238755e-05 0.0001928819256136194 3.999999989900971e-06
vertex 5.338268238119781e-05 0.00019292387878522277 3.999999989900971e-06
vertex 5.338268238119781e-05 0.00019292387878522277 0.00018899999849963933
endloop
endfacet
facet normal 0.4275030160411486 0.9040139220585718 0.0
outer loop
vertex 5.347139813238755e-05 0.0001928819256136194 3.999999989900971e-06
vertex 5.338268238119781e-05 0.00019292387878522277 0.00018899999849963933
vertex 5.347139813238755e-05 0.0001928819256136194 0.00018899999849963933
endloop
endfacet
facet normal 0.3369046516681994 0.9415387701440281 -0.0
outer loop
vertex 5.338268238119781e-05 0.00019292387878522277 3.999999989900971e-06
vertex 5.3290284995455295e-05 0.00019295694073662162 3.999999989900971e-06
vertex 5.3290284995455295e-05 0.00019295694073662162 0.00018899999849963933
endloop
endfacet
facet normal 0.3369046516681994 0.9415387701440281 0.0
outer loop
vertex 5.338268238119781e-05 0.00019292387878522277 3.999999989900971e-06
vertex 5.3290284995455295e-05 0.00019295694073662162 0.00018899999849963933
vertex 5.338268238119781e-05 0.00019292387878522277 0.00018899999849963933
endloop
endfacet
facet normal 0.24303277109162985 0.9700180782725256 -0.0
outer loop
vertex 5.3290284995455295e-05 0.00019295694073662162 3.999999989900971e-06
vertex 5.3195090004010126e-05 0.0001929807913256809 3.999999989900971e-06
vertex 5.3195090004010126e-05 0.0001929807913256809 0.00018899999849963933
endloop
endfacet
facet normal 0.24303277109162985 0.9700180782725256 0.0
outer loop
vertex 5.3290284995455295e-05 0.00019295694073662162 3.999999989900971e-06
vertex 5.3195090004010126e-05 0.0001929807913256809 0.00018899999849963933
vertex 5.3290284995455295e-05 0.00019295694073662162 0.00018899999849963933
endloop
endfacet
facet normal 0.14665614363933555 0.9891875330455991 -0.0
outer loop
vertex 5.3195090004010126e-05 0.0001929807913256809 3.999999989900971e-06
vertex 5.30980178155005e-05 0.00019299518316984177 3.999999989900971e-06
vertex 5.30980178155005e-05 0.00019299518316984177 0.00018899999849963933
endloop
endfacet
facet normal 0.14665614363933555 0.9891875330455991 0.0
outer loop
vertex 5.3195090004010126e-05 0.0001929807913256809 3.999999989900971e-06
vertex 5.30980178155005e-05 0.00019299518316984177 0.00018899999849963933
vertex 5.3195090004010126e-05 0.0001929807913256809 0.00018899999849963933
endloop
endfacet
facet normal 0.04908155295131086 0.9987947742954444 -0.0
outer loop
vertex 5.30980178155005e-05 0.00019299518316984177 3.999999989900971e-06
vertex 5.2999999752501026e-05 0.00019299999985378236 3.999999989900971e-06
vertex 5.2999999752501026e-05 0.00019299999985378236 0.00018899999849963933
endloop
endfacet
facet normal 0.04908155295131086 0.9987947742954444 0.0
outer loop
vertex 5.30980178155005e-05 0.00019299518316984177 3.999999989900971e-06
vertex 5.2999999752501026e-05 0.00019299999985378236 0.00018899999849963933
vertex 5.30980178155005e-05 0.00019299518316984177 0.00018899999849963933
endloop
endfacet
facet normal -0.04908155295131086 0.9987947742954444 0.0
outer loop
vertex 5.2999999752501026e-05 0.00019299999985378236 3.999999989900971e-06
vertex 5.2901981689501554e-05 0.00019299518316984177 3.999999989900971e-06
vertex 5.2901981689501554e-05 0.00019299518316984177 0.00018899999849963933
endloop
endfacet
facet normal -0.04908155295131086 0.9987947742954444 0.0
outer loop
vertex 5.2999999752501026e-05 0.00019299999985378236 3.999999989900971e-06
vertex 5.2901981689501554e-05 0.00019299518316984177 0.00018899999849963933
vertex 5.2999999752501026e-05 0.00019299999985378236 0.00018899999849963933
endloop
endfacet
facet normal -0.14665614363933555 0.9891875330455991 0.0
outer loop
vertex 5.2901981689501554e-05 0.00019299518316984177 3.999999989900971e-06
vertex 5.2804909500991926e-05 0.0001929807913256809 3.999999989900971e-06
vertex 5.2804909500991926e-05 0.0001929807913256809 0.00018899999849963933
endloop
endfacet
facet normal -0.14665614363933555 0.9891875330455991 0.0
outer loop
vertex 5.2901981689501554e-05 0.00019299518316984177 3.999999989900971e-06
vertex 5.2804909500991926e-05 0.0001929807913256809 0.00018899999849963933
vertex 5.2901981689501554e-05 0.00019299518316984177 0.00018899999849963933
endloop
endfacet
facet normal -0.24303277109162985 0.9700180782725256 0.0
outer loop
vertex 5.2804909500991926e-05 0.0001929807913256809 3.999999989900971e-06
vertex 5.270971450954676e-05 0.00019295694073662162 3.999999989900971e-06
vertex 5.270971450954676e-05 0.00019295694073662162 0.00018899999849963933
endloop
endfacet
facet normal -0.24303277109162985 0.9700180782725256 0.0
outer loop
vertex 5.2804909500991926e-05 0.0001929807913256809 3.999999989900971e-06
vertex 5.270971450954676e-05 0.00019295694073662162 0.00018899999849963933
vertex 5.2804909500991926e-05 0.0001929807913256809 0.00018899999849963933
endloop
endfacet
facet normal -0.3369046516681994 0.9415387701440281 0.0
outer loop
vertex 5.270971450954676e-05 0.00019295694073662162 3.999999989900971e-06
vertex 5.261731712380424e-05 0.00019292387878522277 3.999999989900971e-06
vertex 5.261731712380424e-05 0.00019292387878522277 0.00018899999849963933
endloop
endfacet
facet normal -0.3369046516681994 0.9415387701440281 0.0
outer loop
vertex 5.270971450954676e-05 0.00019295694073662162 3.999999989900971e-06
vertex 5.261731712380424e-05 0.00019292387878522277 0.00018899999849963933
vertex 5.270971450954676e-05 0.00019295694073662162 0.00018899999849963933
endloop
endfacet
facet normal -0.42751734325615237 0.9040071466615743 0.0
outer loop
vertex 5.261731712380424e-05 0.00019292387878522277 3.999999989900971e-06
vertex 5.252860501059331e-05 0.0001928819256136194 3.999999989900971e-06
vertex 5.252860501059331e-05 0.0001928819256136194 0.00018899999849963933
endloop
endfacet
facet normal -0.42751734325615237 0.9040071466615743 0.0
outer loop
vertex 5.261731712380424e-05 0.00019292387878522277 3.999999989900971e-06
vertex 5.252860501059331e-05 0.0001928819256136194 0.00018899999849963933
vertex 5.261731712380424e-05 0.00019292387878522277 0.00018899999849963933
endloop
endfacet
facet normal -0.5140922853317047 0.8577348787139445 0.0
outer loop
vertex 5.252860501059331e-05 0.0001928819256136194 3.999999989900971e-06
vertex 5.244442945695482e-05 0.00019283147412352264 3.999999989900971e-06
vertex 5.244442945695482e-05 0.00019283147412352264 0.00018899999849963933
endloop
endfacet
facet normal -0.5140922853317047 0.8577348787139445 0.0
outer loop
vertex 5.252860501059331e-05 0.0001928819256136194 3.999999989900971e-06
vertex 5.244442945695482e-05 0.00019283147412352264 0.00018899999849963933
vertex 5.252860501059331e-05 0.0001928819256136194 0.00018899999849963933
endloop
endfacet
facet normal -0.5957628578049455 0.8031603932341809 0.0
outer loop
vertex 5.244442945695482e-05 0.00019283147412352264 3.999999989900971e-06
vertex 5.2365605370141566e-05 0.00019277300452813506 3.999999989900971e-06
vertex 5.2365605370141566e-05 0.00019277300452813506 0.00018899999849963933
endloop
endfacet
facet normal -0.5957628578049455 0.8031603932341809 0.0
outer loop
vertex 5.244442945695482e-05 0.00019283147412352264 3.999999989900971e-06
vertex 5.2365605370141566e-05 0.00019277300452813506 0.00018899999849963933
vertex 5.244442945695482e-05 0.00019283147412352264 0.00018899999849963933
endloop
endfacet
facet normal -0.671494615213096 0.7410094343122874 0.0
outer loop
vertex 5.2365605370141566e-05 0.00019277300452813506 3.999999989900971e-06
vertex 5.2292893087724224e-05 0.00019270711345598102 3.999999989900971e-06
vertex 5.2292893087724224e-05 0.00019270711345598102 0.00018899999849963933
endloop
endfacet
facet normal -0.671494615213096 0.7410094343122874 0.0
outer loop
vertex 5.2365605370141566e-05 0.00019277300452813506 3.999999989900971e-06
vertex 5.2292893087724224e-05 0.00019270711345598102 0.00018899999849963933
vertex 5.2365605370141566e-05 0.00019277300452813506 0.00018899999849963933
endloop
endfacet
facet normal -0.740970811020441 0.671537234422418 0.0
outer loop
vertex 5.2292893087724224e-05 0.00019270711345598102 3.999999989900971e-06
vertex 5.222699110163376e-05 0.00019263439753558487 3.999999989900971e-06
vertex 5.222699110163376e-05 0.00019263439753558487 0.00018899999849963933
endloop
endfacet
facet normal -0.740970811020441 0.671537234422418 0.0
outer loop
vertex 5.2292893087724224e-05 0.00019270711345598102 3.999999989900971e-06
vertex 5.222699110163376e-05 0.00019263439753558487 0.00018899999849963933
vertex 5.2292893087724224e-05 0.00019270711345598102 0.00018899999849963933
endloop
endfacet
facet normal -0.8032090219823352 0.5956972947782965 0.0
outer loop
vertex 5.222699110163376e-05 0.00019263439753558487 3.999999989900971e-06
vertex 5.2168528782203794e-05 0.0001925555698107928 3.999999989900971e-06
vertex 5.2168528782203794e-05 0.0001925555698107928 0.00018899999849963933
endloop
endfacet
facet normal -0.8032090219823352 0.5956972947782965 0.0
outer loop
vertex 5.222699110163376e-05 0.00019263439753558487 3.999999989900971e-06
vertex 5.2168528782203794e-05 0.0001925555698107928 0.00018899999849963933
vertex 5.222699110163376e-05 0.00019263439753558487 0.00018899999849963933
endloop
endfacet
facet normal -0.8577152821083818 0.514124979783845 0.0
outer loop
vertex 5.2168528782203794e-05 0.0001925555698107928 3.999999989900971e-06
vertex 5.2118077292107046e-05 0.00019247140153311193 3.999999989900971e-06
vertex 5.2118077292107046e-05 0.00019247140153311193 0.00018899999849963933
endloop
endfacet
facet normal -0.8577152821083818 0.514124979783845 0.0
outer loop
vertex 5.2168528782203794e-05 0.0001925555698107928 3.999999989900971e-06
vertex 5.2118077292107046e-05 0.00019247140153311193 0.00018899999849963933
vertex 5.2168528782203794e-05 0.0001925555698107928 0.00018899999849963933
endloop
endfacet
facet normal -0.9040131454457061 0.4275046582920013 0.0
outer loop
vertex 5.2118077292107046e-05 0.00019247140153311193 3.999999989900971e-06
vertex 5.207612048252486e-05 0.00019238267850596458 3.999999989900971e-06
vertex 5.207612048252486e-05 0.00019238267850596458 0.00018899999849963933
endloop
endfacet
facet normal -0.9040131454457061 0.4275046582920013 0.0
outer loop
vertex 5.2118077292107046e-05 0.00019247140153311193 3.999999989900971e-06
vertex 5.207612048252486e-05 0.00019238267850596458 0.00018899999849963933
vertex 5.2118077292107046e-05 0.00019247140153311193 0.00018899999849963933
endloop
endfacet
facet normal -0.9415303537089625 0.33692817193680313 0.0
outer loop
vertex 5.207612048252486e-05 0.00019238267850596458 3.999999989900971e-06
vertex 5.204305853112601e-05 0.00019229028839617968 3.999999989900971e-06
vertex 5.204305853112601e-05 0.00019229028839617968 0.00018899999849963933
endloop
endfacet
facet normal -0.9415303537089625 0.33692817193680313 0.0
outer loop
vertex 5.207612048252486e-05 0.00019238267850596458 3.999999989900971e-06
vertex 5.204305853112601e-05 0.00019229028839617968 0.00018899999849963933
vertex 5.207612048252486e-05 0.00019238267850596458 0.00018899999849963933
endloop
endfacet
facet normal -0.9700377426519038 0.24295427106926695 0.0
outer loop
vertex 5.204305853112601e-05 0.00019229028839617968 3.999999989900971e-06
vertex 5.201921521802433e-05 0.0001921950897667557 3.999999989900971e-06
vertex 5.201921521802433e-05 0.0001921950897667557 0.00018899999849963933
endloop
endfacet
facet normal -0.9700377426519038 0.24295427106926695 0.0
outer loop
vertex 5.204305853112601e-05 0.00019229028839617968 3.999999989900971e-06
vertex 5.201921521802433e-05 0.0001921950897667557 0.00018899999849963933
vertex 5.204305853112601e-05 0.00019229028839617968 0.00018899999849963933
endloop
endfacet
facet normal -0.9891775725290161 0.14672331105043643 0.0
outer loop
vertex 5.201921521802433e-05 0.0001921950897667557 3.999999989900971e-06
vertex 5.200481609790586e-05 0.00019209801394026726 3.999999989900971e-06
vertex 5.200481609790586e-05 0.00019209801394026726 0.00018899999849963933
endloop
endfacet
facet normal -0.9891775725290161 0.14672331105043643 0.0
outer loop
vertex 5.201921521802433e-05 0.0001921950897667557 3.999999989900971e-06
vertex 5.200481609790586e-05 0.00019209801394026726 0.00018899999849963933
vertex 5.201921521802433e-05 0.0001921950897667557 0.00018899999849963933
endloop
endfacet
facet normal -0.9987945063412735 0.04908700543414425 0.0
outer loop
vertex 5.200481609790586e-05 0.00019209801394026726 3.999999989900971e-06
vertex 5.199999941396527e-05 0.00019200000679120421 3.999999989900971e-06
vertex 5.199999941396527e-05 0.00019200000679120421 0.00018899999849963933
endloop
endfacet
facet normal -0.9987945063412735 0.04908700543414425 0.0
outer loop
vertex 5.200481609790586e-05 0.00019209801394026726 3.999999989900971e-06
vertex 5.199999941396527e-05 0.00019200000679120421 0.00018899999849963933
vertex 5.200481609790586e-05 0.00019209801394026726 0.00018899999849963933
endloop
endfacet
facet normal -0.99879486359366 -0.04907973572587611 0.0
outer loop
vertex 5.199999941396527e-05 0.00019200000679120421 3.999999989900971e-06
vertex 5.200481609790586e-05 0.00019190198509022593 3.999999989900971e-06
vertex 5.200481609790586e-05 0.00019190198509022593 0.00018899999849963933
endloop
endfacet
facet normal -0.99879486359366 -0.04907973572587611 0.0
outer loop
vertex 5.199999941396527e-05 0.00019200000679120421 3.999999989900971e-06
vertex 5.200481609790586e-05 0.00019190198509022593 0.00018899999849963933
vertex 5.199999941396527e-05 0.00019200000679120421 0.00018899999849963933
endloop
endfacet
facet normal -0.9891775725290161 -0.14672331105043643 0.0
outer loop
vertex 5.200481609790586e-05 0.00019190198509022593 3.999999989900971e-06
vertex 5.201921521802433e-05 0.0001918049092637375 3.999999989900971e-06
vertex 5.201921521802433e-05 0.0001918049092637375 0.00018899999849963933
endloop
endfacet
facet normal -0.9891775725290161 -0.14672331105043643 0.0
outer loop
vertex 5.200481609790586e-05 0.00019190198509022593 3.999999989900971e-06
vertex 5.201921521802433e-05 0.0001918049092637375 0.00018899999849963933
vertex 5.200481609790586e-05 0.00019190198509022593 0.00018899999849963933
endloop
endfacet
facet normal -0.9700377426519038 -0.24295427106926695 0.0
outer loop
vertex 5.201921521802433e-05 0.0001918049092637375 3.999999989900971e-06
vertex 5.204305853112601e-05 0.00019170971063431352 3.999999989900971e-06
vertex 5.204305853112601e-05 0.00019170971063431352 0.00018899999849963933
endloop
endfacet
facet normal -0.9700377426519038 -0.24295427106926695 0.0
outer loop
vertex 5.201921521802433e-05 0.0001918049092637375 3.999999989900971e-06
vertex 5.204305853112601e-05 0.00019170971063431352 0.00018899999849963933
vertex 5.201921521802433e-05 0.0001918049092637375 0.00018899999849963933
endloop
endfacet
facet normal -0.9415303537089625 -0.33692817193680313 0.0
outer loop
vertex 5.204305853112601e-05 0.00019170971063431352 3.999999989900971e-06
vertex 5.207612048252486e-05 0.00019161732052452862 3.999999989900971e-06
vertex 5.207612048252486e-05 0.00019161732052452862 0.00018899999849963933
endloop
endfacet
facet normal -0.9415303537089625 -0.33692817193680313 0.0
outer loop
vertex 5.204305853112601e-05 0.00019170971063431352 3.999999989900971e-06
vertex 5.207612048252486e-05 0.00019161732052452862 0.00018899999849963933
vertex 5.204305853112601e-05 0.00019170971063431352 0.00018899999849963933
endloop
endfacet
facet normal -0.9040131454457061 -0.4275046582920013 0.0
outer loop
vertex 5.207612048252486e-05 0.00019161732052452862 3.999999989900971e-06
vertex 5.2118077292107046e-05 0.00019152859749738127 3.999999989900971e-06
vertex 5.2118077292107046e-05 0.00019152859749738127 0.00018899999849963933
endloop
endfacet
facet normal -0.9040131454457061 -0.4275046582920013 0.0
outer loop
vertex 5.207612048252486e-05 0.00019161732052452862 3.999999989900971e-06
vertex 5.2118077292107046e-05 0.00019152859749738127 0.00018899999849963933
vertex 5.207612048252486e-05 0.00019161732052452862 0.00018899999849963933
endloop
endfacet
facet normal -0.8577152821083818 -0.514124979783845 0.0
outer loop
vertex 5.2118077292107046e-05 0.00019152859749738127 3.999999989900971e-06
vertex 5.2168528782203794e-05 0.0001914444292197004 3.999999989900971e-06
vertex 5.2168528782203794e-05 0.0001914444292197004 0.00018899999849963933
endloop
endfacet
facet normal -0.8577152821083818 -0.514124979783845 0.0
outer loop
vertex 5.2118077292107046e-05 0.00019152859749738127 3.999999989900971e-06
vertex 5.2168528782203794e-05 0.0001914444292197004 0.00018899999849963933
vertex 5.2118077292107046e-05 0.00019152859749738127 0.00018899999849963933
endloop
endfacet
facet normal -0.8032090219823352 -0.5956972947782965 0.0
outer loop
vertex 5.2168528782203794e-05 0.0001914444292197004 3.999999989900971e-06
vertex 5.222699110163376e-05 0.00019136560149490833 3.999999989900971e-06
vertex 5.222699110163376e-05 0.00019136560149490833 0.00018899999849963933
endloop
endfacet
facet normal -0.8032090219823352 -0.5956972947782965 0.0
outer loop
vertex 5.2168528782203794e-05 0.0001914444292197004 3.999999989900971e-06
vertex 5.222699110163376e-05 0.00019136560149490833 0.00018899999849963933
vertex 5.2168528782203794e-05 0.0001914444292197004 0.00018899999849963933
endloop
endfacet
facet normal -0.7409039299023323 -0.6716110233276996 0.0
outer loop
vertex 5.222699110163376e-05 0.00019136560149490833 3.999999989900971e-06
vertex 5.2292893087724224e-05 0.0001912929001264274 3.999999989900971e-06
vertex 5.2292893087724224e-05 0.0001912929001264274 0.00018899999849963933
endloop
endfacet
facet normal -0.7409039299023323 -0.6716110233276996 0.0
outer loop
vertex 5.222699110163376e-05 0.00019136560149490833 3.999999989900971e-06
vertex 5.2292893087724224e-05 0.0001912929001264274 0.00018899999849963933
vertex 5.222699110163376e-05 0.00019136560149490833 0.00018899999849963933
endloop
endfacet
facet normal -0.6715760328926187 -0.7409356463581789 0.0
outer loop
vertex 5.2292893087724224e-05 0.0001912929001264274 3.999999989900971e-06
vertex 5.2365605370141566e-05 0.00019122699450235814 3.999999989900971e-06
vertex 5.2365605370141566e-05 0.00019122699450235814 0.00018899999849963933
endloop
endfacet
facet normal -0.6715760328926187 -0.7409356463581789 0.0
outer loop
vertex 5.2292893087724224e-05 0.0001912929001264274 3.999999989900971e-06
vertex 5.2365605370141566e-05 0.00019122699450235814 0.00018899999849963933
vertex 5.2292893087724224e-05 0.0001912929001264274 0.00018899999849963933
endloop
endfacet
facet normal -0.5957628578049455 -0.8031603932341809 0.0
outer loop
vertex 5.2365605370141566e-05 0.00019122699450235814 3.999999989900971e-06
vertex 5.244442945695482e-05 0.00019116852490697056 3.999999989900971e-06
vertex 5.244442945695482e-05 0.00019116852490697056 0.00018899999849963933
endloop
endfacet
facet normal -0.5957628578049455 -0.8031603932341809 0.0
outer loop
vertex 5.2365605370141566e-05 0.00019122699450235814 3.999999989900971e-06
vertex 5.244442945695482e-05 0.00019116852490697056 0.00018899999849963933
vertex 5.2365605370141566e-05 0.00019122699450235814 0.00018899999849963933
endloop
endfacet
facet normal -0.5140922853317047 -0.8577348787139445 0.0
outer loop
vertex 5.244442945695482e-05 0.00019116852490697056 3.999999989900971e-06
vertex 5.252860501059331e-05 0.0001911180734168738 3.999999989900971e-06
vertex 5.252860501059331e-05 0.0001911180734168738 0.00018899999849963933
endloop
endfacet
facet normal -0.5140922853317047 -0.8577348787139445 0.0
outer loop
vertex 5.244442945695482e-05 0.00019116852490697056 3.999999989900971e-06
vertex 5.252860501059331e-05 0.0001911180734168738 0.00018899999849963933
vertex 5.244442945695482e-05 0.00019116852490697056 0.00018899999849963933
endloop
endfacet
facet normal -0.42751734325615237 -0.9040071466615743 0.0
outer loop
vertex 5.252860501059331e-05 0.0001911180734168738 3.999999989900971e-06
vertex 5.261731712380424e-05 0.00019107612024527043 3.999999989900971e-06
vertex 5.261731712380424e-05 0.00019107612024527043 0.00018899999849963933
endloop
endfacet
facet normal -0.42751734325615237 -0.9040071466615743 0.0
outer loop
vertex 5.252860501059331e-05 0.0001911180734168738 3.999999989900971e-06
vertex 5.261731712380424e-05 0.00019107612024527043 0.00018899999849963933
vertex 5.252860501059331e-05 0.0001911180734168738 0.00018899999849963933
endloop
endfacet
facet normal -0.3369046516681994 -0.9415387701440281 0.0
outer loop
vertex 5.261731712380424e-05 0.00019107612024527043 3.999999989900971e-06
vertex 5.270971450954676e-05 0.00019104305829387158 3.999999989900971e-06
vertex 5.270971450954676e-05 0.00019104305829387158 0.00018899999849963933
endloop
endfacet
facet normal -0.3369046516681994 -0.9415387701440281 0.0
outer loop
vertex 5.261731712380424e-05 0.00019107612024527043 3.999999989900971e-06
vertex 5.270971450954676e-05 0.00019104305829387158 0.00018899999849963933
vertex 5.261731712380424e-05 0.00019107612024527043 0.00018899999849963933
endloop
endfacet
facet normal -0.24303277109162985 -0.9700180782725256 0.0
outer loop
vertex 5.270971450954676e-05 0.00019104305829387158 3.999999989900971e-06
vertex 5.2804909500991926e-05 0.0001910192077048123 3.999999989900971e-06
vertex 5.2804909500991926e-05 0.0001910192077048123 0.00018899999849963933
endloop
endfacet
facet normal -0.24303277109162985 -0.9700180782725256 0.0
outer loop
vertex 5.270971450954676e-05 0.00019104305829387158 3.999999989900971e-06
vertex 5.2804909500991926e-05 0.0001910192077048123 0.00018899999849963933
vertex 5.270971450954676e-05 0.00019104305829387158 0.00018899999849963933
endloop
endfacet
facet normal -0.14665614363933555 -0.9891875330455991 0.0
outer loop
vertex 5.2804909500991926e-05 0.0001910192077048123 3.999999989900971e-06
vertex 5.2901981689501554e-05 0.00019100481586065143 3.999999989900971e-06
vertex 5.2901981689501554e-05 0.00019100481586065143 0.00018899999849963933
endloop
endfacet
facet normal -0.14665614363933555 -0.9891875330455991 0.0
outer loop
vertex 5.2804909500991926e-05 0.0001910192077048123 3.999999989900971e-06
vertex 5.2901981689501554e-05 0.00019100481586065143 0.00018899999849963933
vertex 5.2804909500991926e-05 0.0001910192077048123 0.00018899999849963933
endloop
endfacet
facet normal -0.04908155295131086 -0.9987947742954444 0.0
outer loop
vertex 5.2901981689501554e-05 0.00019100481586065143 3.999999989900971e-06
vertex 5.2999999752501026e-05 0.00019099999917671084 3.999999989900971e-06
vertex 5.2999999752501026e-05 0.00019099999917671084 0.00018899999849963933
endloop
endfacet
facet normal -0.04908155295131086 -0.9987947742954444 0.0
outer loop
vertex 5.2901981689501554e-05 0.00019100481586065143 3.999999989900971e-06
vertex 5.2999999752501026e-05 0.00019099999917671084 0.00018899999849963933
vertex 5.2901981689501554e-05 0.00019100481586065143 0.00018899999849963933
endloop
endfacet
facet normal 0.04908155295131086 -0.9987947742954444 0.0
outer loop
vertex 5.2999999752501026e-05 0.00019099999917671084 3.999999989900971e-06
vertex 5.30980178155005e-05 0.00019100481586065143 3.999999989900971e-06
vertex 5.30980178155005e-05 0.00019100481586065143 0.00018899999849963933
endloop
endfacet
facet normal 0.04908155295131086 -0.9987947742954444 0.0
outer loop
vertex 5.2999999752501026e-05 0.00019099999917671084 3.999999989900971e-06
vertex 5.30980178155005e-05 0.00019100481586065143 0.00018899999849963933
vertex 5.2999999752501026e-05 0.00019099999917671084 0.00018899999849963933
endloop
endfacet
facet normal 0.14665614363933555 -0.9891875330455991 0.0
outer loop
vertex 5.30980178155005e-05 0.00019100481586065143 3.999999989900971e-06
vertex 5.3195090004010126e-05 0.0001910192077048123 3.999999989900971e-06
vertex 5.3195090004010126e-05 0.0001910192077048123 0.00018899999849963933
endloop
endfacet
facet normal 0.14665614363933555 -0.9891875330455991 0.0
outer loop
vertex 5.30980178155005e-05 0.00019100481586065143 3.999999989900971e-06
vertex 5.3195090004010126e-05 0.0001910192077048123 0.00018899999849963933
vertex 5.30980178155005e-05 0.00019100481586065143 0.00018899999849963933
endloop
endfacet
facet normal 0.24303277109162985 -0.9700180782725256 0.0
outer loop
vertex 5.3195090004010126e-05 0.0001910192077048123 3.999999989900971e-06
vertex 5.3290284995455295e-05 0.00019104305829387158 3.999999989900971e-06
vertex 5.3290284995455295e-05 0.00019104305829387158 0.00018899999849963933
endloop
endfacet
facet normal 0.24303277109162985 -0.9700180782725256 0.0
outer loop
vertex 5.3195090004010126e-05 0.0001910192077048123 3.999999989900971e-06
vertex 5.3290284995455295e-05 0.00019104305829387158 0.00018899999849963933
vertex 5.3195090004010126e-05 0.0001910192077048123 0.00018899999849963933
endloop
endfacet
facet normal 0.3369046516681994 -0.9415387701440281 0.0
outer loop
vertex 5.3290284995455295e-05 0.00019104305829387158 3.999999989900971e-06
vertex 5.338268238119781e-05 0.00019107612024527043 3.999999989900971e-06
vertex 5.338268238119781e-05 0.00019107612024527043 0.00018899999849963933
endloop
endfacet
facet normal 0.3369046516681994 -0.9415387701440281 0.0
outer loop
vertex 5.3290284995455295e-05 0.00019104305829387158 3.999999989900971e-06
vertex 5.338268238119781e-05 0.00019107612024527043 0.00018899999849963933
vertex 5.3290284995455295e-05 0.00019104305829387158 0.00018899999849963933
endloop
endfacet
facet normal 0.4275030160411486 -0.9040139220585718 0.0
outer loop
vertex 5.338268238119781e-05 0.00019107612024527043 3.999999989900971e-06
vertex 5.347139813238755e-05 0.0001911180734168738 3.999999989900971e-06
vertex 5.347139813238755e-05 0.0001911180734168738 0.00018899999849963933
endloop
endfacet
facet normal 0.4275030160411486 -0.9040139220585718 0.0
outer loop
vertex 5.338268238119781e-05 0.00019107612024527043 3.999999989900971e-06
vertex 5.347139813238755e-05 0.0001911180734168738 0.00018899999849963933
vertex 5.338268238119781e-05 0.00019107612024527043 0.00018899999849963933
endloop
endfacet
facet normal 0.5141086321313505 -0.8577250808785013 0.0
outer loop
vertex 5.347139813238755e-05 0.0001911180734168738 3.999999989900971e-06
vertex 5.355557004804723e-05 0.00019116852490697056 3.999999989900971e-06
vertex 5.355557004804723e-05 0.00019116852490697056 0.00018899999849963933
endloop
endfacet
facet normal 0.5141086321313505 -0.8577250808785013 0.0
outer loop
vertex 5.347139813238755e-05 0.0001911180734168738 3.999999989900971e-06
vertex 5.355557004804723e-05 0.00019116852490697056 0.00018899999849963933
vertex 5.347139813238755e-05 0.0001911180734168738 0.00018899999849963933
endloop
endfacet
facet normal 0.5957628578049455 -0.8031603932341809 0.0
outer loop
vertex 5.355557004804723e-05 0.00019116852490697056 3.999999989900971e-06
vertex 5.3634394134860486e-05 0.00019122699450235814 3.999999989900971e-06
vertex 5.3634394134860486e-05 0.00019122699450235814 0.00018899999849963933
endloop
endfacet
facet normal 0.5957628578049455 -0.8031603932341809 0.0
outer loop
vertex 5.355557004804723e-05 0.00019116852490697056 3.999999989900971e-06
vertex 5.3634394134860486e-05 0.00019122699450235814 0.00018899999849963933
vertex 5.355557004804723e-05 0.00019116852490697056 0.00018899999849963933
endloop
endfacet
facet normal 0.6715760328926187 -0.7409356463581789 0.0
outer loop
vertex 5.3634394134860486e-05 0.00019122699450235814 3.999999989900971e-06
vertex 5.370710641727783e-05 0.0001912929001264274 3.999999989900971e-06
vertex 5.370710641727783e-05 0.0001912929001264274 0.00018899999849963933
endloop
endfacet
facet normal 0.6715760328926187 -0.7409356463581789 0.0
outer loop
vertex 5.3634394134860486e-05 0.00019122699450235814 3.999999989900971e-06
vertex 5.370710641727783e-05 0.0001912929001264274 0.00018899999849963933
vertex 5.3634394134860486e-05 0.00019122699450235814 0.00018899999849963933
endloop
endfacet
facet normal 0.7408854816615834 -0.6716313743885731 0.0
outer loop
vertex 5.370710641727783e-05 0.0001912929001264274 3.999999989900971e-06
vertex 5.37730120413471e-05 0.00019136560149490833 3.999999989900971e-06
vertex 5.37730120413471e-05 0.00019136560149490833 0.00018899999849963933
endloop
endfacet
facet normal 0.7408854816615834 -0.6716313743885731 0.0
outer loop
vertex 5.370710641727783e-05 0.0001912929001264274 3.999999989900971e-06
vertex 5.37730120413471e-05 0.00019136560149490833 0.00018899999849963933
vertex 5.370710641727783e-05 0.0001912929001264274 0.00018899999849963933
endloop
endfacet
facet normal 0.8032267583559691 -0.5956733791776846 0.0
outer loop
vertex 5.37730120413471e-05 0.00019136560149490833 3.999999989900971e-06
vertex 5.383147072279826e-05 0.0001914444292197004 3.999999989900971e-06
vertex 5.383147072279826e-05 0.0001914444292197004 0.00018899999849963933
endloop
endfacet
facet normal 0.8032267583559691 -0.5956733791776846 0.0
outer loop
vertex 5.37730120413471e-05 0.00019136560149490833 3.999999989900971e-06
vertex 5.383147072279826e-05 0.0001914444292197004 0.00018899999849963933
vertex 5.37730120413471e-05 0.00019136560149490833 0.00018899999849963933
endloop
endfacet
facet normal 0.8577152821083818 -0.514124979783845 0.0
outer loop
vertex 5.383147072279826e-05 0.0001914444292197004 3.999999989900971e-06
vertex 5.3881922212895006e-05 0.00019152859749738127 3.999999989900971e-06
vertex 5.3881922212895006e-05 0.00019152859749738127 0.00018899999849963933
endloop
endfacet
facet normal 0.8577152821083818 -0.514124979783845 0.0
outer loop
vertex 5.383147072279826e-05 0.0001914444292197004 3.999999989900971e-06
vertex 5.3881922212895006e-05 0.00019152859749738127 0.00018899999849963933
vertex 5.383147072279826e-05 0.0001914444292197004 0.00018899999849963933
endloop
endfacet
facet normal 0.9040131454457061 -0.4275046582920013 0.0
outer loop
vertex 5.3881922212895006e-05 0.00019152859749738127 3.999999989900971e-06
vertex 5.3923879022477195e-05 0.00019161732052452862 3.999999989900971e-06
vertex 5.3923879022477195e-05 0.00019161732052452862 0.00018899999849963933
endloop
endfacet
facet normal 0.9040131454457061 -0.4275046582920013 0.0
outer loop
vertex 5.3881922212895006e-05 0.00019152859749738127 3.999999989900971e-06
vertex 5.3923879022477195e-05 0.00019161732052452862 0.00018899999849963933
vertex 5.3881922212895006e-05 0.00019152859749738127 0.00018899999849963933
endloop
endfacet
facet normal 0.9415303537089625 -0.33692817193680313 0.0
outer loop
vertex 5.3923879022477195e-05 0.00019161732052452862 3.999999989900971e-06
vertex 5.3956940973876044e-05 0.00019170971063431352 3.999999989900971e-06
vertex 5.3956940973876044e-05 0.00019170971063431352 0.00018899999849963933
endloop
endfacet
facet normal 0.9415303537089625 -0.33692817193680313 0.0
outer loop
vertex 5.3923879022477195e-05 0.00019161732052452862 3.999999989900971e-06
vertex 5.3956940973876044e-05 0.00019170971063431352 0.00018899999849963933
vertex 5.3923879022477195e-05 0.00019161732052452862 0.00018899999849963933
endloop
endfacet
facet normal 0.9700377426519038 -0.24295427106926695 0.0
outer loop
vertex 5.3956940973876044e-05 0.00019170971063431352 3.999999989900971e-06
vertex 5.398078428697772e-05 0.0001918049092637375 3.999999989900971e-06
vertex 5.398078428697772e-05 0.0001918049092637375 0.00018899999849963933
endloop
endfacet
facet normal 0.9700377426519038 -0.24295427106926695 0.0
outer loop
vertex 5.3956940973876044e-05 0.00019170971063431352 3.999999989900971e-06
vertex 5.398078428697772e-05 0.0001918049092637375 0.00018899999849963933
vertex 5.3956940973876044e-05 0.00019170971063431352 0.00018899999849963933
endloop
endfacet
facet normal 0.9891775725290161 -0.14672331105043643 0.0
outer loop
vertex 5.398078428697772e-05 0.0001918049092637375 3.999999989900971e-06
vertex 5.399518340709619e-05 0.00019190198509022593 3.999999989900971e-06
vertex 5.399518340709619e-05 0.00019190198509022593 0.00018899999849963933
endloop
endfacet
facet normal 0.9891775725290161 -0.14672331105043643 0.0
outer loop
vertex 5.398078428697772e-05 0.0001918049092637375 3.999999989900971e-06
vertex 5.399518340709619e-05 0.00019190198509022593 0.00018899999849963933
vertex 5.398078428697772e-05 0.0001918049092637375 0.00018899999849963933
endloop
endfacet
facet normal 0.99879486359366 -0.04907973572587611 0.0
outer loop
vertex 5.399518340709619e-05 0.00019190198509022593 3.999999989900971e-06
vertex 5.400000009103678e-05 0.00019200000679120421 3.999999989900971e-06
vertex 5.400000009103678e-05 0.00019200000679120421 0.00018899999849963933
endloop
endfacet
facet normal 0.99879486359366 -0.04907973572587611 0.0
outer loop
vertex 5.399518340709619e-05 0.00019190198509022593 3.999999989900971e-06
vertex 5.400000009103678e-05 0.00019200000679120421 0.00018899999849963933
vertex 5.399518340709619e-05 0.00019190198509022593 0.00018899999849963933
endloop
endfacet
facet normal 0.0 0.0 0.0
outer loop
vertex 5.2999999752501026e-05 0.00019200000679120421 0.00018899999849963933
vertex 5.400000009103678e-05 0.00019200000679120421 0.00018899999849963933
vertex 5.399518340709619e-05 0.00019209801394026726 0.00018899999849963933
endloop
endfacet
facet normal 0.0 0.0 0.0
outer loop
vertex 5.2999999752501026e-05 0.00019200000679120421 0.00018899999849963933
vertex 5.399518340709619e-05 0.00019209801394026726 0.00018899999849963933
vertex 5.398078428697772e-05 0.0001921950897667557 0.00018899999849963933
endloop
endfacet
facet normal 0.0 0.0 0.0
outer loop
vertex 5.2999999752501026e-05 0.00019200000679120421 0.00018899999849963933
vertex 5.398078428697772e-05 0.0001921950897667557 0.00018899999849963933
vertex 5.3956940973876044e-05 0.00019229028839617968 0.00018899999849963933
endloop
endfacet
facet normal 0.0 0.0 0.0
outer loop
vertex 5.2999999752501026e-05 0.00019200000679120421 0.00018899999849963933
vertex 5.3956940973876044e-05 0.00019229028839617968 0.00018899999849963933
vertex 5.3923879022477195e-05 0.00019238267850596458 0.00018899999849963933
endloop
endfacet
facet normal 0.0 0.0 0.0
outer loop
vertex 5.2999999752501026e-05 0.00019200000679120421 0.00018899999849963933
vertex 5.3923879022477195e-05 0.00019238267850596458 0.00018899999849963933
vertex 5.3881922212895006e-05 0.00019247140153311193 0.00018899999849963933
endloop
endfacet
facet normal 0.0 0.0 0.0
outer loop
vertex 5.2999999752501026e-05 0.00019200000679120421 0.00018899999849963933
vertex 5.3881922212895006e-05 0.00019247140153311193 0.00018899999849963933
vertex 5.383147072279826e-05 0.0001925555698107928 0.00018899999849963933
endloop
endfacet
facet normal 0.0 0.0 0.0
outer loop
vertex 5.2999999752501026e-05 0.00019200000679120421 0.00018899999849963933
vertex 5.383147072279826e-05 0.0001925555698107928 0.00018899999849963933
vertex 5.37730120413471e-05 0.00019263439753558487 0.00018899999849963933
endloop
endfacet
facet normal 0.0 0.0 0.0
outer loop
vertex 5.2999999752501026e-05 0.00019200000679120421 0.00018899999849963933
vertex 5.37730120413471e-05 0.00019263439753558487 0.00018899999849963933
vertex 5.370710641727783e-05 0.00019270711345598102 0.00018899999849963933
endloop
endfacet
facet normal 0.0 0.0 0.0
outer loop
vertex 5.2999999752501026e-05 0.00019200000679120421 0.00018899999849963933
vertex 5.370710641727783e-05 0.00019270711345598102 0.00018899999849963933
vertex 5.3634394134860486e-05 0.00019277300452813506 0.00018899999849963933
endloop
endfacet
facet normal 0.0 0.0 0.0
outer loop
vertex 5.2999999752501026e-05 0.00019200000679120421 0.00018899999849963933
vertex 5.3634394134860486e-05 0.00019277300452813506 0.00018899999849963933
vertex 5.355557004804723e-05 0.00019283147412352264 0.00018899999849963933
endloop
endfacet
facet normal 0.0 0.0 0.0
outer loop
vertex 5.2999999752501026e-05 0.00019200000679120421 0.00018899999849963933
vertex 5.355557004804723e-05 0.00019283147412352264 0.00018899999849963933
vertex 5.347139813238755e-05 0.0001928819256136194 0.00018899999849963933
endloop
endfacet
facet normal 0.0 0.0 0.0
outer loop
vertex 5.2999999752501026e-05 0.00019200000679120421 0.00018899999849963933
vertex 5.347139813238755e-05 0.0001928819256136194 0.00018899999849963933
vertex 5.338268238119781e-05 0.00019292387878522277 0.00018899999849963933
endloop
endfacet
facet normal 0.0 0.0 0.0
outer loop
vertex 5.2999999752501026e-05 0.00019200000679120421 0.00018899999849963933
vertex 5.338268238119781e-05 0.00019292387878522277 0.00018899999849963933
vertex 5.3290284995455295e-05 0.00019295694073662162 0.00018899999849963933
endloop
endfacet
facet normal 0.0 0.0 0.0
outer loop
vertex 5.2999999752501026e-05 0.00019200000679120421 0.00018899999849963933
vertex 5.3290284995455295e-05 0.00019295694073662162 0.00018899999849963933
vertex 5.3195090004010126e-05 0.0001929807913256809 0.00018899999849963933
endloop
endfacet
facet normal 0.0 0.0 0.0
outer loop
vertex 5.2999999752501026e-05 0.00019200000679120421 0.00018899999849963933
vertex 5.3195090004010126e-05 0.0001929807913256809 0.00018899999849963933
vertex 5.30980178155005e-05 0.00019299518316984177 0.00018899999849963933
endloop
endfacet
facet normal 0.0 0.0 0.0
outer loop
vertex 5.2999999752501026e-05 0.00019200000679120421 0.00018899999849963933
vertex 5.30980178155005e-05 0.00019299518316984177 0.00018899999849963933
vertex 5.2999999752501026e-05 0.00019299999985378236 0.00018899999849963933
endloop
endfacet
facet normal 0.0 0.0 0.0
outer loop
vertex 5.2999999752501026e-05 0.00019200000679120421 0.00018899999849963933
vertex 5.2999999752501026e-05 0.00019299999985378236 0.00018899999849963933
vertex 5.2901981689501554e-05 0.00019299518316984177 0.00018899999849963933
endloop
endfacet
facet normal 0.0 0.0 0.0
outer loop
vertex 5.2999999752501026e-05 0.00019200000679120421 0.00018899999849963933
vertex 5.2901981689501554e-05 0.00019299518316984177 0.00018899999849963933
vertex 5.2804909500991926e-05 0.0001929807913256809 0.00018899999849963933
endloop
endfacet
facet normal 0.0 0.0 0.0
outer loop
vertex 5.2999999752501026e-05 0.00019200000679120421 0.00018899999849963933
vertex 5.2804909500991926e-05 0.0001929807913256809 0.00018899999849963933
vertex 5.270971450954676e-05 0.00019295694073662162 0.00018899999849963933
endloop
endfacet
facet normal 0.0 0.0 0.0
outer loop
vertex 5.2999999752501026e-05 0.00019200000679120421 0.00018899999849963933
vertex 5.270971450954676e-05 0.00019295694073662162 0.00018899999849963933
vertex 5.261731712380424e-05 0.00019292387878522277 0.00018899999849963933
endloop
endfacet
facet normal 0.0 0.0 0.0
outer loop
vertex 5.2999999752501026e-05 0.00019200000679120421 0.00018899999849963933
vertex 5.261731712380424e-05 0.00019292387878522277 0.00018899999849963933
vertex 5.252860501059331e-05 0.0001928819256136194 0.00018899999849963933
endloop
endfacet
facet normal 0.0 0.0 0.0
outer loop
vertex 5.2999999752501026e-05 0.00019200000679120421 0.00018899999849963933
vertex 5.252860501059331e-05 0.0001928819256136194 0.00018899999849963933
vertex 5.244442945695482e-05 0.00019283147412352264 0.00018899999849963933
endloop
endfacet
facet normal 0.0 0.0 0.0
outer loop
vertex 5.2999999752501026e-05 0.00019200000679120421 0.00018899999849963933
vertex 5.244442945695482e-05 0.00019283147412352264 0.00018899999849963933
vertex 5.2365605370141566e-05 0.00019277300452813506 0.00018899999849963933
endloop
endfacet
facet normal 0.0 0.0 0.0
outer loop
vertex 5.2999999752501026e-05 0.00019200000679120421 0.00018899999849963933
vertex 5.2365605370141566e-05 0.00019277300452813506 0.00018899999849963933
vertex 5.2292893087724224e-05 0.00019270711345598102 0.00018899999849963933
endloop
endfacet
facet normal 0.0 0.0 0.0
outer loop
vertex 5.2999999752501026e-05 0.00019200000679120421 0.00018899999849963933
vertex 5.2292893087724224e-05 0.00019270711345598102 0.00018899999849963933
vertex 5.222699110163376e-05 0.00019263439753558487 0.00018899999849963933
endloop
endfacet
facet normal 0.0 0.0 0.0
outer loop
vertex 5.2999999752501026e-05 0.00019200000679120421 0.00018899999849963933
vertex 5.222699110163376e-05 0.00019263439753558487 0.00018899999849963933
vertex 5.2168528782203794e-05 0.0001925555698107928 0.00018899999849963933
endloop
endfacet
facet normal 0.0 0.0 0.0
outer loop
vertex 5.2999999752501026e-05 0.00019200000679120421 0.00018899999849963933
vertex 5.2168528782203794e-05 0.0001925555698107928 0.00018899999849963933
vertex 5.2118077292107046e-05 0.00019247140153311193 0.00018899999849963933
endloop
endfacet
facet normal 0.0 0.0 0.0
outer loop
vertex 5.2999999752501026e-05 0.00019200000679120421 0.00018899999849963933
vertex 5.2118077292107046e-05 0.00019247140153311193 0.00018899999849963933
vertex 5.207612048252486e-05 0.00019238267850596458 0.00018899999849963933
endloop
endfacet
facet normal 0.0 0.0 0.0
outer loop
vertex 5.2999999752501026e-05 0.00019200000679120421 0.00018899999849963933
vertex 5.207612048252486e-05 0.00019238267850596458 0.00018899999849963933
vertex 5.204305853112601e-05 0.00019229028839617968 0.00018899999849963933
endloop
endfacet
facet normal 0.0 0.0 0.0
outer loop
vertex 5.2999999752501026e-05 0.00019200000679120421 0.00018899999849963933
vertex 5.204305853112601e-05 0.00019229028839617968 0.00018899999849963933
vertex 5.201921521802433e-05 0.0001921950897667557 0.00018899999849963933
endloop
endfacet
facet normal 0.0 0.0 0.0
outer loop
vertex 5.2999999752501026e-05 0.00019200000679120421 0.00018899999849963933
vertex 5.201921521802433e-05 0.0001921950897667557 0.00018899999849963933
vertex 5.200481609790586e-05 0.00019209801394026726 0.00018899999849963933
endloop
endfacet
facet normal 0.0 0.0 0.0
outer loop
vertex 5.2999999752501026e-05 0.00019200000679120421 0.00018899999849963933
vertex 5.200481609790586e-05 0.00019209801394026726 0.00018899999849963933
vertex 5.199999941396527e-05 0.00019200000679120421 0.00018899999849963933
endloop
endfacet
facet normal 0.0 0.0 0.0
outer loop
vertex 5.2999999752501026e-05 0.00019200000679120421 0.00018899999849963933
vertex 5.199999941396527e-05 0.00019200000679120421 0.00018899999849963933
vertex 5.200481609790586e-05 0.00019190198509022593 0.00018899999849963933
endloop
endfacet
facet normal 0.0 0.0 0.0
outer loop
vertex 5.2999999752501026e-05 0.00019200000679120421 0.00018899999849963933
vertex 5.200481609790586e-05 0.00019190198509022593 0.00018899999849963933
vertex 5.201921521802433e-05 0.0001918049092637375 0.00018899999849963933
endloop
endfacet
facet normal 0.0 0.0 0.0
outer loop
vertex 5.2999999752501026e-05 0.00019200000679120421 0.00018899999849963933
vertex 5.201921521802433e-05 0.0001918049092637375 0.00018899999849963933
vertex 5.204305853112601e-05 0.00019170971063431352 0.00018899999849963933
endloop
endfacet
facet normal 0.0 0.0 0.0
outer loop
vertex 5.2999999752501026e-05 0.00019200000679120421 0.00018899999849963933
vertex 5.204305853112601e-05 0.00019170971063431352 0.00018899999849963933
vertex 5.207612048252486e-05 0.00019161732052452862 0.00018899999849963933
endloop
endfacet
facet normal 0.0 0.0 0.0
outer loop
vertex 5.2999999752501026e-05 0.00019200000679120421 0.00018899999849963933
vertex 5.207612048252486e-05 0.00019161732052452862 0.00018899999849963933
vertex 5.2118077292107046e-05 0.00019152859749738127 0.00018899999849963933
endloop
endfacet
facet normal 0.0 0.0 0.0
outer loop
vertex 5.2999999752501026e-05 0.00019200000679120421 0.00018899999849963933
vertex 5.2118077292107046e-05 0.00019152859749738127 0.00018899999849963933
vertex 5.2168528782203794e-05 0.0001914444292197004 0.00018899999849963933
endloop
endfacet
facet normal 0.0 0.0 0.0
outer loop
vertex 5.2999999752501026e-05 0.00019200000679120421 0.00018899999849963933
vertex 5.2168528782203794e-05 0.0001914444292197004 0.00018899999849963933
vertex 5.222699110163376e-05 0.00019136560149490833 0.00018899999849963933
endloop
endfacet
facet normal 0.0 0.0 0.0
outer loop
vertex 5.2999999752501026e-05 0.00019200000679120421 0.00018899999849963933
vertex 5.222699110163376e-05 0.00019136560149490833 0.00018899999849963933
vertex 5.2292893087724224e-05 0.0001912929001264274 0.00018899999849963933
endloop
endfacet
facet normal 0.0 0.0 0.0
outer loop
vertex 5.2999999752501026e-05 0.00019200000679120421 0.00018899999849963933
vertex 5.2292893087724224e-05 0.0001912929001264274 0.00018899999849963933
vertex 5.2365605370141566e-05 0.00019122699450235814 0.00018899999849963933
endloop
endfacet
facet normal 0.0 0.0 0.0
outer loop
vertex 5.2999999752501026e-05 0.00019200000679120421 0.00018899999849963933
vertex 5.2365605370141566e-05 0.00019122699450235814 0.00018899999849963933
vertex 5.244442945695482e-05 0.00019116852490697056 0.00018899999849963933
endloop
endfacet
facet normal 0.0 0.0 0.0
outer loop
vertex 5.2999999752501026e-05 0.00019200000679120421 0.00018899999849963933
vertex 5.244442945695482e-05 0.00019116852490697056 0.00018899999849963933
vertex 5.252860501059331e-05 0.0001911180734168738 0.00018899999849963933
endloop
endfacet
facet normal 0.0 0.0 0.0
outer loop
vertex 5.2999999752501026e-05 0.00019200000679120421 0.00018899999849963933
vertex 5.252860501059331e-05 0.0001911180734168738 0.00018899999849963933
vertex 5.261731712380424e-05 0.00019107612024527043 0.00018899999849963933
endloop
endfacet
facet normal 0.0 0.0 0.0
outer loop
vertex 5.2999999752501026e-05 0.00019200000679120421 0.00018899999849963933
vertex 5.261731712380424e-05 0.00019107612024527043 0.00018899999849963933
vertex 5.270971450954676e-05 0.00019104305829387158 0.00018899999849963933
endloop
endfacet
facet normal 0.0 0.0 0.0
outer loop
vertex 5.2999999752501026e-05 0.00019200000679120421 0.00018899999849963933
vertex 5.270971450954676e-05 0.00019104305829387158 0.00018899999849963933
vertex 5.2804909500991926e-05 0.0001910192077048123 0.00018899999849963933
endloop
endfacet
facet normal 0.0 0.0 0.0
outer loop
vertex 5.2999999752501026e-05 0.00019200000679120421 0.00018899999849963933
vertex 5.2804909500991926e-05 0.0001910192077048123 0.00018899999849963933
vertex 5.2901981689501554e-05 0.00019100481586065143 0.00018899999849963933
endloop
endfacet
facet normal 0.0 0.0 0.0
outer loop
vertex 5.2999999752501026e-05 0.00019200000679120421 0.00018899999849963933
vertex 5.2901981689501554e-05 0.00019100481586065143 0.00018899999849963933
vertex 5.2999999752501026e-05 0.00019099999917671084 0.00018899999849963933
endloop
endfacet
facet normal 0.0 0.0 0.0
outer loop
vertex 5.2999999752501026e-05 0.00019200000679120421 0.00018899999849963933
vertex 5.2999999752501026e-05 0.00019099999917671084 0.00018899999849963933
vertex 5.30980178155005e-05 0.00019100481586065143 0.00018899999849963933
endloop
endfacet
facet normal 0.0 0.0 0.0
outer loop
vertex 5.2999999752501026e-05 0.00019200000679120421 0.00018899999849963933
vertex 5.30980178155005e-05 0.00019100481586065143 0.00018899999849963933
vertex 5.3195090004010126e-05 0.0001910192077048123 0.00018899999849963933
endloop
endfacet
facet normal 0.0 0.0 0.0
outer loop
vertex 5.2999999752501026e-05 0.00019200000679120421 0.00018899999849963933
vertex 5.3195090004010126e-05 0.0001910192077048123 0.00018899999849963933
vertex 5.3290284995455295e-05 0.00019104305829387158 0.00018899999849963933
endloop
endfacet
facet normal 0.0 0.0 0.0
outer loop
vertex 5.2999999752501026e-05 0.00019200000679120421 0.00018899999849963933
vertex 5.3290284995455295e-05 0.00019104305829387158 0.00018899999849963933
vertex 5.338268238119781e-05 0.00019107612024527043 0.00018899999849963933
endloop
endfacet
facet normal 0.0 0.0 0.0
outer loop
vertex 5.2999999752501026e-05 0.00019200000679120421 0.00018899999849963933
vertex 5.338268238119781e-05 0.00019107612024527043 0.00018899999849963933
vertex 5.347139813238755e-05 0.0001911180734168738 0.00018899999849963933
endloop
endfacet
facet normal 0.0 0.0 0.0
outer loop
vertex 5.2999999752501026e-05 0.00019200000679120421 0.00018899999849963933
vertex 5.347139813238755e-05 0.0001911180734168738 0.00018899999849963933
vertex 5.355557004804723e-05 0.00019116852490697056 0.00018899999849963933
endloop
endfacet
facet normal 0.0 0.0 0.0
outer loop
vertex 5.2999999752501026e-05 0.00019200000679120421 0.00018899999849963933
vertex 5.355557004804723e-05 0.00019116852490697056 0.00018899999849963933
vertex 5.3634394134860486e-05 0.00019122699450235814 0.00018899999849963933
endloop
endfacet
facet normal 0.0 0.0 0.0
outer loop
vertex 5.2999999752501026e-05 0.00019200000679120421 0.00018899999849963933
vertex 5.3634394134860486e-05 0.00019122699450235814 0.00018899999849963933
vertex 5.370710641727783e-05 0.0001912929001264274 0.00018899999849963933
endloop
endfacet
facet normal 0.0 0.0 0.0
outer loop
vertex 5.2999999752501026e-05 0.00019200000679120421 0.00018899999849963933
vertex 5.370710641727783e-05 0.0001912929001264274 0.00018899999849963933
vertex 5.37730120413471e-05 0.00019136560149490833 0.00018899999849963933
endloop
endfacet
facet normal 0.0 0.0 0.0
outer loop
vertex 5.2999999752501026e-05 0.00019200000679120421 0.00018899999849963933
vertex 5.37730120413471e-05 0.00019136560149490833 0.00018899999849963933
vertex 5.383147072279826e-05 0.0001914444292197004 0.00018899999849963933
endloop
endfacet
facet normal 0.0 0.0 0.0
outer loop
vertex 5.2999999752501026e-05 0.00019200000679120421 0.00018899999849963933
vertex 5.383147072279826e-05 0.0001914444292197004 0.00018899999849963933
vertex 5.3881922212895006e-05 0.00019152859749738127 0.00018899999849963933
endloop
endfacet
facet normal 0.0 0.0 0.0
outer loop
vertex 5.2999999752501026e-05 0.00019200000679120421 0.00018899999849963933
vertex 5.3881922212895006e-05 0.00019152859749738127 0.00018899999849963933
vertex 5.3923879022477195e-05 0.00019161732052452862 0.00018899999849963933
endloop
endfacet
facet normal 0.0 0.0 0.0
outer loop
vertex 5.2999999752501026e-05 0.00019200000679120421 0.00018899999849963933
vertex 5.3923879022477195e-05 0.00019161732052452862 0.00018899999849963933
vertex 5.3956940973876044e-05 0.00019170971063431352 0.00018899999849963933
endloop
endfacet
facet normal 0.0 0.0 0.0
outer loop
vertex 5.2999999752501026e-05 0.00019200000679120421 0.00018899999849963933
vertex 5.3956940973876044e-05 0.00019170971063431352 0.00018899999849963933
vertex 5.398078428697772e-05 0.0001918049092637375 0.00018899999849963933
endloop
endfacet
facet normal 0.0 0.0 0.0
outer loop
vertex 5.2999999752501026e-05 0.00019200000679120421 0.00018899999849963933
vertex 5.398078428697772e-05 0.0001918049092637375 0.00018899999849963933
vertex 5.399518340709619e-05 0.00019190198509022593 0.00018899999849963933
endloop
endfacet
facet normal 0.0 0.0 0.0
outer loop
vertex 5.2999999752501026e-05 0.00019200000679120421 0.00018899999849963933
vertex 5.399518340709619e-05 0.00019190198509022593 0.00018899999849963933
vertex 5.400000009103678e-05 0.00019200000679120421 0.00018899999849963933
endloop
endfacet
facet normal 0.99879486359366 0.04907973572587611 -0.0
outer loop
vertex 5.400000009103678e-05 0.00012199999764561653 3.999999989900971e-06
vertex 5.399518340709619e-05 0.0001220980193465948 3.999999989900971e-06
vertex 5.399518340709619e-05 0.0001220980193465948 0.00018899999849963933
endloop
endfacet
facet normal 0.99879486359366 0.04907973572587611 0.0
outer loop
vertex 5.400000009103678e-05 0.00012199999764561653 3.999999989900971e-06
vertex 5.399518340709619e-05 0.0001220980193465948 0.00018899999849963933
vertex 5.400000009103678e-05 0.00012199999764561653 0.00018899999849963933
endloop
endfacet
facet normal 0.9891775725290161 0.14672331105043643 -0.0
outer loop
vertex 5.399518340709619e-05 0.0001220980193465948 3.999999989900971e-06
vertex 5.398078428697772e-05 0.00012219509517308325 3.999999989900971e-06
vertex 5.398078428697772e-05 0.00012219509517308325 0.00018899999849963933
endloop
endfacet
facet normal 0.9891775725290161 0.14672331105043643 0.0
outer loop
vertex 5.399518340709619e-05 0.0001220980193465948 3.999999989900971e-06
vertex 5.398078428697772e-05 0.00012219509517308325 0.00018899999849963933
vertex 5.399518340709619e-05 0.0001220980193465948 0.00018899999849963933
endloop
endfacet
facet normal 0.9700289883629528 0.24298922143903043 -0.0
outer loop
vertex 5.398078428697772e-05 0.00012219509517308325 3.999999989900971e-06
vertex 5.3956940973876044e-05 0.000122290279250592 3.999999989900971e-06
vertex 5.3956940973876044e-05 0.000122290279250592 0.00018899999849963933
endloop
endfacet
facet normal 0.9700289883629528 0.24298922143903043 0.0
outer loop
vertex 5.398078428697772e-05 0.00012219509517308325 3.999999989900971e-06
vertex 5.3956940973876044e-05 0.000122290279250592 0.00018899999849963933
vertex 5.398078428697772e-05 0.00012219509517308325 0.00018899999849963933
endloop
endfacet
facet normal 0.9415471848166681 0.3368811344729874 -0.0
outer loop
vertex 5.3956940973876044e-05 0.000122290279250592 3.999999989900971e-06
vertex 5.3923879022477195e-05 0.00012238268391229212 3.999999989900971e-06
vertex 5.3923879022477195e-05 0.00012238268391229212 0.00018899999849963933
endloop
endfacet
facet normal 0.9415471848166681 0.3368811344729874 0.0
outer loop
vertex 5.3956940973876044e-05 0.000122290279250592 3.999999989900971e-06
vertex 5.3923879022477195e-05 0.00012238268391229212 0.00018899999849963933
vertex 5.3956940973876044e-05 0.000122290279250592 0.00018899999849963933
endloop
endfacet
facet normal 0.9039860418083182 0.4275619676909176 -0.0
outer loop
vertex 5.3923879022477195e-05 0.00012238268391229212 3.999999989900971e-06
vertex 5.3881922212895006e-05 0.00012247139238752425 3.999999989900971e-06
vertex 5.3881922212895006e-05 0.00012247139238752425 0.00018899999849963933
endloop
endfacet
facet normal 0.9039860418083182 0.4275619676909176 0.0
outer loop
vertex 5.3923879022477195e-05 0.00012238268391229212 3.999999989900971e-06
vertex 5.3881922212895006e-05 0.00012247139238752425 0.00018899999849963933
vertex 5.3923879022477195e-05 0.00012238268391229212 0.00018899999849963933
endloop
endfacet
facet normal 0.8577544715812344 0.5140595942907761 -0.0
outer loop
vertex 5.3881922212895006e-05 0.00012247139238752425 3.999999989900971e-06
vertex 5.383147072279826e-05 0.00012255557521712035 3.999999989900971e-06
vertex 5.383147072279826e-05 0.00012255557521712035 0.00018899999849963933
endloop
endfacet
facet normal 0.8577544715812344 0.5140595942907761 0.0
outer loop
vertex 5.3881922212895006e-05 0.00012247139238752425 3.999999989900971e-06
vertex 5.383147072279826e-05 0.00012255557521712035 0.00018899999849963933
vertex 5.3881922212895006e-05 0.00012247139238752425 0.00018899999849963933
endloop
endfacet
facet normal 0.8031741356341633 0.595744330940979 -0.0
outer loop
vertex 5.383147072279826e-05 0.00012255557521712035 3.999999989900971e-06
vertex 5.37730120413471e-05 0.00012263438838999718 3.999999989900971e-06
vertex 5.37730120413471e-05 0.00012263438838999718 0.00018899999849963933
endloop
endfacet
facet normal 0.8031741356341633 0.595744330940979 0.0
outer loop
vertex 5.383147072279826e-05 0.00012255557521712035 3.999999989900971e-06
vertex 5.37730120413471e-05 0.00012263438838999718 0.00018899999849963933
vertex 5.383147072279826e-05 0.00012255557521712035 0.00018899999849963933
endloop
endfacet
facet normal 0.74095236516813 0.6715575869214451 -0.0
outer loop
vertex 5.37730120413471e-05 0.00012263438838999718 3.999999989900971e-06
vertex 5.370710641727783e-05 0.00012270710431039333 3.999999989900971e-06
vertex 5.370710641727783e-05 0.00012270710431039333 0.00018899999849963933
endloop
endfacet
facet normal 0.74095236516813 0.6715575869214451 0.0
outer loop
vertex 5.37730120413471e-05 0.00012263438838999718 3.999999989900971e-06
vertex 5.370710641727783e-05 0.00012270710431039333 0.00018899999849963933
vertex 5.37730120413471e-05 0.00012263438838999718 0.00018899999849963933
endloop
endfacet
facet normal 0.6715760328926187 0.7409356463581789 -0.0
outer loop
vertex 5.370710641727783e-05 0.00012270710431039333 3.999999989900971e-06
vertex 5.3634394134860486e-05 0.0001227730099344626 3.999999989900971e-06
vertex 5.3634394134860486e-05 0.0001227730099344626 0.00018899999849963933
endloop
endfacet
facet normal 0.6715760328926187 0.7409356463581789 0.0
outer loop
vertex 5.370710641727783e-05 0.00012270710431039333 3.999999989900971e-06
vertex 5.3634394134860486e-05 0.0001227730099344626 0.00018899999849963933
vertex 5.370710641727783e-05 0.00012270710431039333 0.00018899999849963933
endloop
endfacet
facet normal 0.5956671988560334 0.8032313416488471 -0.0
outer loop
vertex 5.3634394134860486e-05 0.0001227730099344626 3.999999989900971e-06
vertex 5.355557004804723e-05 0.00012283146497793496 3.999999989900971e-06
vertex 5.355557004804723e-05 0.00012283146497793496 0.00018899999849963933
endloop
endfacet
facet normal 0.5956671988560334 0.8032313416488471 0.0
outer loop
vertex 5.3634394134860486e-05 0.0001227730099344626 3.999999989900971e-06
vertex 5.355557004804723e-05 0.00012283146497793496 0.00018899999849963933
vertex 5.3634394134860486e-05 0.0001227730099344626 0.00018899999849963933
endloop
endfacet
facet normal 0.5141086321313505 0.8577250808785013 -0.0
outer loop
vertex 5.355557004804723e-05 0.00012283146497793496 3.999999989900971e-06
vertex 5.347139813238755e-05 0.0001228819164680317 3.999999989900971e-06
vertex 5.347139813238755e-05 0.0001228819164680317 0.00018899999849963933
endloop
endfacet
facet normal 0.5141086321313505 0.8577250808785013 0.0
outer loop
vertex 5.355557004804723e-05 0.00012283146497793496 3.999999989900971e-06
vertex 5.347139813238755e-05 0.0001228819164680317 0.00018899999849963933
vertex 5.355557004804723e-05 0.00012283146497793496 0.00018899999849963933
endloop
endfacet
facet normal 0.42762418837694205 0.9039566104160982 -0.0
outer loop
vertex 5.347139813238755e-05 0.0001228819164680317 3.999999989900971e-06
vertex 5.338268238119781e-05 0.00012292388419155031 3.999999989900971e-06
vertex 5.338268238119781e-05 0.00012292388419155031 0.00018899999849963933
endloop
endfacet
facet normal 0.42762418837694205 0.9039566104160982 0.0
outer loop
vertex 5.347139813238755e-05 0.0001228819164680317 3.999999989900971e-06
vertex 5.338268238119781e-05 0.00012292388419155031 0.00018899999849963933
vertex 5.347139813238755e-05 0.0001228819164680317 0.00018899999849963933
endloop
endfacet
facet normal 0.3369046516681994 0.9415387701440281 -0.0
outer loop
vertex 5.338268238119781e-05 0.00012292388419155031 3.999999989900971e-06
vertex 5.3290284995455295e-05 0.00012295694614294916 3.999999989900971e-06
vertex 5.3290284995455295e-05 0.00012295694614294916 0.00018899999849963933
endloop
endfacet
facet normal 0.3369046516681994 0.9415387701440281 0.0
outer loop
vertex 5.338268238119781e-05 0.00012292388419155031 3.999999989900971e-06
vertex 5.3290284995455295e-05 0.00012295694614294916 0.00018899999849963933
vertex 5.338268238119781e-05 0.00012292388419155031 0.00018899999849963933
endloop
endfacet
facet normal 0.24289324063549647 0.9700530262071178 -0.0
outer loop
vertex 5.3290284995455295e-05 0.00012295694614294916 3.999999989900971e-06
vertex 5.3195090004010126e-05 0.00012298078218009323 3.999999989900971e-06
vertex 5.3195090004010126e-05 0.00012298078218009323 0.00018899999849963933
endloop
endfacet
facet normal 0.24289324063549647 0.9700530262071178 0.0
outer loop
vertex 5.3290284995455295e-05 0.00012295694614294916 3.999999989900971e-06
vertex 5.3195090004010126e-05 0.00012298078218009323 0.00018899999849963933
vertex 5.3290284995455295e-05 0.00012295694614294916 0.00018899999849963933
endloop
endfacet
facet normal 0.14680123684171248 0.989166010769549 -0.0
outer loop
vertex 5.3195090004010126e-05 0.00012298078218009323 3.999999989900971e-06
vertex 5.30980178155005e-05 0.0001229951885761693 3.999999989900971e-06
vertex 5.30980178155005e-05 0.0001229951885761693 0.00018899999849963933
endloop
endfacet
facet normal 0.14680123684171248 0.989166010769549 0.0
outer loop
vertex 5.3195090004010126e-05 0.00012298078218009323 3.999999989900971e-06
vertex 5.30980178155005e-05 0.0001229951885761693 0.00018899999849963933
vertex 5.3195090004010126e-05 0.00012298078218009323 0.00018899999849963933
endloop
endfacet
facet normal 0.04908155295131086 0.9987947742954444 -0.0
outer loop
vertex 5.30980178155005e-05 0.0001229951885761693 3.999999989900971e-06
vertex 5.2999999752501026e-05 0.0001230000052601099 3.999999989900971e-06
vertex 5.2999999752501026e-05 0.0001230000052601099 0.00018899999849963933
endloop
endfacet
facet normal 0.04908155295131086 0.9987947742954444 0.0
outer loop
vertex 5.30980178155005e-05 0.0001229951885761693 3.999999989900971e-06
vertex 5.2999999752501026e-05 0.0001230000052601099 0.00018899999849963933
vertex 5.30980178155005e-05 0.0001229951885761693 0.00018899999849963933
endloop
endfacet
facet normal -0.04908155295131086 0.9987947742954444 0.0
outer loop
vertex 5.2999999752501026e-05 0.0001230000052601099 3.999999989900971e-06
vertex 5.2901981689501554e-05 0.0001229951885761693 3.999999989900971e-06
vertex 5.2901981689501554e-05 0.0001229951885761693 0.00018899999849963933
endloop
endfacet
facet normal -0.04908155295131086 0.9987947742954444 0.0
outer loop
vertex 5.2999999752501026e-05 0.0001230000052601099 3.999999989900971e-06
vertex 5.2901981689501554e-05 0.0001229951885761693 0.00018899999849963933
vertex 5.2999999752501026e-05 0.0001230000052601099 0.00018899999849963933
endloop
endfacet
facet normal -0.14680123684171248 0.989166010769549 0.0
outer loop
vertex 5.2901981689501554e-05 0.0001229951885761693 3.999999989900971e-06
vertex 5.2804909500991926e-05 0.00012298078218009323 3.999999989900971e-06
vertex 5.2804909500991926e-05 0.00012298078218009323 0.00018899999849963933
endloop
endfacet
facet normal -0.14680123684171248 0.989166010769549 0.0
outer loop
vertex 5.2901981689501554e-05 0.0001229951885761693 3.999999989900971e-06
vertex 5.2804909500991926e-05 0.00012298078218009323 0.00018899999849963933
vertex 5.2901981689501554e-05 0.0001229951885761693 0.00018899999849963933
endloop
endfacet
facet normal -0.24289324063549647 0.9700530262071178 0.0
outer loop
vertex 5.2804909500991926e-05 0.00012298078218009323 3.999999989900971e-06
vertex 5.270971450954676e-05 0.00012295694614294916 3.999999989900971e-06
vertex 5.270971450954676e-05 0.00012295694614294916 0.00018899999849963933
endloop
endfacet
facet normal -0.24289324063549647 0.9700530262071178 0.0
outer loop
vertex 5.2804909500991926e-05 0.00012298078218009323 3.999999989900971e-06
vertex 5.270971450954676e-05 0.00012295694614294916 0.00018899999849963933
vertex 5.2804909500991926e-05 0.00012298078218009323 0.00018899999849963933
endloop
endfacet
facet normal -0.3369046516681994 0.9415387701440281 0.0
outer loop
vertex 5.270971450954676e-05 0.00012295694614294916 3.999999989900971e-06
vertex 5.261731712380424e-05 0.00012292388419155031 3.999999989900971e-06
vertex 5.261731712380424e-05 0.00012292388419155031 0.00018899999849963933
endloop
endfacet
facet normal -0.3369046516681994 0.9415387701440281 0.0
outer loop
vertex 5.270971450954676e-05 0.00012295694614294916 3.999999989900971e-06
vertex 5.261731712380424e-05 0.00012292388419155031 0.00018899999849963933
vertex 5.270971450954676e-05 0.00012295694614294916 0.00018899999849963933
endloop
endfacet
facet normal -0.4276385178357317 0.9039498316075172 0.0
outer loop
vertex 5.261731712380424e-05 0.00012292388419155031 3.999999989900971e-06
vertex 5.252860501059331e-05 0.0001228819164680317 3.999999989900971e-06
vertex 5.252860501059331e-05 0.0001228819164680317 0.00018899999849963933
endloop
endfacet
facet normal -0.4276385178357317 0.9039498316075172 0.0
outer loop
vertex 5.261731712380424e-05 0.00012292388419155031 3.999999989900971e-06
vertex 5.252860501059331e-05 0.0001228819164680317 0.00018899999849963933
vertex 5.261731712380424e-05 0.00012292388419155031 0.00018899999849963933
endloop
endfacet
facet normal -0.5140922853317047 0.8577348787139445 0.0
outer loop
vertex 5.252860501059331e-05 0.0001228819164680317 3.999999989900971e-06
vertex 5.244442945695482e-05 0.00012283146497793496 3.999999989900971e-06
vertex 5.244442945695482e-05 0.00012283146497793496 0.00018899999849963933
endloop
endfacet
facet normal -0.5140922853317047 0.8577348787139445 0.0
outer loop
vertex 5.252860501059331e-05 0.0001228819164680317 3.999999989900971e-06
vertex 5.244442945695482e-05 0.00012283146497793496 0.00018899999849963933
vertex 5.252860501059331e-05 0.0001228819164680317 0.00018899999849963933
endloop
endfacet
facet normal -0.5956671988560334 0.8032313416488471 0.0
outer loop
vertex 5.244442945695482e-05 0.00012283146497793496 3.999999989900971e-06
vertex 5.2365605370141566e-05 0.0001227730099344626 3.999999989900971e-06
vertex 5.2365605370141566e-05 0.0001227730099344626 0.00018899999849963933
endloop
endfacet
facet normal -0.5956671988560334 0.8032313416488471 0.0
outer loop
vertex 5.244442945695482e-05 0.00012283146497793496 3.999999989900971e-06
vertex 5.2365605370141566e-05 0.0001227730099344626 0.00018899999849963933
vertex 5.244442945695482e-05 0.00012283146497793496 0.00018899999849963933
endloop
endfacet
facet normal -0.6715760328926187 0.7409356463581789 0.0
outer loop
vertex 5.2365605370141566e-05 0.0001227730099344626 3.999999989900971e-06
vertex 5.2292893087724224e-05 0.00012270710431039333 3.999999989900971e-06
vertex 5.2292893087724224e-05 0.00012270710431039333 0.00018899999849963933
endloop
endfacet
facet normal -0.6715760328926187 0.7409356463581789 0.0
outer loop
vertex 5.2365605370141566e-05 0.0001227730099344626 3.999999989900971e-06
vertex 5.2292893087724224e-05 0.00012270710431039333 0.00018899999849963933
vertex 5.2365605370141566e-05 0.0001227730099344626 0.00018899999849963933
endloop
endfacet
facet normal -0.740970811020441 0.671537234422418 0.0
outer loop
vertex 5.2292893087724224e-05 0.00012270710431039333 3.999999989900971e-06
vertex 5.222699110163376e-05 0.00012263438838999718 3.999999989900971e-06
vertex 5.222699110163376e-05 0.00012263438838999718 0.00018899999849963933
endloop
endfacet
facet normal -0.740970811020441 0.671537234422418 0.0
outer loop
vertex 5.2292893087724224e-05 0.00012270710431039333 3.999999989900971e-06
vertex 5.222699110163376e-05 0.00012263438838999718 0.00018899999849963933
vertex 5.2292893087724224e-05 0.00012270710431039333 0.00018899999849963933
endloop
endfacet
facet normal -0.8031563961974532 0.5957682462561426 0.0
outer loop
vertex 5.222699110163376e-05 0.00012263438838999718 3.999999989900971e-06
vertex 5.2168528782203794e-05 0.00012255557521712035 3.999999989900971e-06
vertex 5.2168528782203794e-05 0.00012255557521712035 0.00018899999849963933
endloop
endfacet
facet normal -0.8031563961974532 0.5957682462561426 0.0
outer loop
vertex 5.222699110163376e-05 0.00012263438838999718 3.999999989900971e-06
vertex 5.2168528782203794e-05 0.00012255557521712035 0.00018899999849963933
vertex 5.222699110163376e-05 0.00012263438838999718 0.00018899999849963933
endloop
endfacet
facet normal -0.8577544715812344 0.5140595942907761 0.0
outer loop
vertex 5.2168528782203794e-05 0.00012255557521712035 3.999999989900971e-06
vertex 5.2118077292107046e-05 0.00012247139238752425 3.999999989900971e-06
vertex 5.2118077292107046e-05 0.00012247139238752425 0.00018899999849963933
endloop
endfacet
facet normal -0.8577544715812344 0.5140595942907761 0.0
outer loop
vertex 5.2168528782203794e-05 0.00012255557521712035 3.999999989900971e-06
vertex 5.2118077292107046e-05 0.00012247139238752425 0.00018899999849963933
vertex 5.2168528782203794e-05 0.00012255557521712035 0.00018899999849963933
endloop
endfacet
facet normal -0.9039860418083182 0.4275619676909176 0.0
outer loop
vertex 5.2118077292107046e-05 0.00012247139238752425 3.999999989900971e-06
vertex 5.207612048252486e-05 0.00012238268391229212 3.999999989900971e-06
vertex 5.207612048252486e-05 0.00012238268391229212 0.00018899999849963933
endloop
endfacet
facet normal -0.9039860418083182 0.4275619676909176 0.0
outer loop
vertex 5.2118077292107046e-05 0.00012247139238752425 3.999999989900971e-06
vertex 5.207612048252486e-05 0.00012238268391229212 0.00018899999849963933
vertex 5.2118077292107046e-05 0.00012247139238752425 0.00018899999849963933
endloop
endfacet
facet normal -0.9415471848166681 0.3368811344729874 0.0
outer loop
vertex 5.207612048252486e-05 0.00012238268391229212 3.999999989900971e-06
vertex 5.204305853112601e-05 0.000122290279250592 3.999999989900971e-06
vertex 5.204305853112601e-05 0.000122290279250592 0.00018899999849963933
endloop
endfacet
facet normal -0.9415471848166681 0.3368811344729874 0.0
outer loop
vertex 5.207612048252486e-05 0.00012238268391229212 3.999999989900971e-06
vertex 5.204305853112601e-05 0.000122290279250592 0.00018899999849963933
vertex 5.207612048252486e-05 0.00012238268391229212 0.00018899999849963933
endloop
endfacet
facet normal -0.9700289883629528 0.24298922143903043 0.0
outer loop
vertex 5.204305853112601e-05 0.000122290279250592 3.999999989900971e-06
vertex 5.201921521802433e-05 0.00012219509517308325 3.999999989900971e-06
vertex 5.201921521802433e-05 0.00012219509517308325 0.00018899999849963933
endloop
endfacet
facet normal -0.9700289883629528 0.24298922143903043 0.0
outer loop
vertex 5.204305853112601e-05 0.000122290279250592 3.999999989900971e-06
vertex 5.201921521802433e-05 0.00012219509517308325 0.00018899999849963933
vertex 5.204305853112601e-05 0.000122290279250592 0.00018899999849963933
endloop
endfacet
facet normal -0.9891775725290161 0.14672331105043643 0.0
outer loop
vertex 5.201921521802433e-05 0.00012219509517308325 3.999999989900971e-06
vertex 5.200481609790586e-05 0.0001220980193465948 3.999999989900971e-06
vertex 5.200481609790586e-05 0.0001220980193465948 0.00018899999849963933
endloop
endfacet
facet normal -0.9891775725290161 0.14672331105043643 0.0
outer loop
vertex 5.201921521802433e-05 0.00012219509517308325 3.999999989900971e-06
vertex 5.200481609790586e-05 0.0001220980193465948 0.00018899999849963933
vertex 5.201921521802433e-05 0.00012219509517308325 0.00018899999849963933
endloop
endfacet
facet normal -0.99879486359366 0.04907973572587611 0.0
outer loop
vertex 5.200481609790586e-05 0.0001220980193465948 3.999999989900971e-06
vertex 5.199999941396527e-05 0.00012199999764561653 3.999999989900971e-06
vertex 5.199999941396527e-05 0.00012199999764561653 0.00018899999849963933
endloop
endfacet
facet normal -0.99879486359366 0.04907973572587611 0.0
outer loop
vertex 5.200481609790586e-05 0.0001220980193465948 3.999999989900971e-06
vertex 5.199999941396527e-05 0.00012199999764561653 0.00018899999849963933
vertex 5.200481609790586e-05 0.0001220980193465948 0.00018899999849963933
endloop
endfacet
facet normal -0.9987946849873092 -0.0490833703111572 0.0
outer loop
vertex 5.199999941396527e-05 0.00012199999764561653 3.999999989900971e-06
vertex 5.200481609790586e-05 0.00012190198322059587 3.999999989900971e-06
vertex 5.200481609790586e-05 0.00012190198322059587 0.00018899999849963933
endloop
endfacet
facet normal -0.9987946849873092 -0.0490833703111572 0.0
outer loop
vertex 5.199999941396527e-05 0.00012199999764561653 3.999999989900971e-06
vertex 5.200481609790586e-05 0.00012190198322059587 0.00018899999849963933
vertex 5.199999941396527e-05 0.00012199999764561653 0.00018899999849963933
endloop
endfacet
facet normal -0.9891775725290161 -0.14672331105043643 0.0
outer loop
vertex 5.200481609790586e-05 0.00012190198322059587 3.999999989900971e-06
vertex 5.201921521802433e-05 0.00012180490739410743 3.999999989900971e-06
vertex 5.201921521802433e-05 0.00012180490739410743 0.00018899999849963933
endloop
endfacet
facet normal -0.9891775725290161 -0.14672331105043643 0.0
outer loop
vertex 5.200481609790586e-05 0.00012190198322059587 3.999999989900971e-06
vertex 5.201921521802433e-05 0.00012180490739410743 0.00018899999849963933
vertex 5.200481609790586e-05 0.00012190198322059587 0.00018899999849963933
endloop
endfacet
facet normal -0.9700333659796523 -0.24297174503671334 0.0
outer loop
vertex 5.201921521802433e-05 0.00012180490739410743 3.999999989900971e-06
vertex 5.204305853112601e-05 0.00012170971604064107 3.999999989900971e-06
vertex 5.204305853112601e-05 0.00012170971604064107 0.00018899999849963933
endloop
endfacet
facet normal -0.9700333659796523 -0.24297174503671334 0.0
outer loop
vertex 5.201921521802433e-05 0.00012180490739410743 3.999999989900971e-06
vertex 5.204305853112601e-05 0.00012170971604064107 0.00018899999849963933
vertex 5.201921521802433e-05 0.00012180490739410743 0.00018899999849963933
endloop
endfacet
facet normal -0.9415387701440281 -0.3369046516681994 0.0
outer loop
vertex 5.204305853112601e-05 0.00012170971604064107 3.999999989900971e-06
vertex 5.207612048252486e-05 0.00012161731865489855 3.999999989900971e-06
vertex 5.207612048252486e-05 0.00012161731865489855 0.00018899999849963933
endloop
endfacet
facet normal -0.9415387701440281 -0.3369046516681994 0.0
outer loop
vertex 5.204305853112601e-05 0.00012170971604064107 3.999999989900971e-06
vertex 5.207612048252486e-05 0.00012161731865489855 0.00018899999849963933
vertex 5.204305853112601e-05 0.00012170971604064107 0.00018899999849963933
endloop
endfacet
facet normal -0.9039995949894437 -0.42753331128570715 0.0
outer loop
vertex 5.207612048252486e-05 0.00012161731865489855 3.999999989900971e-06
vertex 5.2118077292107046e-05 0.00012152860290370882 3.999999989900971e-06
vertex 5.2118077292107046e-05 0.00012152860290370882 0.00018899999849963933
endloop
endfacet
facet normal -0.9039995949894437 -0.42753331128570715 0.0
outer loop
vertex 5.207612048252486e-05 0.00012161731865489855 3.999999989900971e-06
vertex 5.2118077292107046e-05 0.00012152860290370882 0.00018899999849963933
vertex 5.207612048252486e-05 0.00012161731865489855 0.00018899999849963933
endloop
endfacet
facet normal -0.8577348787139445 -0.5140922853317047 0.0
outer loop
vertex 5.2118077292107046e-05 0.00012152860290370882 3.999999989900971e-06
vertex 5.2168528782203794e-05 0.00012144442735007033 3.999999989900971e-06
vertex 5.2168528782203794e-05 0.00012144442735007033 0.00018899999849963933
endloop
endfacet
facet normal -0.8577348787139445 -0.5140922853317047 0.0
outer loop
vertex 5.2118077292107046e-05 0.00012152860290370882 3.999999989900971e-06
vertex 5.2168528782203794e-05 0.00012144442735007033 0.00018899999849963933
vertex 5.2118077292107046e-05 0.00012152860290370882 0.00018899999849963933
endloop
endfacet
facet normal -0.8031827114402834 -0.5957327689857544 0.0
outer loop
vertex 5.2168528782203794e-05 0.00012144442735007033 3.999999989900971e-06
vertex 5.222699110163376e-05 0.00012136560690123588 3.999999989900971e-06
vertex 5.222699110163376e-05 0.00012136560690123588 0.00018899999849963933
endloop
endfacet
facet normal -0.8031827114402834 -0.5957327689857544 0.0
outer loop
vertex 5.2168528782203794e-05 0.00012144442735007033 3.999999989900971e-06
vertex 5.222699110163376e-05 0.00012136560690123588 0.00018899999849963933
vertex 5.2168528782203794e-05 0.00012144442735007033 0.00018899999849963933
endloop
endfacet
facet normal -0.740970811020441 -0.671537234422418 0.0
outer loop
vertex 5.222699110163376e-05 0.00012136560690123588 3.999999989900971e-06
vertex 5.2292893087724224e-05 0.00012129289098083973 3.999999989900971e-06
vertex 5.2292893087724224e-05 0.00012129289098083973 0.00018899999849963933
endloop
endfacet
facet normal -0.740970811020441 -0.671537234422418 0.0
outer loop
vertex 5.222699110163376e-05 0.00012136560690123588 3.999999989900971e-06
vertex 5.2292893087724224e-05 0.00012129289098083973 0.00018899999849963933
vertex 5.222699110163376e-05 0.00012136560690123588 0.00018899999849963933
endloop
endfacet
facet normal -0.6715353270932757 -0.7409725396165011 0.0
outer loop
vertex 5.2292893087724224e-05 0.00012129289098083973 3.999999989900971e-06
vertex 5.2365605370141566e-05 0.00012122699263272807 3.999999989900971e-06
vertex 5.2365605370141566e-05 0.00012122699263272807 0.00018899999849963933
endloop
endfacet
facet normal -0.6715353270932757 -0.7409725396165011 0.0
outer loop
vertex 5.2292893087724224e-05 0.00012129289098083973 3.999999989900971e-06
vertex 5.2365605370141566e-05 0.00012122699263272807 0.00018899999849963933
vertex 5.2292893087724224e-05 0.00012129289098083973 0.00018899999849963933
endloop
endfacet
facet normal -0.5957150314991675 -0.8031958672988464 0.0
outer loop
vertex 5.2365605370141566e-05 0.00012122699263272807 3.999999989900971e-06
vertex 5.244442945695482e-05 0.0001211685303132981 3.999999989900971e-06
vertex 5.244442945695482e-05 0.0001211685303132981 0.00018899999849963933
endloop
endfacet
facet normal -0.5957150314991675 -0.8031958672988464 0.0
outer loop
vertex 5.2365605370141566e-05 0.00012122699263272807 3.999999989900971e-06
vertex 5.244442945695482e-05 0.0001211685303132981 0.00018899999849963933
vertex 5.2365605370141566e-05 0.00012122699263272807 0.00018899999849963933
endloop
endfacet
facet normal -0.5140922853317047 -0.8577348787139445 0.0
outer loop
vertex 5.244442945695482e-05 0.0001211685303132981 3.999999989900971e-06
vertex 5.252860501059331e-05 0.00012111807882320136 3.999999989900971e-06
vertex 5.252860501059331e-05 0.00012111807882320136 0.00018899999849963933
endloop
endfacet
facet normal -0.5140922853317047 -0.8577348787139445 0.0
outer loop
vertex 5.244442945695482e-05 0.0001211685303132981 3.999999989900971e-06
vertex 5.252860501059331e-05 0.00012111807882320136 0.00018899999849963933
vertex 5.244442945695482e-05 0.0001211685303132981 0.00018899999849963933
endloop
endfacet
facet normal -0.42757793342700934 -0.9039784902564264 0.0
outer loop
vertex 5.252860501059331e-05 0.00012111807882320136 3.999999989900971e-06
vertex 5.261731712380424e-05 0.00012107611837564036 3.999999989900971e-06
vertex 5.261731712380424e-05 0.00012107611837564036 0.00018899999849963933
endloop
endfacet
facet normal -0.42757793342700934 -0.9039784902564264 0.0
outer loop
vertex 5.252860501059331e-05 0.00012111807882320136 3.999999989900971e-06
vertex 5.261731712380424e-05 0.00012107611837564036 0.00018899999849963933
vertex 5.252860501059331e-05 0.00012111807882320136 0.00018899999849963933
endloop
endfacet
facet normal -0.3369046516681994 -0.9415387701440281 0.0
outer loop
vertex 5.261731712380424e-05 0.00012107611837564036 3.999999989900971e-06
vertex 5.270971450954676e-05 0.00012104305642424151 3.999999989900971e-06
vertex 5.270971450954676e-05 0.00012104305642424151 0.00018899999849963933
endloop
endfacet
facet normal -0.3369046516681994 -0.9415387701440281 0.0
outer loop
vertex 5.261731712380424e-05 0.00012107611837564036 3.999999989900971e-06
vertex 5.270971450954676e-05 0.00012104305642424151 0.00018899999849963933
vertex 5.261731712380424e-05 0.00012107611837564036 0.00018899999849963933
endloop
endfacet
facet normal -0.24296300774866203 -0.9700355544338174 0.0
outer loop
vertex 5.270971450954676e-05 0.00012104305642424151 3.999999989900971e-06
vertex 5.2804909500991926e-05 0.00012101921311113983 3.999999989900971e-06
vertex 5.2804909500991926e-05 0.00012101921311113983 0.00018899999849963933
endloop
endfacet
facet normal -0.24296300774866203 -0.9700355544338174 0.0
outer loop
vertex 5.270971450954676e-05 0.00012104305642424151 3.999999989900971e-06
vertex 5.2804909500991926e-05 0.00012101921311113983 0.00018899999849963933
vertex 5.270971450954676e-05 0.00012104305642424151 0.00018899999849963933
endloop
endfacet
facet normal -0.14672869142436296 -0.9891767744508027 0.0
outer loop
vertex 5.2804909500991926e-05 0.00012101921311113983 3.999999989900971e-06
vertex 5.2901981689501554e-05 0.00012100481399102136 3.999999989900971e-06
vertex 5.2901981689501554e-05 0.00012100481399102136 0.00018899999849963933
endloop
endfacet
facet normal -0.14672869142436296 -0.9891767744508027 0.0
outer loop
vertex 5.2804909500991926e-05 0.00012101921311113983 3.999999989900971e-06
vertex 5.2901981689501554e-05 0.00012100481399102136 0.00018899999849963933
vertex 5.2804909500991926e-05 0.00012101921311113983 0.00018899999849963933
endloop
endfacet
facet normal -0.04908155295131086 -0.9987947742954444 0.0
outer loop
vertex 5.2901981689501554e-05 0.00012100481399102136 3.999999989900971e-06
vertex 5.2999999752501026e-05 0.00012099999730708078 3.999999989900971e-06
vertex 5.2999999752501026e-05 0.00012099999730708078 0.00018899999849963933
endloop
endfacet
facet normal -0.04908155295131086 -0.9987947742954444 0.0
outer loop
vertex 5.2901981689501554e-05 0.00012100481399102136 3.999999989900971e-06
vertex 5.2999999752501026e-05 0.00012099999730708078 0.00018899999849963933
vertex 5.2901981689501554e-05 0.00012100481399102136 0.00018899999849963933
endloop
endfacet
facet normal 0.04908155295131086 -0.9987947742954444 0.0
outer loop
vertex 5.2999999752501026e-05 0.00012099999730708078 3.999999989900971e-06
vertex 5.30980178155005e-05 0.00012100481399102136 3.999999989900971e-06
vertex 5.30980178155005e-05 0.00012100481399102136 0.00018899999849963933
endloop
endfacet
facet normal 0.04908155295131086 -0.9987947742954444 0.0
outer loop
vertex 5.2999999752501026e-05 0.00012099999730708078 3.999999989900971e-06
vertex 5.30980178155005e-05 0.00012100481399102136 0.00018899999849963933
vertex 5.2999999752501026e-05 0.00012099999730708078 0.00018899999849963933
endloop
endfacet
facet normal 0.14672869142436296 -0.9891767744508027 0.0
outer loop
vertex 5.30980178155005e-05 0.00012100481399102136 3.999999989900971e-06
vertex 5.3195090004010126e-05 0.00012101921311113983 3.999999989900971e-06
vertex 5.3195090004010126e-05 0.00012101921311113983 0.00018899999849963933
endloop
endfacet
facet normal 0.14672869142436296 -0.9891767744508027 0.0
outer loop
vertex 5.30980178155005e-05 0.00012100481399102136 3.999999989900971e-06
vertex 5.3195090004010126e-05 0.00012101921311113983 0.00018899999849963933
vertex 5.30980178155005e-05 0.00012100481399102136 0.00018899999849963933
endloop
endfacet
facet normal 0.24296300774866203 -0.9700355544338174 0.0
outer loop
vertex 5.3195090004010126e-05 0.00012101921311113983 3.999999989900971e-06
vertex 5.3290284995455295e-05 0.00012104305642424151 3.999999989900971e-06
vertex 5.3290284995455295e-05 0.00012104305642424151 0.00018899999849963933
endloop
endfacet
facet normal 0.24296300774866203 -0.9700355544338174 0.0
outer loop
vertex 5.3195090004010126e-05 0.00012101921311113983 3.999999989900971e-06
vertex 5.3290284995455295e-05 0.00012104305642424151 0.00018899999849963933
vertex 5.3195090004010126e-05 0.00012101921311113983 0.00018899999849963933
endloop
endfacet
facet normal 0.3369046516681994 -0.9415387701440281 0.0
outer loop
vertex 5.3290284995455295e-05 0.00012104305642424151 3.999999989900971e-06
vertex 5.338268238119781e-05 0.00012107611837564036 3.999999989900971e-06
vertex 5.338268238119781e-05 0.00012107611837564036 0.00018899999849963933
endloop
endfacet
facet normal 0.3369046516681994 -0.9415387701440281 0.0
outer loop
vertex 5.3290284995455295e-05 0.00012104305642424151 3.999999989900971e-06
vertex 5.338268238119781e-05 0.00012107611837564036 0.00018899999849963933
vertex 5.3290284995455295e-05 0.00012104305642424151 0.00018899999849963933
endloop
endfacet
facet normal 0.4275636050898662 -0.9039852673592402 0.0
outer loop
vertex 5.338268238119781e-05 0.00012107611837564036 3.999999989900971e-06
vertex 5.347139813238755e-05 0.00012111807882320136 3.999999989900971e-06
vertex 5.347139813238755e-05 0.00012111807882320136 0.00018899999849963933
endloop
endfacet
facet normal 0.4275636050898662 -0.9039852673592402 0.0
outer loop
vertex 5.338268238119781e-05 0.00012107611837564036 3.999999989900971e-06
vertex 5.347139813238755e-05 0.00012111807882320136 0.00018899999849963933
vertex 5.338268238119781e-05 0.00012107611837564036 0.00018899999849963933
endloop
endfacet
facet normal 0.5141086321313505 -0.8577250808785013 0.0
outer loop
vertex 5.347139813238755e-05 0.00012111807882320136 3.999999989900971e-06
vertex 5.355557004804723e-05 0.0001211685303132981 3.999999989900971e-06
vertex 5.355557004804723e-05 0.0001211685303132981 0.00018899999849963933
endloop
endfacet
facet normal 0.5141086321313505 -0.8577250808785013 0.0
outer loop
vertex 5.347139813238755e-05 0.00012111807882320136 3.999999989900971e-06
vertex 5.355557004804723e-05 0.0001211685303132981 0.00018899999849963933
vertex 5.347139813238755e-05 0.00012111807882320136 0.00018899999849963933
endloop
endfacet
facet normal 0.5957150314991675 -0.8031958672988464 0.0
outer loop
vertex 5.355557004804723e-05 0.0001211685303132981 3.999999989900971e-06
vertex 5.3634394134860486e-05 0.00012122699263272807 3.999999989900971e-06
vertex 5.3634394134860486e-05 0.00012122699263272807 0.00018899999849963933
endloop
endfacet
facet normal 0.5957150314991675 -0.8031958672988464 0.0
outer loop
vertex 5.355557004804723e-05 0.0001211685303132981 3.999999989900971e-06
vertex 5.3634394134860486e-05 0.00012122699263272807 0.00018899999849963933
vertex 5.355557004804723e-05 0.0001211685303132981 0.00018899999849963933
endloop
endfacet
facet normal 0.6715353270932757 -0.7409725396165011 0.0
outer loop
vertex 5.3634394134860486e-05 0.00012122699263272807 3.999999989900971e-06
vertex 5.370710641727783e-05 0.00012129289098083973 3.999999989900971e-06
vertex 5.370710641727783e-05 0.00012129289098083973 0.00018899999849963933
endloop
endfacet
facet normal 0.6715353270932757 -0.7409725396165011 0.0
outer loop
vertex 5.3634394134860486e-05 0.00012122699263272807 3.999999989900971e-06
vertex 5.370710641727783e-05 0.00012129289098083973 0.00018899999849963933
vertex 5.3634394134860486e-05 0.00012122699263272807 0.00018899999849963933
endloop
endfacet
facet normal 0.74095236516813 -0.6715575869214451 0.0
outer loop
vertex 5.370710641727783e-05 0.00012129289098083973 3.999999989900971e-06
vertex 5.37730120413471e-05 0.00012136560690123588 3.999999989900971e-06
vertex 5.37730120413471e-05 0.00012136560690123588 0.00018899999849963933
endloop
endfacet
facet normal 0.74095236516813 -0.6715575869214451 0.0
outer loop
vertex 5.370710641727783e-05 0.00012129289098083973 3.999999989900971e-06
vertex 5.37730120413471e-05 0.00012136560690123588 0.00018899999849963933
vertex 5.370710641727783e-05 0.00012129289098083973 0.00018899999849963933
endloop
endfacet
facet normal 0.8032004493454226 -0.5957088535277206 0.0
outer loop
vertex 5.37730120413471e-05 0.00012136560690123588 3.999999989900971e-06
vertex 5.383147072279826e-05 0.00012144442735007033 3.999999989900971e-06
vertex 5.383147072279826e-05 0.00012144442735007033 0.00018899999849963933
endloop
endfacet
facet normal 0.8032004493454226 -0.5957088535277206 0.0
outer loop
vertex 5.37730120413471e-05 0.00012136560690123588 3.999999989900971e-06
vertex 5.383147072279826e-05 0.00012144442735007033 0.00018899999849963933
vertex 5.37730120413471e-05 0.00012136560690123588 0.00018899999849963933
endloop
endfacet
facet normal 0.8577348787139445 -0.5140922853317047 0.0
outer loop
vertex 5.383147072279826e-05 0.00012144442735007033 3.999999989900971e-06
vertex 5.3881922212895006e-05 0.00012152860290370882 3.999999989900971e-06
vertex 5.3881922212895006e-05 0.00012152860290370882 0.00018899999849963933
endloop
endfacet
facet normal 0.8577348787139445 -0.5140922853317047 0.0
outer loop
vertex 5.383147072279826e-05 0.00012144442735007033 3.999999989900971e-06
vertex 5.3881922212895006e-05 0.00012152860290370882 0.00018899999849963933
vertex 5.383147072279826e-05 0.00012144442735007033 0.00018899999849963933
endloop
endfacet
facet normal 0.9039995949894437 -0.42753331128570715 0.0
outer loop
vertex 5.3881922212895006e-05 0.00012152860290370882 3.999999989900971e-06
vertex 5.3923879022477195e-05 0.00012161731865489855 3.999999989900971e-06
vertex 5.3923879022477195e-05 0.00012161731865489855 0.00018899999849963933
endloop
endfacet
facet normal 0.9039995949894437 -0.42753331128570715 0.0
outer loop
vertex 5.3881922212895006e-05 0.00012152860290370882 3.999999989900971e-06
vertex 5.3923879022477195e-05 0.00012161731865489855 0.00018899999849963933
vertex 5.3881922212895006e-05 0.00012152860290370882 0.00018899999849963933
endloop
endfacet
facet normal 0.9415387701440281 -0.3369046516681994 0.0
outer loop
vertex 5.3923879022477195e-05 0.00012161731865489855 3.999999989900971e-06
vertex 5.3956940973876044e-05 0.00012170971604064107 3.999999989900971e-06
vertex 5.3956940973876044e-05 0.00012170971604064107 0.00018899999849963933
endloop
endfacet
facet normal 0.9415387701440281 -0.3369046516681994 0.0
outer loop
vertex 5.3923879022477195e-05 0.00012161731865489855 3.999999989900971e-06
vertex 5.3956940973876044e-05 0.00012170971604064107 0.00018899999849963933
vertex 5.3923879022477195e-05 0.00012161731865489855 0.00018899999849963933
endloop
endfacet
facet normal 0.9700333659796523 -0.24297174503671334 0.0
outer loop
vertex 5.3956940973876044e-05 0.00012170971604064107 3.999999989900971e-06
vertex 5.398078428697772e-05 0.00012180490739410743 3.999999989900971e-06
vertex 5.398078428697772e-05 0.00012180490739410743 0.00018899999849963933
endloop
endfacet
facet normal 0.9700333659796523 -0.24297174503671334 0.0
outer loop
vertex 5.3956940973876044e-05 0.00012170971604064107 3.999999989900971e-06
vertex 5.398078428697772e-05 0.00012180490739410743 0.00018899999849963933
vertex 5.3956940973876044e-05 0.00012170971604064107 0.00018899999849963933
endloop
endfacet
facet normal 0.9891775725290161 -0.14672331105043643 0.0
outer loop
vertex 5.398078428697772e-05 0.00012180490739410743 3.999999989900971e-06
vertex 5.399518340709619e-05 0.00012190198322059587 3.999999989900971e-06
vertex 5.399518340709619e-05 0.00012190198322059587 0.00018899999849963933
endloop
endfacet
facet normal 0.9891775725290161 -0.14672331105043643 0.0
outer loop
vertex 5.398078428697772e-05 0.00012180490739410743 3.999999989900971e-06
vertex 5.399518340709619e-05 0.00012190198322059587 0.00018899999849963933
vertex 5.398078428697772e-05 0.00012180490739410743 0.00018899999849963933
endloop
endfacet
facet normal 0.9987946849873092 -0.0490833703111572 0.0
outer loop
vertex 5.399518340709619e-05 0.00012190198322059587 3.999999989900971e-06
vertex 5.400000009103678e-05 0.00012199999764561653 3.999999989900971e-06
vertex 5.400000009103678e-05 0.00012199999764561653 0.00018899999849963933
endloop
endfacet
facet normal 0.9987946849873092 -0.0490833703111572 0.0
outer loop
vertex 5.399518340709619e-05 0.00012190198322059587 3.999999989900971e-06
vertex 5.400000009103678e-05 0.00012199999764561653 0.00018899999849963933
vertex 5.399518340709619e-05 0.00012190198322059587 0.00018899999849963933
endloop
endfacet
facet normal 0.0 0.0 0.0
outer loop
vertex 5.2999999752501026e-05 0.00012199999764561653 0.00018899999849963933
vertex 5.400000009103678e-05 0.00012199999764561653 0.00018899999849963933
vertex 5.399518340709619e-05 0.0001220980193465948 0.00018899999849963933
endloop
endfacet
facet normal 0.0 0.0 0.0
outer loop
vertex 5.2999999752501026e-05 0.00012199999764561653 0.00018899999849963933
vertex 5.399518340709619e-05 0.0001220980193465948 0.00018899999849963933
vertex 5.398078428697772e-05 0.00012219509517308325 0.00018899999849963933
endloop
endfacet
facet normal 0.0 0.0 0.0
outer loop
vertex 5.2999999752501026e-05 0.00012199999764561653 0.00018899999849963933
vertex 5.398078428697772e-05 0.00012219509517308325 0.00018899999849963933
vertex 5.3956940973876044e-05 0.000122290279250592 0.00018899999849963933
endloop
endfacet
facet normal 0.0 0.0 0.0
outer loop
vertex 5.2999999752501026e-05 0.00012199999764561653 0.00018899999849963933
vertex 5.3956940973876044e-05 0.000122290279250592 0.00018899999849963933
vertex 5.3923879022477195e-05 0.00012238268391229212 0.00018899999849963933
endloop
endfacet
facet normal 0.0 0.0 0.0
outer loop
vertex 5.2999999752501026e-05 0.00012199999764561653 0.00018899999849963933
vertex 5.3923879022477195e-05 0.00012238268391229212 0.00018899999849963933
vertex 5.3881922212895006e-05 0.00012247139238752425 0.00018899999849963933
endloop
endfacet
facet normal 0.0 0.0 0.0
outer loop
vertex 5.2999999752501026e-05 0.00012199999764561653 0.00018899999849963933
vertex 5.3881922212895006e-05 0.00012247139238752425 0.00018899999849963933
vertex 5.383147072279826e-05 0.00012255557521712035 0.00018899999849963933
endloop
endfacet
facet normal 0.0 0.0 0.0
outer loop
vertex 5.2999999752501026e-05 0.00012199999764561653 0.00018899999849963933
vertex 5.383147072279826e-05 0.00012255557521712035 0.00018899999849963933
vertex 5.37730120413471e-05 0.00012263438838999718 0.00018899999849963933
endloop
endfacet
facet normal 0.0 0.0 0.0
outer loop
vertex 5.2999999752501026e-05 0.00012199999764561653 0.00018899999849963933
vertex 5.37730120413471e-05 0.00012263438838999718 0.00018899999849963933
vertex 5.370710641727783e-05 0.00012270710431039333 0.00018899999849963933
endloop
endfacet
facet normal 0.0 0.0 0.0
outer loop
vertex 5.2999999752501026e-05 0.00012199999764561653 0.00018899999849963933
vertex 5.370710641727783e-05 0.00012270710431039333 0.00018899999849963933
vertex 5.3634394134860486e-05 0.0001227730099344626 0.00018899999849963933
endloop
endfacet
facet normal 0.0 0.0 0.0
outer loop
vertex 5.2999999752501026e-05 0.00012199999764561653 0.00018899999849963933
vertex 5.3634394134860486e-05 0.0001227730099344626 0.00018899999849963933
vertex 5.355557004804723e-05 0.00012283146497793496 0.00018899999849963933
endloop
endfacet
facet normal 0.0 0.0 0.0
outer loop
vertex 5.2999999752501026e-05 0.00012199999764561653 0.00018899999849963933
vertex 5.355557004804723e-05 0.00012283146497793496 0.00018899999849963933
vertex 5.347139813238755e-05 0.0001228819164680317 0.00018899999849963933
endloop
endfacet
facet normal 0.0 0.0 0.0
outer loop
vertex 5.2999999752501026e-05 0.00012199999764561653 0.00018899999849963933
vertex 5.347139813238755e-05 0.0001228819164680317 0.00018899999849963933
vertex 5.338268238119781e-05 0.00012292388419155031 0.00018899999849963933
endloop
endfacet
facet normal 0.0 0.0 0.0
outer loop
vertex 5.2999999752501026e-05 0.00012199999764561653 0.00018899999849963933
vertex 5.338268238119781e-05 0.00012292388419155031 0.00018899999849963933
vertex 5.3290284995455295e-05 0.00012295694614294916 0.00018899999849963933
endloop
endfacet
facet normal 0.0 0.0 0.0
outer loop
vertex 5.2999999752501026e-05 0.00012199999764561653 0.00018899999849963933
vertex 5.3290284995455295e-05 0.00012295694614294916 0.00018899999849963933
vertex 5.3195090004010126e-05 0.00012298078218009323 0.00018899999849963933
endloop
endfacet
facet normal 0.0 0.0 0.0
outer loop
vertex 5.2999999752501026e-05 0.00012199999764561653 0.00018899999849963933
vertex 5.3195090004010126e-05 0.00012298078218009323 0.00018899999849963933
vertex 5.30980178155005e-05 0.0001229951885761693 0.00018899999849963933
endloop
endfacet
facet normal 0.0 0.0 0.0
outer loop
vertex 5.2999999752501026e-05 0.00012199999764561653 0.00018899999849963933
vertex 5.30980178155005e-05 0.0001229951885761693 0.00018899999849963933
vertex 5.2999999752501026e-05 0.0001230000052601099 0.00018899999849963933
endloop
endfacet
facet normal 0.0 0.0 0.0
outer loop
vertex 5.2999999752501026e-05 0.00012199999764561653 0.00018899999849963933
vertex 5.2999999752501026e-05 0.0001230000052601099 0.00018899999849963933
vertex 5.2901981689501554e-05 0.0001229951885761693 0.00018899999849963933
endloop
endfacet
facet normal 0.0 0.0 0.0
outer loop
vertex 5.2999999752501026e-05 0.00012199999764561653 0.00018899999849963933
vertex 5.2901981689501554e-05 0.0001229951885761693 0.00018899999849963933
vertex 5.2804909500991926e-05 0.00012298078218009323 0.00018899999849963933
endloop
endfacet
facet normal 0.0 0.0 0.0
outer loop
vertex 5.2999999752501026e-05 0.00012199999764561653 0.00018899999849963933
vertex 5.2804909500991926e-05 0.00012298078218009323 0.00018899999849963933
vertex 5.270971450954676e-05 0.00012295694614294916 0.00018899999849963933
endloop
endfacet
facet normal 0.0 0.0 0.0
outer loop
vertex 5.2999999752501026e-05 0.00012199999764561653 0.00018899999849963933
vertex 5.270971450954676e-05 0.00012295694614294916 0.00018899999849963933
vertex 5.261731712380424e-05 0.00012292388419155031 0.00018899999849963933
endloop
endfacet
facet normal 0.0 0.0 0.0
outer loop
vertex 5.2999999752501026e-05 0.00012199999764561653 0.00018899999849963933
vertex 5.261731712380424e-05 0.00012292388419155031 0.00018899999849963933
vertex 5.252860501059331e-05 0.0001228819164680317 0.00018899999849963933
endloop
endfacet
facet normal 0.0 0.0 0.0
outer loop
vertex 5.2999999752501026e-05 0.00012199999764561653 0.00018899999849963933
vertex 5.252860501059331e-05 0.0001228819164680317 0.00018899999849963933
vertex 5.244442945695482e-05 0.00012283146497793496 0.00018899999849963933
endloop
endfacet
facet normal 0.0 0.0 0.0
outer loop
vertex 5.2999999752501026e-05 0.00012199999764561653 0.00018899999849963933
vertex 5.244442945695482e-05 0.00012283146497793496 0.00018899999849963933
vertex 5.2365605370141566e-05 0.0001227730099344626 0.00018899999849963933
endloop
endfacet
facet normal 0.0 0.0 0.0
outer loop
vertex 5.2999999752501026e-05 0.00012199999764561653 0.00018899999849963933
vertex 5.2365605370141566e-05 0.0001227730099344626 0.00018899999849963933
vertex 5.2292893087724224e-05 0.00012270710431039333 0.00018899999849963933
endloop
endfacet
facet normal 0.0 0.0 0.0
outer loop
vertex 5.2999999752501026e-05 0.00012199999764561653 0.00018899999849963933
vertex 5.2292893087724224e-05 0.00012270710431039333 0.00018899999849963933
vertex 5.222699110163376e-05 0.00012263438838999718 0.00018899999849963933
endloop
endfacet
facet normal 0.0 0.0 0.0
outer loop
vertex 5.2999999752501026e-05 0.00012199999764561653 0.00018899999849963933
vertex 5.222699110163376e-05 0.00012263438838999718 0.00018899999849963933
vertex 5.2168528782203794e-05 0.00012255557521712035 0.00018899999849963933
endloop
endfacet
facet normal 0.0 0.0 0.0
outer loop
vertex 5.2999999752501026e-05 0.00012199999764561653 0.00018899999849963933
vertex 5.2168528782203794e-05 0.00012255557521712035 0.00018899999849963933
vertex 5.2118077292107046e-05 0.00012247139238752425 0.00018899999849963933
endloop
endfacet
facet normal 0.0 0.0 0.0
outer loop
vertex 5.2999999752501026e-05 0.00012199999764561653 0.00018899999849963933
vertex 5.2118077292107046e-05 0.00012247139238752425 0.00018899999849963933
vertex 5.207612048252486e-05 0.00012238268391229212 0.00018899999849963933
endloop
endfacet
facet normal 0.0 0.0 0.0
outer loop
vertex 5.2999999752501026e-05 0.00012199999764561653 0.00018899999849963933
vertex 5.207612048252486e-05 0.00012238268391229212 0.00018899999849963933
vertex 5.204305853112601e-05 0.000122290279250592 0.00018899999849963933
endloop
endfacet
facet normal 0.0 0.0 0.0
outer loop
vertex 5.2999999752501026e-05 0.00012199999764561653 0.00018899999849963933
vertex 5.204305853112601e-05 0.000122290279250592 0.00018899999849963933
vertex 5.201921521802433e-05 0.00012219509517308325 0.00018899999849963933
endloop
endfacet
facet normal 0.0 0.0 0.0
outer loop
vertex 5.2999999752501026e-05 0.00012199999764561653 0.00018899999849963933
vertex 5.201921521802433e-05 0.00012219509517308325 0.00018899999849963933
vertex 5.200481609790586e-05 0.0001220980193465948 0.00018899999849963933
endloop
endfacet
facet normal 0.0 0.0 0.0
outer loop
vertex 5.2999999752501026e-05 0.00012199999764561653 0.00018899999849963933
vertex 5.200481609790586e-05 0.0001220980193465948 0.00018899999849963933
vertex 5.199999941396527e-05 0.00012199999764561653 0.00018899999849963933
endloop
endfacet
facet normal 0.0 0.0 0.0
outer loop
vertex 5.2999999752501026e-05 0.00012199999764561653 0.00018899999849963933
vertex 5.199999941396527e-05 0.00012199999764561653 0.00018899999849963933
vertex 5.200481609790586e-05 0.00012190198322059587 0.00018899999849963933
endloop
endfacet
facet normal 0.0 0.0 0.0
outer loop
vertex 5.2999999752501026e-05 0.00012199999764561653 0.00018899999849963933
vertex 5.200481609790586e-05 0.00012190198322059587 0.00018899999849963933
vertex 5.201921521802433e-05 0.00012180490739410743 0.00018899999849963933
endloop
endfacet
facet normal 0.0 0.0 0.0
outer loop
vertex 5.2999999752501026e-05 0.00012199999764561653 0.00018899999849963933
vertex 5.201921521802433e-05 0.00012180490739410743 0.00018899999849963933
vertex 5.204305853112601e-05 0.00012170971604064107 0.00018899999849963933
endloop
endfacet
facet normal 0.0 0.0 0.0
outer loop
vertex 5.2999999752501026e-05 0.00012199999764561653 0.00018899999849963933
vertex 5.204305853112601e-05 0.00012170971604064107 0.00018899999849963933
vertex 5.207612048252486e-05 0.00012161731865489855 0.00018899999849963933
endloop
endfacet
facet normal 0.0 0.0 0.0
outer loop
vertex 5.2999999752501026e-05 0.00012199999764561653 0.00018899999849963933
vertex 5.207612048252486e-05 0.00012161731865489855 0.00018899999849963933
vertex 5.2118077292107046e-05 0.00012152860290370882 0.00018899999849963933
endloop
endfacet
facet normal 0.0 0.0 0.0
outer loop
vertex 5.2999999752501026e-05 0.00012199999764561653 0.00018899999849963933
vertex 5.2118077292107046e-05 0.00012152860290370882 0.00018899999849963933
vertex 5.2168528782203794e-05 0.00012144442735007033 0.00018899999849963933
endloop
endfacet
facet normal 0.0 0.0 0.0
outer loop
vertex 5.2999999752501026e-05 0.00012199999764561653 0.00018899999849963933
vertex 5.2168528782203794e-05 0.00012144442735007033 0.00018899999849963933
vertex 5.222699110163376e-05 0.00012136560690123588 0.00018899999849963933
endloop
endfacet
facet normal 0.0 0.0 0.0
outer loop
vertex 5.2999999752501026e-05 0.00012199999764561653 0.00018899999849963933
vertex 5.222699110163376e-05 0.00012136560690123588 0.00018899999849963933
vertex 5.2292893087724224e-05 0.00012129289098083973 0.00018899999849963933
endloop
endfacet
facet normal 0.0 0.0 0.0
outer loop
vertex 5.2999999752501026e-05 0.00012199999764561653 0.00018899999849963933
vertex 5.2292893087724224e-05 0.00012129289098083973 0.00018899999849963933
vertex 5.2365605370141566e-05 0.00012122699263272807 0.00018899999849963933
endloop
endfacet
facet normal 0.0 0.0 0.0
outer loop
vertex 5.2999999752501026e-05 0.00012199999764561653 0.00018899999849963933
vertex 5.2365605370141566e-05 0.00012122699263272807 0.00018899999849963933
vertex 5.244442945695482e-05 0.0001211685303132981 0.00018899999849963933
endloop
endfacet
facet normal 0.0 0.0 0.0
outer loop
vertex 5.2999999752501026e-05 0.00012199999764561653 0.00018899999849963933
vertex 5.244442945695482e-05 0.0001211685303132981 0.00018899999849963933
vertex 5.252860501059331e-05 0.00012111807882320136 0.00018899999849963933
endloop
endfacet
facet normal 0.0 0.0 0.0
outer loop
vertex 5.2999999752501026e-05 0.00012199999764561653 0.00018899999849963933
vertex 5.252860501059331e-05 0.00012111807882320136 0.00018899999849963933
vertex 5.261731712380424e-05 0.00012107611837564036 0.00018899999849963933
endloop
endfacet
facet normal 0.0 0.0 0.0
outer loop
vertex 5.2999999752501026e-05 0.00012199999764561653 0.00018899999849963933
vertex 5.261731712380424e-05 0.00012107611837564036 0.00018899999849963933
vertex 5.270971450954676e-05 0.00012104305642424151 0.00018899999849963933
endloop
endfacet
facet normal 0.0 0.0 0.0
outer loop
vertex 5.2999999752501026e-05 0.00012199999764561653 0.00018899999849963933
vertex 5.270971450954676e-05 0.00012104305642424151 0.00018899999849963933
vertex 5.2804909500991926e-05 0.00012101921311113983 0.00018899999849963933
endloop
endfacet
facet normal 0.0 0.0 0.0
outer loop
vertex 5.2999999752501026e-05 0.00012199999764561653 0.00018899999849963933
vertex 5.2804909500991926e-05 0.00012101921311113983 0.00018899999849963933
vertex 5.2901981689501554e-05 0.00012100481399102136 0.00018899999849963933
endloop
endfacet
facet normal 0.0 0.0 0.0
outer loop
vertex 5.2999999752501026e-05 0.00012199999764561653 0.00018899999849963933
vertex 5.2901981689501554e-05 0.00012100481399102136 0.00018899999849963933
vertex 5.2999999752501026e-05 0.00012099999730708078 0.00018899999849963933
endloop
endfacet
facet normal 0.0 0.0 0.0
outer loop
vertex 5.2999999752501026e-05 0.00012199999764561653 0.00018899999849963933
vertex 5.2999999752501026e-05 0.00012099999730708078 0.00018899999849963933
vertex 5.30980178155005e-05 0.00012100481399102136 0.00018899999849963933
endloop
endfacet
facet normal 0.0 0.0 0.0
outer loop
vertex 5.2999999752501026e-05 0.00012199999764561653 0.00018899999849963933
vertex 5.30980178155005e-05 0.00012100481399102136 0.00018899999849963933
vertex 5.3195090004010126e-05 0.00012101921311113983 0.00018899999849963933
endloop
endfacet
facet normal 0.0 0.0 0.0
outer loop
vertex 5.2999999752501026e-05 0.00012199999764561653 0.00018899999849963933
vertex 5.3195090004010126e-05 0.00012101921311113983 0.00018899999849963933
vertex 5.3290284995455295e-05 0.00012104305642424151 0.00018899999849963933
endloop
endfacet
facet normal 0.0 0.0 0.0
outer loop
vertex 5.2999999752501026e-05 0.00012199999764561653 0.00018899999849963933
vertex 5.3290284995455295e-05 0.00012104305642424151 0.00018899999849963933
vertex 5.338268238119781e-05 0.00012107611837564036 0.00018899999849963933
endloop
endfacet
facet normal 0.0 0.0 0.0
outer loop
vertex 5.2999999752501026e-05 0.00012199999764561653 0.00018899999849963933
vertex 5.338268238119781e-05 0.00012107611837564036 0.00018899999849963933
vertex 5.347139813238755e-05 0.00012111807882320136 0.00018899999849963933
endloop
endfacet
facet normal 0.0 0.0 0.0
outer loop
vertex 5.2999999752501026e-05 0.00012199999764561653 0.00018899999849963933
vertex 5.347139813238755e-05 0.00012111807882320136 0.00018899999849963933
vertex 5.355557004804723e-05 0.0001211685303132981 0.00018899999849963933
endloop
endfacet
facet normal 0.0 0.0 0.0
outer loop
vertex 5.2999999752501026e-05 0.00012199999764561653 0.00018899999849963933
vertex 5.355557004804723e-05 0.0001211685303132981 0.00018899999849963933
vertex 5.3634394134860486e-05 0.00012122699263272807 0.00018899999849963933
endloop
endfacet
facet normal 0.0 0.0 0.0
outer loop
vertex 5.2999999752501026e-05 0.00012199999764561653 0.00018899999849963933
vertex 5.3634394134860486e-05 0.00012122699263272807 0.00018899999849963933
vertex 5.370710641727783e-05 0.00012129289098083973 0.00018899999849963933
endloop
endfacet
facet normal 0.0 0.0 0.0
outer loop
vertex 5.2999999752501026e-05 0.00012199999764561653 0.00018899999849963933
vertex 5.370710641727783e-05 0.00012129289098083973 0.00018899999849963933
vertex 5.37730120413471e-05 0.00012136560690123588 0.00018899999849963933
endloop
endfacet
facet normal 0.0 0.0 0.0
outer loop
vertex 5.2999999752501026e-05 0.00012199999764561653 0.00018899999849963933
vertex 5.37730120413471e-05 0.00012136560690123588 0.00018899999849963933
vertex 5.383147072279826e-05 0.00012144442735007033 0.00018899999849963933
endloop
endfacet
facet normal 0.0 0.0 0.0
outer loop
vertex 5.2999999752501026e-05 0.00012199999764561653 0.00018899999849963933
vertex 5.383147072279826e-05 0.00012144442735007033 0.00018899999849963933
vertex 5.3881922212895006e-05 0.00012152860290370882 0.00018899999849963933
endloop
endfacet
facet normal 0.0 0.0 0.0
outer loop
vertex 5.2999999752501026e-05 0.00012199999764561653 0.00018899999849963933
vertex 5.3881922212895006e-05 0.00012152860290370882 0.00018899999849963933
vertex 5.3923879022477195e-05 0.00012161731865489855 0.00018899999849963933
endloop
endfacet
facet normal 0.0 0.0 0.0
outer loop
vertex 5.2999999752501026e-05 0.00012199999764561653 0.00018899999849963933
vertex 5.3923879022477195e-05 0.00012161731865489855 0.00018899999849963933
vertex 5.3956940973876044e-05 0.00012170971604064107 0.00018899999849963933
endloop
endfacet
facet normal 0.0 0.0 0.0
outer loop
vertex 5.2999999752501026e-05 0.00012199999764561653 0.00018899999849963933
vertex 5.3956940973876044e-05 0.00012170971604064107 0.00018899999849963933
vertex 5.398078428697772e-05 0.00012180490739410743 0.00018899999849963933
endloop
endfacet
facet normal 0.0 0.0 0.0
outer loop
vertex 5.2999999752501026e-05 0.00012199999764561653 0.00018899999849963933
vertex 5.398078428697772e-05 0.00012180490739410743 0.00018899999849963933
vertex 5.399518340709619e-05 0.00012190198322059587 0.00018899999849963933
endloop
endfacet
facet normal 0.0 0.0 0.0
outer loop
vertex 5.2999999752501026e-05 0.00012199999764561653 0.00018899999849963933
vertex 5.399518340709619e-05 0.00012190198322059587 0.00018899999849963933
vertex 5.400000009103678e-05 0.00012199999764561653 0.00018899999849963933
endloop
endfacet
facet normal 0.99879486359366 0.04907973572587611 -0.0
outer loop
vertex 5.400000009103678e-05 0.00017800000205170363 3.999999989900971e-06
vertex 5.399518340709619e-05 0.0001780980237526819 3.999999989900971e-06
vertex 5.399518340709619e-05 0.0001780980237526819 0.00018899999849963933
endloop
endfacet
facet normal 0.99879486359366 0.04907973572587611 0.0
outer loop
vertex 5.400000009103678e-05 0.00017800000205170363 3.999999989900971e-06
vertex 5.399518340709619e-05 0.0001780980237526819 0.00018899999849963933
vertex 5.400000009103678e-05 0.00017800000205170363 0.00018899999849963933
endloop
endfacet
facet normal 0.9891743796892998 0.14674483488794035 -0.0
outer loop
vertex 5.399518340709619e-05 0.0001780980237526819 3.999999989900971e-06
vertex 5.398078428697772e-05 0.00017819508502725512 3.999999989900971e-06
vertex 5.398078428697772e-05 0.00017819508502725512 0.00018899999849963933
endloop
endfacet
facet normal 0.9891743796892998 0.14674483488794035 0.0
outer loop
vertex 5.399518340709619e-05 0.0001780980237526819 3.999999989900971e-06
vertex 5.398078428697772e-05 0.00017819508502725512 0.00018899999849963933
vertex 5.399518340709619e-05 0.0001780980237526819 0.00018899999849963933
endloop
endfacet
facet normal 0.9700377426519038 0.24295427106926695 -0.0
outer loop
vertex 5.398078428697772e-05 0.00017819508502725512 3.999999989900971e-06
vertex 5.3956940973876044e-05 0.0001782902836566791 3.999999989900971e-06
vertex 5.3956940973876044e-05 0.0001782902836566791 0.00018899999849963933
endloop
endfacet
facet normal 0.9700377426519038 0.24295427106926695 0.0
outer loop
vertex 5.398078428697772e-05 0.00017819508502725512 3.999999989900971e-06
vertex 5.3956940973876044e-05 0.0001782902836566791 0.00018899999849963933
vertex 5.398078428697772e-05 0.00017819508502725512 0.00018899999849963933
endloop
endfacet
facet normal 0.9415471848166681 0.3368811344729874 -0.0
outer loop
vertex 5.3956940973876044e-05 0.0001782902836566791 3.999999989900971e-06
vertex 5.3923879022477195e-05 0.00017838268831837922 3.999999989900971e-06
vertex 5.3923879022477195e-05 0.00017838268831837922 0.00018899999849963933
endloop
endfacet
facet normal 0.9415471848166681 0.3368811344729874 0.0
outer loop
vertex 5.3956940973876044e-05 0.0001782902836566791 3.999999989900971e-06
vertex 5.3923879022477195e-05 0.00017838268831837922 0.00018899999849963933
vertex 5.3956940973876044e-05 0.0001782902836566791 0.00018899999849963933
endloop
endfacet
facet normal 0.9039860418083182 0.4275619676909176 -0.0
outer loop
vertex 5.3923879022477195e-05 0.00017838268831837922 3.999999989900971e-06
vertex 5.3881922212895006e-05 0.00017847139679361135 3.999999989900971e-06
vertex 5.3881922212895006e-05 0.00017847139679361135 0.00018899999849963933
endloop
endfacet
facet normal 0.9039860418083182 0.4275619676909176 0.0
outer loop
vertex 5.3923879022477195e-05 0.00017838268831837922 3.999999989900971e-06
vertex 5.3881922212895006e-05 0.00017847139679361135 0.00018899999849963933
vertex 5.3923879022477195e-05 0.00017838268831837922 0.00018899999849963933
endloop
endfacet
facet normal 0.8577152821083818 0.514124979783845 -0.0
outer loop
vertex 5.3881922212895006e-05 0.00017847139679361135 3.999999989900971e-06
vertex 5.383147072279826e-05 0.00017855556507129222 3.999999989900971e-06
vertex 5.383147072279826e-05 0.00017855556507129222 0.00018899999849963933
endloop
endfacet
facet normal 0.8577152821083818 0.514124979783845 0.0
outer loop
vertex 5.3881922212895006e-05 0.00017847139679361135 3.999999989900971e-06
vertex 5.383147072279826e-05 0.00017855556507129222 0.00018899999849963933
vertex 5.3881922212895006e-05 0.00017847139679361135 0.00018899999849963933
endloop
endfacet
facet normal 0.8032267583559691 0.5956733791776846 -0.0
outer loop
vertex 5.383147072279826e-05 0.00017855556507129222 3.999999989900971e-06
vertex 5.37730120413471e-05 0.00017863439279608428 3.999999989900971e-06
vertex 5.37730120413471e-05 0.00017863439279608428 0.00018899999849963933
endloop
endfacet
facet normal 0.8032267583559691 0.5956733791776846 0.0
outer loop
vertex 5.383147072279826e-05 0.00017855556507129222 3.999999989900971e-06
vertex 5.37730120413471e-05 0.00017863439279608428 0.00018899999849963933
vertex 5.383147072279826e-05 0.00017855556507129222 0.00018899999849963933
endloop
endfacet
facet normal 0.74095236516813 0.6715575869214451 -0.0
outer loop
vertex 5.37730120413471e-05 0.00017863439279608428 3.999999989900971e-06
vertex 5.370710641727783e-05 0.00017870710871648043 3.999999989900971e-06
vertex 5.370710641727783e-05 0.00017870710871648043 0.00018899999849963933
endloop
endfacet
facet normal 0.74095236516813 0.6715575869214451 0.0
outer loop
vertex 5.37730120413471e-05 0.00017863439279608428 3.999999989900971e-06
vertex 5.370710641727783e-05 0.00017870710871648043 0.00018899999849963933
vertex 5.37730120413471e-05 0.00017863439279608428 0.00018899999849963933
endloop
endfacet
facet normal 0.6715760328926187 0.7409356463581789 -0.0
outer loop
vertex 5.370710641727783e-05 0.00017870710871648043 3.999999989900971e-06
vertex 5.3634394134860486e-05 0.0001787730143405497 3.999999989900971e-06
vertex 5.3634394134860486e-05 0.0001787730143405497 0.00018899999849963933
endloop
endfacet
facet normal 0.6715760328926187 0.7409356463581789 0.0
outer loop
vertex 5.370710641727783e-05 0.00017870710871648043 3.999999989900971e-06
vertex 5.3634394134860486e-05 0.0001787730143405497 0.00018899999849963933
vertex 5.370710641727783e-05 0.00017870710871648043 0.00018899999849963933
endloop
endfacet
facet normal 0.5956671988560334 0.8032313416488471 -0.0
outer loop
vertex 5.3634394134860486e-05 0.0001787730143405497 3.999999989900971e-06
vertex 5.355557004804723e-05 0.00017883146938402206 3.999999989900971e-06
vertex 5.355557004804723e-05 0.00017883146938402206 0.00018899999849963933
endloop
endfacet
facet normal 0.5956671988560334 0.8032313416488471 0.0
outer loop
vertex 5.3634394134860486e-05 0.0001787730143405497 3.999999989900971e-06
vertex 5.355557004804723e-05 0.00017883146938402206 0.00018899999849963933
vertex 5.3634394134860486e-05 0.0001787730143405497 0.00018899999849963933
endloop
endfacet
facet normal 0.5141086321313505 0.8577250808785013 -0.0
outer loop
vertex 5.355557004804723e-05 0.00017883146938402206 3.999999989900971e-06
vertex 5.347139813238755e-05 0.0001788819208741188 3.999999989900971e-06
vertex 5.347139813238755e-05 0.0001788819208741188 0.00018899999849963933
endloop
endfacet
facet normal 0.5141086321313505 0.8577250808785013 0.0
outer loop
vertex 5.355557004804723e-05 0.00017883146938402206 3.999999989900971e-06
vertex 5.347139813238755e-05 0.0001788819208741188 0.00018899999849963933
vertex 5.355557004804723e-05 0.00017883146938402206 0.00018899999849963933
endloop
endfacet
facet normal 0.4275030160411486 0.9040139220585718 -0.0
outer loop
vertex 5.347139813238755e-05 0.0001788819208741188 3.999999989900971e-06
vertex 5.338268238119781e-05 0.0001789238740457222 3.999999989900971e-06
vertex 5.338268238119781e-05 0.0001789238740457222 0.00018899999849963933
endloop
endfacet
facet normal 0.4275030160411486 0.9040139220585718 0.0
outer loop
vertex 5.347139813238755e-05 0.0001788819208741188 3.999999989900971e-06
vertex 5.338268238119781e-05 0.0001789238740457222 0.00018899999849963933
vertex 5.347139813238755e-05 0.0001788819208741188 0.00018899999849963933
endloop
endfacet
facet normal 0.3369046516681994 0.9415387701440281 -0.0
outer loop
vertex 5.338268238119781e-05 0.0001789238740457222 3.999999989900971e-06
vertex 5.3290284995455295e-05 0.00017895693599712104 3.999999989900971e-06
vertex 5.3290284995455295e-05 0.00017895693599712104 0.00018899999849963933
endloop
endfacet
facet normal 0.3369046516681994 0.9415387701440281 0.0
outer loop
vertex 5.338268238119781e-05 0.0001789238740457222 3.999999989900971e-06
vertex 5.3290284995455295e-05 0.00017895693599712104 0.00018899999849963933
vertex 5.338268238119781e-05 0.0001789238740457222 0.00018899999849963933
endloop
endfacet
facet normal 0.24303277109162985 0.9700180782725256 -0.0
outer loop
vertex 5.3290284995455295e-05 0.00017895693599712104 3.999999989900971e-06
vertex 5.3195090004010126e-05 0.00017898078658618033 3.999999989900971e-06
vertex 5.3195090004010126e-05 0.00017898078658618033 0.00018899999849963933
endloop
endfacet
facet normal 0.24303277109162985 0.9700180782725256 0.0
outer loop
vertex 5.3290284995455295e-05 0.00017895693599712104 3.999999989900971e-06
vertex 5.3195090004010126e-05 0.00017898078658618033 0.00018899999849963933
vertex 5.3290284995455295e-05 0.00017895693599712104 0.00018899999849963933
endloop
endfacet
facet normal 0.14665614363933555 0.9891875330455991 -0.0
outer loop
vertex 5.3195090004010126e-05 0.00017898078658618033 3.999999989900971e-06
vertex 5.30980178155005e-05 0.00017899517843034118 3.999999989900971e-06
vertex 5.30980178155005e-05 0.00017899517843034118 0.00018899999849963933
endloop
endfacet
facet normal 0.14665614363933555 0.9891875330455991 0.0
outer loop
vertex 5.3195090004010126e-05 0.00017898078658618033 3.999999989900971e-06
vertex 5.30980178155005e-05 0.00017899517843034118 0.00018899999849963933
vertex 5.3195090004010126e-05 0.00017898078658618033 0.00018899999849963933
endloop
endfacet
facet normal 0.04908155295131086 0.9987947742954444 -0.0
outer loop
vertex 5.30980178155005e-05 0.00017899517843034118 3.999999989900971e-06
vertex 5.2999999752501026e-05 0.00017899999511428177 3.999999989900971e-06
vertex 5.2999999752501026e-05 0.00017899999511428177 0.00018899999849963933
endloop
endfacet
facet normal 0.04908155295131086 0.9987947742954444 0.0
outer loop
vertex 5.30980178155005e-05 0.00017899517843034118 3.999999989900971e-06
vertex 5.2999999752501026e-05 0.00017899999511428177 0.00018899999849963933
vertex 5.30980178155005e-05 0.00017899517843034118 0.00018899999849963933
endloop
endfacet
facet normal -0.04908155295131086 0.9987947742954444 0.0
outer loop
vertex 5.2999999752501026e-05 0.00017899999511428177 3.999999989900971e-06
vertex 5.2901981689501554e-05 0.00017899517843034118 3.999999989900971e-06
vertex 5.2901981689501554e-05 0.00017899517843034118 0.00018899999849963933
endloop
endfacet
facet normal -0.04908155295131086 0.9987947742954444 0.0
outer loop
vertex 5.2999999752501026e-05 0.00017899999511428177 3.999999989900971e-06
vertex 5.2901981689501554e-05 0.00017899517843034118 0.00018899999849963933
vertex 5.2999999752501026e-05 0.00017899999511428177 0.00018899999849963933
endloop
endfacet
facet normal -0.14665614363933555 0.9891875330455991 0.0
outer loop
vertex 5.2901981689501554e-05 0.00017899517843034118 3.999999989900971e-06
vertex 5.2804909500991926e-05 0.00017898078658618033 3.999999989900971e-06
vertex 5.2804909500991926e-05 0.00017898078658618033 0.00018899999849963933
endloop
endfacet
facet normal -0.14665614363933555 0.9891875330455991 0.0
outer loop
vertex 5.2901981689501554e-05 0.00017899517843034118 3.999999989900971e-06
vertex 5.2804909500991926e-05 0.00017898078658618033 0.00018899999849963933
vertex 5.2901981689501554e-05 0.00017899517843034118 0.00018899999849963933
endloop
endfacet
facet normal -0.24303277109162985 0.9700180782725256 0.0
outer loop
vertex 5.2804909500991926e-05 0.00017898078658618033 3.999999989900971e-06
vertex 5.270971450954676e-05 0.00017895693599712104 3.999999989900971e-06
vertex 5.270971450954676e-05 0.00017895693599712104 0.00018899999849963933
endloop
endfacet
facet normal -0.24303277109162985 0.9700180782725256 0.0
outer loop
vertex 5.2804909500991926e-05 0.00017898078658618033 3.999999989900971e-06
vertex 5.270971450954676e-05 0.00017895693599712104 0.00018899999849963933
vertex 5.2804909500991926e-05 0.00017898078658618033 0.00018899999849963933
endloop
endfacet
facet normal -0.3369046516681994 0.9415387701440281 0.0
outer loop
vertex 5.270971450954676e-05 0.00017895693599712104 3.999999989900971e-06
vertex 5.261731712380424e-05 0.0001789238740457222 3.999999989900971e-06
vertex 5.261731712380424e-05 0.0001789238740457222 0.00018899999849963933
endloop
endfacet
facet normal -0.3369046516681994 0.9415387701440281 0.0
outer loop
vertex 5.270971450954676e-05 0.00017895693599712104 3.999999989900971e-06
vertex 5.261731712380424e-05 0.0001789238740457222 0.00018899999849963933
vertex 5.270971450954676e-05 0.00017895693599712104 0.00018899999849963933
endloop
endfacet
facet normal -0.42751734325615237 0.9040071466615743 0.0
outer loop
vertex 5.261731712380424e-05 0.0001789238740457222 3.999999989900971e-06
vertex 5.252860501059331e-05 0.0001788819208741188 3.999999989900971e-06
vertex 5.252860501059331e-05 0.0001788819208741188 0.00018899999849963933
endloop
endfacet
facet normal -0.42751734325615237 0.9040071466615743 0.0
outer loop
vertex 5.261731712380424e-05 0.0001789238740457222 3.999999989900971e-06
vertex 5.252860501059331e-05 0.0001788819208741188 0.00018899999849963933
vertex 5.261731712380424e-05 0.0001789238740457222 0.00018899999849963933
endloop
endfacet
facet normal -0.5140922853317047 0.8577348787139445 0.0
outer loop
vertex 5.252860501059331e-05 0.0001788819208741188 3.999999989900971e-06
vertex 5.244442945695482e-05 0.00017883146938402206 3.999999989900971e-06
vertex 5.244442945695482e-05 0.00017883146938402206 0.00018899999849963933
endloop
endfacet
facet normal -0.5140922853317047 0.8577348787139445 0.0
outer loop
vertex 5.252860501059331e-05 0.0001788819208741188 3.999999989900971e-06
vertex 5.244442945695482e-05 0.00017883146938402206 0.00018899999849963933
vertex 5.252860501059331e-05 0.0001788819208741188 0.00018899999849963933
endloop
endfacet
facet normal -0.5956671988560334 0.8032313416488471 0.0
outer loop
vertex 5.244442945695482e-05 0.00017883146938402206 3.999999989900971e-06
vertex 5.2365605370141566e-05 0.0001787730143405497 3.999999989900971e-06
vertex 5.2365605370141566e-05 0.0001787730143405497 0.00018899999849963933
endloop
endfacet
facet normal -0.5956671988560334 0.8032313416488471 0.0
outer loop
vertex 5.244442945695482e-05 0.00017883146938402206 3.999999989900971e-06
vertex 5.2365605370141566e-05 0.0001787730143405497 0.00018899999849963933
vertex 5.244442945695482e-05 0.00017883146938402206 0.00018899999849963933
endloop
endfacet
facet normal -0.6715760328926187 0.7409356463581789 0.0
outer loop
vertex 5.2365605370141566e-05 0.0001787730143405497 3.999999989900971e-06
vertex 5.2292893087724224e-05 0.00017870710871648043 3.999999989900971e-06
vertex 5.2292893087724224e-05 0.00017870710871648043 0.00018899999849963933
endloop
endfacet
facet normal -0.6715760328926187 0.7409356463581789 0.0
outer loop
vertex 5.2365605370141566e-05 0.0001787730143405497 3.999999989900971e-06
vertex 5.2292893087724224e-05 0.00017870710871648043 0.00018899999849963933
vertex 5.2365605370141566e-05 0.0001787730143405497 0.00018899999849963933
endloop
endfacet
facet normal -0.740970811020441 0.671537234422418 0.0
outer loop
vertex 5.2292893087724224e-05 0.00017870710871648043 3.999999989900971e-06
vertex 5.222699110163376e-05 0.00017863439279608428 3.999999989900971e-06
vertex 5.222699110163376e-05 0.00017863439279608428 0.00018899999849963933
endloop
endfacet
facet normal -0.740970811020441 0.671537234422418 0.0
outer loop
vertex 5.2292893087724224e-05 0.00017870710871648043 3.999999989900971e-06
vertex 5.222699110163376e-05 0.00017863439279608428 0.00018899999849963933
vertex 5.2292893087724224e-05 0.00017870710871648043 0.00018899999849963933
endloop
endfacet
facet normal -0.8032090219823352 0.5956972947782965 0.0
outer loop
vertex 5.222699110163376e-05 0.00017863439279608428 3.999999989900971e-06
vertex 5.2168528782203794e-05 0.00017855556507129222 3.999999989900971e-06
vertex 5.2168528782203794e-05 0.00017855556507129222 0.00018899999849963933
endloop
endfacet
facet normal -0.8032090219823352 0.5956972947782965 0.0
outer loop
vertex 5.222699110163376e-05 0.00017863439279608428 3.999999989900971e-06
vertex 5.2168528782203794e-05 0.00017855556507129222 0.00018899999849963933
vertex 5.222699110163376e-05 0.00017863439279608428 0.00018899999849963933
endloop
endfacet
facet normal -0.8577152821083818 0.514124979783845 0.0
outer loop
vertex 5.2168528782203794e-05 0.00017855556507129222 3.999999989900971e-06
vertex 5.2118077292107046e-05 0.00017847139679361135 3.999999989900971e-06
vertex 5.2118077292107046e-05 0.00017847139679361135 0.00018899999849963933
endloop
endfacet
facet normal -0.8577152821083818 0.514124979783845 0.0
outer loop
vertex 5.2168528782203794e-05 0.00017855556507129222 3.999999989900971e-06
vertex 5.2118077292107046e-05 0.00017847139679361135 0.00018899999849963933
vertex 5.2168528782203794e-05 0.00017855556507129222 0.00018899999849963933
endloop
endfacet
facet normal -0.9039860418083182 0.4275619676909176 0.0
outer loop
vertex 5.2118077292107046e-05 0.00017847139679361135 3.999999989900971e-06
vertex 5.207612048252486e-05 0.00017838268831837922 3.999999989900971e-06
vertex 5.207612048252486e-05 0.00017838268831837922 0.00018899999849963933
endloop
endfacet
facet normal -0.9039860418083182 0.4275619676909176 0.0
outer loop
vertex 5.2118077292107046e-05 0.00017847139679361135 3.999999989900971e-06
vertex 5.207612048252486e-05 0.00017838268831837922 0.00018899999849963933
vertex 5.2118077292107046e-05 0.00017847139679361135 0.00018899999849963933
endloop
endfacet
facet normal -0.9415471848166681 0.3368811344729874 0.0
outer loop
vertex 5.207612048252486e-05 0.00017838268831837922 3.999999989900971e-06
vertex 5.204305853112601e-05 0.0001782902836566791 3.999999989900971e-06
vertex 5.204305853112601e-05 0.0001782902836566791 0.00018899999849963933
endloop
endfacet
facet normal -0.9415471848166681 0.3368811344729874 0.0
outer loop
vertex 5.207612048252486e-05 0.00017838268831837922 3.999999989900971e-06
vertex 5.204305853112601e-05 0.0001782902836566791 0.00018899999849963933
vertex 5.207612048252486e-05 0.00017838268831837922 0.00018899999849963933
endloop
endfacet
facet normal -0.9700377426519038 0.24295427106926695 0.0
outer loop
vertex 5.204305853112601e-05 0.0001782902836566791 3.999999989900971e-06
vertex 5.201921521802433e-05 0.00017819508502725512 3.999999989900971e-06
vertex 5.201921521802433e-05 0.00017819508502725512 0.00018899999849963933
endloop
endfacet
facet normal -0.9700377426519038 0.24295427106926695 0.0
outer loop
vertex 5.204305853112601e-05 0.0001782902836566791 3.999999989900971e-06
vertex 5.201921521802433e-05 0.00017819508502725512 0.00018899999849963933
vertex 5.204305853112601e-05 0.0001782902836566791 0.00018899999849963933
endloop
endfacet
facet normal -0.9891743796892998 0.14674483488794035 0.0
outer loop
vertex 5.201921521802433e-05 0.00017819508502725512 3.999999989900971e-06
vertex 5.200481609790586e-05 0.0001780980237526819 3.999999989900971e-06
vertex 5.200481609790586e-05 0.0001780980237526819 0.00018899999849963933
endloop
endfacet
facet normal -0.9891743796892998 0.14674483488794035 0.0
outer loop
vertex 5.201921521802433e-05 0.00017819508502725512 3.999999989900971e-06
vertex 5.200481609790586e-05 0.0001780980237526819 0.00018899999849963933
vertex 5.201921521802433e-05 0.00017819508502725512 0.00018899999849963933
endloop
endfacet
facet normal -0.99879486359366 0.04907973572587611 0.0
outer loop
vertex 5.200481609790586e-05 0.0001780980237526819 3.999999989900971e-06
vertex 5.199999941396527e-05 0.00017800000205170363 3.999999989900971e-06
vertex 5.199999941396527e-05 0.00017800000205170363 0.00018899999849963933
endloop
endfacet
facet normal -0.99879486359366 0.04907973572587611 0.0
outer loop
vertex 5.200481609790586e-05 0.0001780980237526819 3.999999989900971e-06
vertex 5.199999941396527e-05 0.00017800000205170363 0.00018899999849963933
vertex 5.200481609790586e-05 0.0001780980237526819 0.00018899999849963933
endloop
endfacet
facet normal -0.99879486359366 -0.04907973572587611 0.0
outer loop
vertex 5.199999941396527e-05 0.00017800000205170363 3.999999989900971e-06
vertex 5.200481609790586e-05 0.00017790198035072535 3.999999989900971e-06
vertex 5.200481609790586e-05 0.00017790198035072535 0.00018899999849963933
endloop
endfacet
facet normal -0.99879486359366 -0.04907973572587611 0.0
outer loop
vertex 5.199999941396527e-05 0.00017800000205170363 3.999999989900971e-06
vertex 5.200481609790586e-05 0.00017790198035072535 0.00018899999849963933
vertex 5.199999941396527e-05 0.00017800000205170363 0.00018899999849963933
endloop
endfacet
facet normal -0.9891775725290161 -0.14672331105043643 0.0
outer loop
vertex 5.200481609790586e-05 0.00017790198035072535 3.999999989900971e-06
vertex 5.201921521802433e-05 0.00017780490452423692 3.999999989900971e-06
vertex 5.201921521802433e-05 0.00017780490452423692 0.00018899999849963933
endloop
endfacet
facet normal -0.9891775725290161 -0.14672331105043643 0.0
outer loop
vertex 5.200481609790586e-05 0.00017790198035072535 3.999999989900971e-06
vertex 5.201921521802433e-05 0.00017780490452423692 0.00018899999849963933
vertex 5.200481609790586e-05 0.00017790198035072535 0.00018899999849963933
endloop
endfacet
facet normal -0.9700289883629528 -0.24298922143903043 0.0
outer loop
vertex 5.201921521802433e-05 0.00017780490452423692 3.999999989900971e-06
vertex 5.204305853112601e-05 0.00017770972044672817 3.999999989900971e-06
vertex 5.204305853112601e-05 0.00017770972044672817 0.00018899999849963933
endloop
endfacet
facet normal -0.9700289883629528 -0.24298922143903043 0.0
outer loop
vertex 5.201921521802433e-05 0.00017780490452423692 3.999999989900971e-06
vertex 5.204305853112601e-05 0.00017770972044672817 0.00018899999849963933
vertex 5.201921521802433e-05 0.00017780490452423692 0.00018899999849963933
endloop
endfacet
facet normal -0.9415471848166681 -0.3368811344729874 0.0
outer loop
vertex 5.204305853112601e-05 0.00017770972044672817 3.999999989900971e-06
vertex 5.207612048252486e-05 0.00017761731578502804 3.999999989900971e-06
vertex 5.207612048252486e-05 0.00017761731578502804 0.00018899999849963933
endloop
endfacet
facet normal -0.9415471848166681 -0.3368811344729874 0.0
outer loop
vertex 5.204305853112601e-05 0.00017770972044672817 3.999999989900971e-06
vertex 5.207612048252486e-05 0.00017761731578502804 0.00018899999849963933
vertex 5.204305853112601e-05 0.00017770972044672817 0.00018899999849963933
endloop
endfacet
facet normal -0.9039860418083182 -0.4275619676909176 0.0
outer loop
vertex 5.207612048252486e-05 0.00017761731578502804 3.999999989900971e-06
vertex 5.2118077292107046e-05 0.00017752860730979592 3.999999989900971e-06
vertex 5.2118077292107046e-05 0.00017752860730979592 0.00018899999849963933
endloop
endfacet
facet normal -0.9039860418083182 -0.4275619676909176 0.0
outer loop
vertex 5.207612048252486e-05 0.00017761731578502804 3.999999989900971e-06
vertex 5.2118077292107046e-05 0.00017752860730979592 0.00018899999849963933
vertex 5.207612048252486e-05 0.00017761731578502804 0.00018899999849963933
endloop
endfacet
facet normal -0.8577544715812344 -0.5140595942907761 0.0
outer loop
vertex 5.2118077292107046e-05 0.00017752860730979592 3.999999989900971e-06
vertex 5.2168528782203794e-05 0.00017744442448019981 3.999999989900971e-06
vertex 5.2168528782203794e-05 0.00017744442448019981 0.00018899999849963933
endloop
endfacet
facet normal -0.8577544715812344 -0.5140595942907761 0.0
outer loop
vertex 5.2118077292107046e-05 0.00017752860730979592 3.999999989900971e-06
vertex 5.2168528782203794e-05 0.00017744442448019981 0.00018899999849963933
vertex 5.2118077292107046e-05 0.00017752860730979592 0.00018899999849963933
endloop
endfacet
facet normal -0.8031563961974532 -0.5957682462561426 0.0
outer loop
vertex 5.2168528782203794e-05 0.00017744442448019981 3.999999989900971e-06
vertex 5.222699110163376e-05 0.00017736561130732298 3.999999989900971e-06
vertex 5.222699110163376e-05 0.00017736561130732298 0.00018899999849963933
endloop
endfacet
facet normal -0.8031563961974532 -0.5957682462561426 0.0
outer loop
vertex 5.2168528782203794e-05 0.00017744442448019981 3.999999989900971e-06
vertex 5.222699110163376e-05 0.00017736561130732298 0.00018899999849963933
vertex 5.2168528782203794e-05 0.00017744442448019981 0.00018899999849963933
endloop
endfacet
facet normal -0.740970811020441 -0.671537234422418 0.0
outer loop
vertex 5.222699110163376e-05 0.00017736561130732298 3.999999989900971e-06
vertex 5.2292893087724224e-05 0.00017729289538692683 3.999999989900971e-06
vertex 5.2292893087724224e-05 0.00017729289538692683 0.00018899999849963933
endloop
endfacet
facet normal -0.740970811020441 -0.671537234422418 0.0
outer loop
vertex 5.222699110163376e-05 0.00017736561130732298 3.999999989900971e-06
vertex 5.2292893087724224e-05 0.00017729289538692683 0.00018899999849963933
vertex 5.222699110163376e-05 0.00017736561130732298 0.00018899999849963933
endloop
endfacet
facet normal -0.6715760328926187 -0.7409356463581789 0.0
outer loop
vertex 5.2292893087724224e-05 0.00017729289538692683 3.999999989900971e-06
vertex 5.2365605370141566e-05 0.00017722698976285756 3.999999989900971e-06
vertex 5.2365605370141566e-05 0.00017722698976285756 0.00018899999849963933
endloop
endfacet
facet normal -0.6715760328926187 -0.7409356463581789 0.0
outer loop
vertex 5.2292893087724224e-05 0.00017729289538692683 3.999999989900971e-06
vertex 5.2365605370141566e-05 0.00017722698976285756 0.00018899999849963933
vertex 5.2292893087724224e-05 0.00017729289538692683 0.00018899999849963933
endloop
endfacet
facet normal -0.5956671988560334 -0.8032313416488471 0.0
outer loop
vertex 5.2365605370141566e-05 0.00017722698976285756 3.999999989900971e-06
vertex 5.244442945695482e-05 0.0001771685347193852 3.999999989900971e-06
vertex 5.244442945695482e-05 0.0001771685347193852 0.00018899999849963933
endloop
endfacet
facet normal -0.5956671988560334 -0.8032313416488471 0.0
outer loop
vertex 5.2365605370141566e-05 0.00017722698976285756 3.999999989900971e-06
vertex 5.244442945695482e-05 0.0001771685347193852 0.00018899999849963933
vertex 5.2365605370141566e-05 0.00017722698976285756 0.00018899999849963933
endloop
endfacet
facet normal -0.5140922853317047 -0.8577348787139445 0.0
outer loop
vertex 5.244442945695482e-05 0.0001771685347193852 3.999999989900971e-06
vertex 5.252860501059331e-05 0.00017711808322928846 3.999999989900971e-06
vertex 5.252860501059331e-05 0.00017711808322928846 0.00018899999849963933
endloop
endfacet
facet normal -0.5140922853317047 -0.8577348787139445 0.0
outer loop
vertex 5.244442945695482e-05 0.0001771685347193852 3.999999989900971e-06
vertex 5.252860501059331e-05 0.00017711808322928846 0.00018899999849963933
vertex 5.244442945695482e-05 0.0001771685347193852 0.00018899999849963933
endloop
endfacet
facet normal -0.4276385178357317 -0.9039498316075172 0.0
outer loop
vertex 5.252860501059331e-05 0.00017711808322928846 3.999999989900971e-06
vertex 5.261731712380424e-05 0.00017707611550576985 3.999999989900971e-06
vertex 5.261731712380424e-05 0.00017707611550576985 0.00018899999849963933
endloop
endfacet
facet normal -0.4276385178357317 -0.9039498316075172 0.0
outer loop
vertex 5.252860501059331e-05 0.00017711808322928846 3.999999989900971e-06
vertex 5.261731712380424e-05 0.00017707611550576985 0.00018899999849963933
vertex 5.252860501059331e-05 0.00017711808322928846 0.00018899999849963933
endloop
endfacet
facet normal -0.3369046516681994 -0.9415387701440281 0.0
outer loop
vertex 5.261731712380424e-05 0.00017707611550576985 3.999999989900971e-06
vertex 5.270971450954676e-05 0.000177043053554371 3.999999989900971e-06
vertex 5.270971450954676e-05 0.000177043053554371 0.00018899999849963933
endloop
endfacet
facet normal -0.3369046516681994 -0.9415387701440281 0.0
outer loop
vertex 5.261731712380424e-05 0.00017707611550576985 3.999999989900971e-06
vertex 5.270971450954676e-05 0.000177043053554371 0.00018899999849963933
vertex 5.261731712380424e-05 0.00017707611550576985 0.00018899999849963933
endloop
endfacet
facet normal -0.24289324063549647 -0.9700530262071178 0.0
outer loop
vertex 5.270971450954676e-05 0.000177043053554371 3.999999989900971e-06
vertex 5.2804909500991926e-05 0.00017701921751722693 3.999999989900971e-06
vertex 5.2804909500991926e-05 0.00017701921751722693 0.00018899999849963933
endloop
endfacet
facet normal -0.24289324063549647 -0.9700530262071178 0.0
outer loop
vertex 5.270971450954676e-05 0.000177043053554371 3.999999989900971e-06
vertex 5.2804909500991926e-05 0.00017701921751722693 0.00018899999849963933
vertex 5.270971450954676e-05 0.000177043053554371 0.00018899999849963933
endloop
endfacet
facet normal -0.14680123684171248 -0.989166010769549 0.0
outer loop
vertex 5.2804909500991926e-05 0.00017701921751722693 3.999999989900971e-06
vertex 5.2901981689501554e-05 0.00017700481112115085 3.999999989900971e-06
vertex 5.2901981689501554e-05 0.00017700481112115085 0.00018899999849963933
endloop
endfacet
facet normal -0.14680123684171248 -0.989166010769549 0.0
outer loop
vertex 5.2804909500991926e-05 0.00017701921751722693 3.999999989900971e-06
vertex 5.2901981689501554e-05 0.00017700481112115085 0.00018899999849963933
vertex 5.2804909500991926e-05 0.00017701921751722693 0.00018899999849963933
endloop
endfacet
facet normal -0.04908155295131086 -0.9987947742954444 0.0
outer loop
vertex 5.2901981689501554e-05 0.00017700481112115085 3.999999989900971e-06
vertex 5.2999999752501026e-05 0.00017699999443721026 3.999999989900971e-06
vertex 5.2999999752501026e-05 0.00017699999443721026 0.00018899999849963933
endloop
endfacet
facet normal -0.04908155295131086 -0.9987947742954444 0.0
outer loop
vertex 5.2901981689501554e-05 0.00017700481112115085 3.999999989900971e-06
vertex 5.2999999752501026e-05 0.00017699999443721026 0.00018899999849963933
vertex 5.2901981689501554e-05 0.00017700481112115085 0.00018899999849963933
endloop
endfacet
facet normal 0.04908155295131086 -0.9987947742954444 0.0
outer loop
vertex 5.2999999752501026e-05 0.00017699999443721026 3.999999989900971e-06
vertex 5.30980178155005e-05 0.00017700481112115085 3.999999989900971e-06
vertex 5.30980178155005e-05 0.00017700481112115085 0.00018899999849963933
endloop
endfacet
facet normal 0.04908155295131086 -0.9987947742954444 0.0
outer loop
vertex 5.2999999752501026e-05 0.00017699999443721026 3.999999989900971e-06
vertex 5.30980178155005e-05 0.00017700481112115085 0.00018899999849963933
vertex 5.2999999752501026e-05 0.00017699999443721026 0.00018899999849963933
endloop
endfacet
facet normal 0.14680123684171248 -0.989166010769549 0.0
outer loop
vertex 5.30980178155005e-05 0.00017700481112115085 3.999999989900971e-06
vertex 5.3195090004010126e-05 0.00017701921751722693 3.999999989900971e-06
vertex 5.3195090004010126e-05 0.00017701921751722693 0.00018899999849963933
endloop
endfacet
facet normal 0.14680123684171248 -0.989166010769549 0.0
outer loop
vertex 5.30980178155005e-05 0.00017700481112115085 3.999999989900971e-06
vertex 5.3195090004010126e-05 0.00017701921751722693 0.00018899999849963933
vertex 5.30980178155005e-05 0.00017700481112115085 0.00018899999849963933
endloop
endfacet
facet normal 0.24289324063549647 -0.9700530262071178 0.0
outer loop
vertex 5.3195090004010126e-05 0.00017701921751722693 3.999999989900971e-06
vertex 5.3290284995455295e-05 0.000177043053554371 3.999999989900971e-06
vertex 5.3290284995455295e-05 0.000177043053554371 0.00018899999849963933
endloop
endfacet
facet normal 0.24289324063549647 -0.9700530262071178 0.0
outer loop
vertex 5.3195090004010126e-05 0.00017701921751722693 3.999999989900971e-06
vertex 5.3290284995455295e-05 0.000177043053554371 0.00018899999849963933
vertex 5.3195090004010126e-05 0.00017701921751722693 0.00018899999849963933
endloop
endfacet
facet normal 0.3369046516681994 -0.9415387701440281 0.0
outer loop
vertex 5.3290284995455295e-05 0.000177043053554371 3.999999989900971e-06
vertex 5.338268238119781e-05 0.00017707611550576985 3.999999989900971e-06
vertex 5.338268238119781e-05 0.00017707611550576985 0.00018899999849963933
endloop
endfacet
facet normal 0.3369046516681994 -0.9415387701440281 0.0
outer loop
vertex 5.3290284995455295e-05 0.000177043053554371 3.999999989900971e-06
vertex 5.338268238119781e-05 0.00017707611550576985 0.00018899999849963933
vertex 5.3290284995455295e-05 0.000177043053554371 0.00018899999849963933
endloop
endfacet
facet normal 0.42762418837694205 -0.9039566104160982 0.0
outer loop
vertex 5.338268238119781e-05 0.00017707611550576985 3.999999989900971e-06
vertex 5.347139813238755e-05 0.00017711808322928846 3.999999989900971e-06
vertex 5.347139813238755e-05 0.00017711808322928846 0.00018899999849963933
endloop
endfacet
facet normal 0.42762418837694205 -0.9039566104160982 0.0
outer loop
vertex 5.338268238119781e-05 0.00017707611550576985 3.999999989900971e-06
vertex 5.347139813238755e-05 0.00017711808322928846 0.00018899999849963933
vertex 5.338268238119781e-05 0.00017707611550576985 0.00018899999849963933
endloop
endfacet
facet normal 0.5141086321313505 -0.8577250808785013 0.0
outer loop
vertex 5.347139813238755e-05 0.00017711808322928846 3.999999989900971e-06
vertex 5.355557004804723e-05 0.0001771685347193852 3.999999989900971e-06
vertex 5.355557004804723e-05 0.0001771685347193852 0.00018899999849963933
endloop
endfacet
facet normal 0.5141086321313505 -0.8577250808785013 0.0
outer loop
vertex 5.347139813238755e-05 0.00017711808322928846 3.999999989900971e-06
vertex 5.355557004804723e-05 0.0001771685347193852 0.00018899999849963933
vertex 5.347139813238755e-05 0.00017711808322928846 0.00018899999849963933
endloop
endfacet
facet normal 0.5956671988560334 -0.8032313416488471 0.0
outer loop
vertex 5.355557004804723e-05 0.0001771685347193852 3.999999989900971e-06
vertex 5.3634394134860486e-05 0.00017722698976285756 3.999999989900971e-06
vertex 5.3634394134860486e-05 0.00017722698976285756 0.00018899999849963933
endloop
endfacet
facet normal 0.5956671988560334 -0.8032313416488471 0.0
outer loop
vertex 5.355557004804723e-05 0.0001771685347193852 3.999999989900971e-06
vertex 5.3634394134860486e-05 0.00017722698976285756 0.00018899999849963933
vertex 5.355557004804723e-05 0.0001771685347193852 0.00018899999849963933
endloop
endfacet
facet normal 0.6715760328926187 -0.7409356463581789 0.0
outer loop
vertex 5.3634394134860486e-05 0.00017722698976285756 3.999999989900971e-06
vertex 5.370710641727783e-05 0.00017729289538692683 3.999999989900971e-06
vertex 5.370710641727783e-05 0.00017729289538692683 0.00018899999849963933
endloop
endfacet
facet normal 0.6715760328926187 -0.7409356463581789 0.0
outer loop
vertex 5.3634394134860486e-05 0.00017722698976285756 3.999999989900971e-06
vertex 5.370710641727783e-05 0.00017729289538692683 0.00018899999849963933
vertex 5.3634394134860486e-05 0.00017722698976285756 0.00018899999849963933
endloop
endfacet
facet normal 0.74095236516813 -0.6715575869214451 0.0
outer loop
vertex 5.370710641727783e-05 0.00017729289538692683 3.999999989900971e-06
vertex 5.37730120413471e-05 0.00017736561130732298 3.999999989900971e-06
vertex 5.37730120413471e-05 0.00017736561130732298 0.00018899999849963933
endloop
endfacet
facet normal 0.74095236516813 -0.6715575869214451 0.0
outer loop
vertex 5.370710641727783e-05 0.00017729289538692683 3.999999989900971e-06
vertex 5.37730120413471e-05 0.00017736561130732298 0.00018899999849963933
vertex 5.370710641727783e-05 0.00017729289538692683 0.00018899999849963933
endloop
endfacet
facet normal 0.8031741356341633 -0.595744330940979 0.0
outer loop
vertex 5.37730120413471e-05 0.00017736561130732298 3.999999989900971e-06
vertex 5.383147072279826e-05 0.00017744442448019981 3.999999989900971e-06
vertex 5.383147072279826e-05 0.00017744442448019981 0.00018899999849963933
endloop
endfacet
facet normal 0.8031741356341633 -0.595744330940979 0.0
outer loop
vertex 5.37730120413471e-05 0.00017736561130732298 3.999999989900971e-06
vertex 5.383147072279826e-05 0.00017744442448019981 0.00018899999849963933
vertex 5.37730120413471e-05 0.00017736561130732298 0.00018899999849963933
endloop
endfacet
facet normal 0.8577544715812344 -0.5140595942907761 0.0
outer loop
vertex 5.383147072279826e-05 0.00017744442448019981 3.999999989900971e-06
vertex 5.3881922212895006e-05 0.00017752860730979592 3.999999989900971e-06
vertex 5.3881922212895006e-05 0.00017752860730979592 0.00018899999849963933
endloop
endfacet
facet normal 0.8577544715812344 -0.5140595942907761 0.0
outer loop
vertex 5.383147072279826e-05 0.00017744442448019981 3.999999989900971e-06
vertex 5.3881922212895006e-05 0.00017752860730979592 0.00018899999849963933
vertex 5.383147072279826e-05 0.00017744442448019981 0.00018899999849963933
endloop
endfacet
facet normal 0.9039860418083182 -0.4275619676909176 0.0
outer loop
vertex 5.3881922212895006e-05 0.00017752860730979592 3.999999989900971e-06
vertex 5.3923879022477195e-05 0.00017761731578502804 3.999999989900971e-06
vertex 5.3923879022477195e-05 0.00017761731578502804 0.00018899999849963933
endloop
endfacet
facet normal 0.9039860418083182 -0.4275619676909176 0.0
outer loop
vertex 5.3881922212895006e-05 0.00017752860730979592 3.999999989900971e-06
vertex 5.3923879022477195e-05 0.00017761731578502804 0.00018899999849963933
vertex 5.3881922212895006e-05 0.00017752860730979592 0.00018899999849963933
endloop
endfacet
facet normal 0.9415471848166681 -0.3368811344729874 0.0
outer loop
vertex 5.3923879022477195e-05 0.00017761731578502804 3.999999989900971e-06
vertex 5.3956940973876044e-05 0.00017770972044672817 3.999999989900971e-06
vertex 5.3956940973876044e-05 0.00017770972044672817 0.00018899999849963933
endloop
endfacet
facet normal 0.9415471848166681 -0.3368811344729874 0.0
outer loop
vertex 5.3923879022477195e-05 0.00017761731578502804 3.999999989900971e-06
vertex 5.3956940973876044e-05 0.00017770972044672817 0.00018899999849963933
vertex 5.3923879022477195e-05 0.00017761731578502804 0.00018899999849963933
endloop
endfacet
facet normal 0.9700289883629528 -0.24298922143903043 0.0
outer loop
vertex 5.3956940973876044e-05 0.00017770972044672817 3.999999989900971e-06
vertex 5.398078428697772e-05 0.00017780490452423692 3.999999989900971e-06
vertex 5.398078428697772e-05 0.00017780490452423692 0.00018899999849963933
endloop
endfacet
facet normal 0.9700289883629528 -0.24298922143903043 0.0
outer loop
vertex 5.3956940973876044e-05 0.00017770972044672817 3.999999989900971e-06
vertex 5.398078428697772e-05 0.00017780490452423692 0.00018899999849963933
vertex 5.3956940973876044e-05 0.00017770972044672817 0.00018899999849963933
endloop
endfacet
facet normal 0.9891775725290161 -0.14672331105043643 0.0
outer loop
vertex 5.398078428697772e-05 0.00017780490452423692 3.999999989900971e-06
vertex 5.399518340709619e-05 0.00017790198035072535 3.999999989900971e-06
vertex 5.399518340709619e-05 0.00017790198035072535 0.00018899999849963933
endloop
endfacet
facet normal 0.9891775725290161 -0.14672331105043643 0.0
outer loop
vertex 5.398078428697772e-05 0.00017780490452423692 3.999999989900971e-06
vertex 5.399518340709619e-05 0.00017790198035072535 0.00018899999849963933
vertex 5.398078428697772e-05 0.00017780490452423692 0.00018899999849963933
endloop
endfacet
facet normal 0.99879486359366 -0.04907973572587611 0.0
outer loop
vertex 5.399518340709619e-05 0.00017790198035072535 3.999999989900971e-06
vertex 5.400000009103678e-05 0.00017800000205170363 3.999999989900971e-06
vertex 5.400000009103678e-05 0.00017800000205170363 0.00018899999849963933
endloop
endfacet
facet normal 0.99879486359366 -0.04907973572587611 0.0
outer loop
vertex 5.399518340709619e-05 0.00017790198035072535 3.999999989900971e-06
vertex 5.400000009103678e-05 0.00017800000205170363 0.00018899999849963933
vertex 5.399518340709619e-05 0.00017790198035072535 0.00018899999849963933
endloop
endfacet
facet normal 0.0 0.0 0.0
outer loop
vertex 5.2999999752501026e-05 0.00017800000205170363 0.00018899999849963933
vertex 5.400000009103678e-05 0.00017800000205170363 0.00018899999849963933
vertex 5.399518340709619e-05 0.0001780980237526819 0.00018899999849963933
endloop
endfacet
facet normal 0.0 0.0 0.0
outer loop
vertex 5.2999999752501026e-05 0.00017800000205170363 0.00018899999849963933
vertex 5.399518340709619e-05 0.0001780980237526819 0.00018899999849963933
vertex 5.398078428697772e-05 0.00017819508502725512 0.00018899999849963933
endloop
endfacet
facet normal 0.0 0.0 0.0
outer loop
vertex 5.2999999752501026e-05 0.00017800000205170363 0.00018899999849963933
vertex 5.398078428697772e-05 0.00017819508502725512 0.00018899999849963933
vertex 5.3956940973876044e-05 0.0001782902836566791 0.00018899999849963933
endloop
endfacet
facet normal 0.0 0.0 0.0
outer loop
vertex 5.2999999752501026e-05 0.00017800000205170363 0.00018899999849963933
vertex 5.3956940973876044e-05 0.0001782902836566791 0.00018899999849963933
vertex 5.3923879022477195e-05 0.00017838268831837922 0.00018899999849963933
endloop
endfacet
facet normal 0.0 0.0 0.0
outer loop
vertex 5.2999999752501026e-05 0.00017800000205170363 0.00018899999849963933
vertex 5.3923879022477195e-05 0.00017838268831837922 0.00018899999849963933
vertex 5.3881922212895006e-05 0.00017847139679361135 0.00018899999849963933
endloop
endfacet
facet normal 0.0 0.0 0.0
outer loop
vertex 5.2999999752501026e-05 0.00017800000205170363 0.00018899999849963933
vertex 5.3881922212895006e-05 0.00017847139679361135 0.00018899999849963933
vertex 5.383147072279826e-05 0.00017855556507129222 0.00018899999849963933
endloop
endfacet
facet normal 0.0 0.0 0.0
outer loop
vertex 5.2999999752501026e-05 0.00017800000205170363 0.00018899999849963933
vertex 5.383147072279826e-05 0.00017855556507129222 0.00018899999849963933
vertex 5.37730120413471e-05 0.00017863439279608428 0.00018899999849963933
endloop
endfacet
facet normal 0.0 0.0 0.0
outer loop
vertex 5.2999999752501026e-05 0.00017800000205170363 0.00018899999849963933
vertex 5.37730120413471e-05 0.00017863439279608428 0.00018899999849963933
vertex 5.370710641727783e-05 0.00017870710871648043 0.00018899999849963933
endloop
endfacet
facet normal 0.0 0.0 0.0
outer loop
vertex 5.2999999752501026e-05 0.00017800000205170363 0.00018899999849963933
vertex 5.370710641727783e-05 0.00017870710871648043 0.00018899999849963933
vertex 5.3634394134860486e-05 0.0001787730143405497 0.00018899999849963933
endloop
endfacet
facet normal 0.0 0.0 0.0
outer loop
vertex 5.2999999752501026e-05 0.00017800000205170363 0.00018899999849963933
vertex 5.3634394134860486e-05 0.0001787730143405497 0.00018899999849963933
vertex 5.355557004804723e-05 0.00017883146938402206 0.00018899999849963933
endloop
endfacet
facet normal 0.0 0.0 0.0
outer loop
vertex 5.2999999752501026e-05 0.00017800000205170363 0.00018899999849963933
vertex 5.355557004804723e-05 0.00017883146938402206 0.00018899999849963933
vertex 5.347139813238755e-05 0.0001788819208741188 0.00018899999849963933
endloop
endfacet
facet normal 0.0 0.0 0.0
outer loop
vertex 5.2999999752501026e-05 0.00017800000205170363 0.00018899999849963933
vertex 5.347139813238755e-05 0.0001788819208741188 0.00018899999849963933
vertex 5.338268238119781e-05 0.0001789238740457222 0.00018899999849963933
endloop
endfacet
facet normal 0.0 0.0 0.0
outer loop
vertex 5.2999999752501026e-05 0.00017800000205170363 0.00018899999849963933
vertex 5.338268238119781e-05 0.0001789238740457222 0.00018899999849963933
vertex 5.3290284995455295e-05 0.00017895693599712104 0.00018899999849963933
endloop
endfacet
facet normal 0.0 0.0 0.0
outer loop
vertex 5.2999999752501026e-05 0.00017800000205170363 0.00018899999849963933
vertex 5.3290284995455295e-05 0.00017895693599712104 0.00018899999849963933
vertex 5.3195090004010126e-05 0.00017898078658618033 0.00018899999849963933
endloop
endfacet
facet normal 0.0 0.0 0.0
outer loop
vertex 5.2999999752501026e-05 0.00017800000205170363 0.00018899999849963933
vertex 5.3195090004010126e-05 0.00017898078658618033 0.00018899999849963933
vertex 5.30980178155005e-05 0.00017899517843034118 0.00018899999849963933
endloop
endfacet
facet normal 0.0 0.0 0.0
outer loop
vertex 5.2999999752501026e-05 0.00017800000205170363 0.00018899999849963933
vertex 5.30980178155005e-05 0.00017899517843034118 0.00018899999849963933
vertex 5.2999999752501026e-05 0.00017899999511428177 0.00018899999849963933
endloop
endfacet
facet normal 0.0 0.0 0.0
outer loop
vertex 5.2999999752501026e-05 0.00017800000205170363 0.00018899999849963933
vertex 5.2999999752501026e-05 0.00017899999511428177 0.00018899999849963933
vertex 5.2901981689501554e-05 0.00017899517843034118 0.00018899999849963933
endloop
endfacet
facet normal 0.0 0.0 0.0
outer loop
vertex 5.2999999752501026e-05 0.00017800000205170363 0.00018899999849963933
vertex 5.2901981689501554e-05 0.00017899517843034118 0.00018899999849963933
vertex 5.2804909500991926e-05 0.00017898078658618033 0.00018899999849963933
endloop
endfacet
facet normal 0.0 0.0 0.0
outer loop
vertex 5.2999999752501026e-05 0.00017800000205170363 0.00018899999849963933
vertex 5.2804909500991926e-05 0.00017898078658618033 0.00018899999849963933
vertex 5.270971450954676e-05 0.00017895693599712104 0.00018899999849963933
endloop
endfacet
facet normal 0.0 0.0 0.0
outer loop
vertex 5.2999999752501026e-05 0.00017800000205170363 0.00018899999849963933
vertex 5.270971450954676e-05 0.00017895693599712104 0.00018899999849963933
vertex 5.261731712380424e-05 0.0001789238740457222 0.00018899999849963933
endloop
endfacet
facet normal 0.0 0.0 0.0
outer loop
vertex 5.2999999752501026e-05 0.00017800000205170363 0.00018899999849963933
vertex 5.261731712380424e-05 0.0001789238740457222 0.00018899999849963933
vertex 5.252860501059331e-05 0.0001788819208741188 0.00018899999849963933
endloop
endfacet
facet normal 0.0 0.0 0.0
outer loop
vertex 5.2999999752501026e-05 0.00017800000205170363 0.00018899999849963933
vertex 5.252860501059331e-05 0.0001788819208741188 0.00018899999849963933
vertex 5.244442945695482e-05 0.00017883146938402206 0.00018899999849963933
endloop
endfacet
facet normal 0.0 0.0 0.0
outer loop
vertex 5.2999999752501026e-05 0.00017800000205170363 0.00018899999849963933
vertex 5.244442945695482e-05 0.00017883146938402206 0.00018899999849963933
vertex 5.2365605370141566e-05 0.0001787730143405497 0.00018899999849963933
endloop
endfacet
facet normal 0.0 0.0 0.0
outer loop
vertex 5.2999999752501026e-05 0.00017800000205170363 0.00018899999849963933
vertex 5.2365605370141566e-05 0.0001787730143405497 0.00018899999849963933
vertex 5.2292893087724224e-05 0.00017870710871648043 0.00018899999849963933
endloop
endfacet
facet normal 0.0 0.0 0.0
outer loop
vertex 5.2999999752501026e-05 0.00017800000205170363 0.00018899999849963933
vertex 5.2292893087724224e-05 0.00017870710871648043 0.00018899999849963933
vertex 5.222699110163376e-05 0.00017863439279608428 0.00018899999849963933
endloop
endfacet
facet normal 0.0 0.0 0.0
outer loop
vertex 5.2999999752501026e-05 0.00017800000205170363 0.00018899999849963933
vertex 5.222699110163376e-05 0.00017863439279608428 0.00018899999849963933
vertex 5.2168528782203794e-05 0.00017855556507129222 0.00018899999849963933
endloop
endfacet
facet normal 0.0 0.0 0.0
outer loop
vertex 5.2999999752501026e-05 0.00017800000205170363 0.00018899999849963933
vertex 5.2168528782203794e-05 0.00017855556507129222 0.00018899999849963933
vertex 5.2118077292107046e-05 0.00017847139679361135 0.00018899999849963933
endloop
endfacet
facet normal 0.0 0.0 0.0
outer loop
vertex 5.2999999752501026e-05 0.00017800000205170363 0.00018899999849963933
vertex 5.2118077292107046e-05 0.00017847139679361135 0.00018899999849963933
vertex 5.207612048252486e-05 0.00017838268831837922 0.00018899999849963933
endloop
endfacet
facet normal 0.0 0.0 0.0
outer loop
vertex 5.2999999752501026e-05 0.00017800000205170363 0.00018899999849963933
vertex 5.207612048252486e-05 0.00017838268831837922 0.00018899999849963933
vertex 5.204305853112601e-05 0.0001782902836566791 0.00018899999849963933
endloop
endfacet
facet normal 0.0 0.0 0.0
outer loop
vertex 5.2999999752501026e-05 0.00017800000205170363 0.00018899999849963933
vertex 5.204305853112601e-05 0.0001782902836566791 0.00018899999849963933
vertex 5.201921521802433e-05 0.00017819508502725512 0.00018899999849963933
endloop
endfacet
facet normal 0.0 0.0 0.0
outer loop
vertex 5.2999999752501026e-05 0.00017800000205170363 0.00018899999849963933
vertex 5.201921521802433e-05 0.00017819508502725512 0.00018899999849963933
vertex 5.200481609790586e-05 0.0001780980237526819 0.00018899999849963933
endloop
endfacet
facet normal 0.0 0.0 0.0
outer loop
vertex 5.2999999752501026e-05 0.00017800000205170363 0.00018899999849963933
vertex 5.200481609790586e-05 0.0001780980237526819 0.00018899999849963933
vertex 5.199999941396527e-05 0.00017800000205170363 0.00018899999849963933
endloop
endfacet
facet normal 0.0 0.0 0.0
outer loop
vertex 5.2999999752501026e-05 0.00017800000205170363 0.00018899999849963933
vertex 5.199999941396527e-05 0.00017800000205170363 0.00018899999849963933
vertex 5.200481609790586e-05 0.00017790198035072535 0.00018899999849963933
endloop
endfacet
facet normal 0.0 0.0 0.0
outer loop
vertex 5.2999999752501026e-05 0.00017800000205170363 0.00018899999849963933
vertex 5.200481609790586e-05 0.00017790198035072535 0.00018899999849963933
vertex 5.201921521802433e-05 0.00017780490452423692 0.00018899999849963933
endloop
endfacet
facet normal 0.0 0.0 0.0
outer loop
vertex 5.2999999752501026e-05 0.00017800000205170363 0.00018899999849963933
vertex 5.201921521802433e-05 0.00017780490452423692 0.00018899999849963933
vertex 5.204305853112601e-05 0.00017770972044672817 0.00018899999849963933
endloop
endfacet
facet normal 0.0 0.0 0.0
outer loop
vertex 5.2999999752501026e-05 0.00017800000205170363 0.00018899999849963933
vertex 5.204305853112601e-05 0.00017770972044672817 0.00018899999849963933
vertex 5.207612048252486e-05 0.00017761731578502804 0.00018899999849963933
endloop
endfacet
facet normal 0.0 0.0 0.0
outer loop
vertex 5.2999999752501026e-05 0.00017800000205170363 0.00018899999849963933
vertex 5.207612048252486e-05 0.00017761731578502804 0.00018899999849963933
vertex 5.2118077292107046e-05 0.00017752860730979592 0.00018899999849963933
endloop
endfacet
facet normal 0.0 0.0 0.0
outer loop
vertex 5.2999999752501026e-05 0.00017800000205170363 0.00018899999849963933
vertex 5.2118077292107046e-05 0.00017752860730979592 0.00018899999849963933
vertex 5.2168528782203794e-05 0.00017744442448019981 0.00018899999849963933
endloop
endfacet
facet normal 0.0 0.0 0.0
outer loop
vertex 5.2999999752501026e-05 0.00017800000205170363 0.00018899999849963933
vertex 5.2168528782203794e-05 0.00017744442448019981 0.00018899999849963933
vertex 5.222699110163376e-05 0.00017736561130732298 0.00018899999849963933
endloop
endfacet
facet normal 0.0 0.0 0.0
outer loop
vertex 5.2999999752501026e-05 0.00017800000205170363 0.00018899999849963933
vertex 5.222699110163376e-05 0.00017736561130732298 0.00018899999849963933
vertex 5.2292893087724224e-05 0.00017729289538692683 0.00018899999849963933
endloop
endfacet
facet normal 0.0 0.0 0.0
outer loop
vertex 5.2999999752501026e-05 0.00017800000205170363 0.00018899999849963933
vertex 5.2292893087724224e-05 0.00017729289538692683 0.00018899999849963933
vertex 5.2365605370141566e-05 0.00017722698976285756 0.00018899999849963933
endloop
endfacet
facet normal 0.0 0.0 0.0
outer loop
vertex 5.2999999752501026e-05 0.00017800000205170363 0.00018899999849963933
vertex 5.2365605370141566e-05 0.00017722698976285756 0.00018899999849963933
vertex 5.244442945695482e-05 0.0001771685347193852 0.00018899999849963933
endloop
endfacet
facet normal 0.0 0.0 0.0
outer loop
vertex 5.2999999752501026e-05 0.00017800000205170363 0.00018899999849963933
vertex 5.244442945695482e-05 0.0001771685347193852 0.00018899999849963933
vertex 5.252860501059331e-05 0.00017711808322928846 0.00018899999849963933
endloop
endfacet
facet normal 0.0 0.0 0.0
outer loop
vertex 5.2999999752501026e-05 0.00017800000205170363 0.00018899999849963933
vertex 5.252860501059331e-05 0.00017711808322928846 0.00018899999849963933
vertex 5.261731712380424e-05 0.00017707611550576985 0.00018899999849963933
endloop
endfacet
facet normal 0.0 0.0 0.0
outer loop
vertex 5.2999999752501026e-05 0.00017800000205170363 0.00018899999849963933
vertex 5.261731712380424e-05 0.00017707611550576985 0.00018899999849963933
vertex 5.270971450954676e-05 0.000177043053554371 0.00018899999849963933
endloop
endfacet
facet normal 0.0 0.0 0.0
outer loop
vertex 5.2999999752501026e-05 0.00017800000205170363 0.00018899999849963933
vertex 5.270971450954676e-05 0.000177043053554371 0.00018899999849963933
vertex 5.2804909500991926e-05 0.00017701921751722693 0.00018899999849963933
endloop
endfacet
facet normal 0.0 0.0 0.0
outer loop
vertex 5.2999999752501026e-05 0.00017800000205170363 0.00018899999849963933
vertex 5.2804909500991926e-05 0.00017701921751722693 0.00018899999849963933
vertex 5.2901981689501554e-05 0.00017700481112115085 0.00018899999849963933
endloop
endfacet
facet normal 0.0 0.0 0.0
outer loop
vertex 5.2999999752501026e-05 0.00017800000205170363 0.00018899999849963933
vertex 5.2901981689501554e-05 0.00017700481112115085 0.00018899999849963933
vertex 5.2999999752501026e-05 0.00017699999443721026 0.00018899999849963933
endloop
endfacet
facet normal 0.0 0.0 0.0
outer loop
vertex 5.2999999752501026e-05 0.00017800000205170363 0.00018899999849963933
vertex 5.2999999752501026e-05 0.00017699999443721026 0.00018899999849963933
vertex 5.30980178155005e-05 0.00017700481112115085 0.00018899999849963933
endloop
endfacet
facet normal 0.0 0.0 0.0
outer loop
vertex 5.2999999752501026e-05 0.00017800000205170363 0.00018899999849963933
vertex 5.30980178155005e-05 0.00017700481112115085 0.00018899999849963933
vertex 5.3195090004010126e-05 0.00017701921751722693 0.00018899999849963933
endloop
endfacet
facet normal 0.0 0.0 0.0
outer loop
vertex 5.2999999752501026e-05 0.00017800000205170363 0.00018899999849963933
vertex 5.3195090004010126e-05 0.00017701921751722693 0.00018899999849963933
vertex 5.3290284995455295e-05 0.000177043053554371 0.00018899999849963933
endloop
endfacet
facet normal 0.0 0.0 0.0
outer loop
vertex 5.2999999752501026e-05 0.00017800000205170363 0.00018899999849963933
vertex 5.3290284995455295e-05 0.000177043053554371 0.00018899999849963933
vertex 5.338268238119781e-05 0.00017707611550576985 0.00018899999849963933
endloop
endfacet
facet normal 0.0 0.0 0.0
outer loop
vertex 5.2999999752501026e-05 0.00017800000205170363 0.00018899999849963933
vertex 5.338268238119781e-05 0.00017707611550576985 0.00018899999849963933
vertex 5.347139813238755e-05 0.00017711808322928846 0.00018899999849963933
endloop
endfacet
facet normal 0.0 0.0 0.0
outer loop
vertex 5.2999999752501026e-05 0.00017800000205170363 0.00018899999849963933
vertex 5.347139813238755e-05 0.00017711808322928846 0.00018899999849963933
vertex 5.355557004804723e-05 0.0001771685347193852 0.00018899999849963933
endloop
endfacet
facet normal 0.0 0.0 0.0
outer loop
vertex 5.2999999752501026e-05 0.00017800000205170363 0.00018899999849963933
vertex 5.355557004804723e-05 0.0001771685347193852 0.00018899999849963933
vertex 5.3634394134860486e-05 0.00017722698976285756 0.00018899999849963933
endloop
endfacet
facet normal 0.0 0.0 0.0
outer loop
vertex 5.2999999752501026e-05 0.00017800000205170363 0.00018899999849963933
vertex 5.3634394134860486e-05 0.00017722698976285756 0.00018899999849963933
vertex 5.370710641727783e-05 0.00017729289538692683 0.00018899999849963933
endloop
endfacet
facet normal 0.0 0.0 0.0
outer loop
vertex 5.2999999752501026e-05 0.00017800000205170363 0.00018899999849963933
vertex 5.370710641727783e-05 0.00017729289538692683 0.00018899999849963933
vertex 5.37730120413471e-05 0.00017736561130732298 0.00018899999849963933
endloop
endfacet
facet normal 0.0 0.0 0.0
outer loop
vertex 5.2999999752501026e-05 0.00017800000205170363 0.00018899999849963933
vertex 5.37730120413471e-05 0.00017736561130732298 0.00018899999849963933
vertex 5.383147072279826e-05 0.00017744442448019981 0.00018899999849963933
endloop
endfacet
facet normal 0.0 0.0 0.0
outer loop
vertex 5.2999999752501026e-05 0.00017800000205170363 0.00018899999849963933
vertex 5.383147072279826e-05 0.00017744442448019981 0.00018899999849963933
vertex 5.3881922212895006e-05 0.00017752860730979592 0.00018899999849963933
endloop
endfacet
facet normal 0.0 0.0 0.0
outer loop
vertex 5.2999999752501026e-05 0.00017800000205170363 0.00018899999849963933
vertex 5.3881922212895006e-05 0.00017752860730979592 0.00018899999849963933
vertex 5.3923879022477195e-05 0.00017761731578502804 0.00018899999849963933
endloop
endfacet
facet normal 0.0 0.0 0.0
outer loop
vertex 5.2999999752501026e-05 0.00017800000205170363 0.00018899999849963933
vertex 5.3923879022477195e-05 0.00017761731578502804 0.00018899999849963933
vertex 5.3956940973876044e-05 0.00017770972044672817 0.00018899999849963933
endloop
endfacet
facet normal 0.0 0.0 0.0
outer loop
vertex 5.2999999752501026e-05 0.00017800000205170363 0.00018899999849963933
vertex 5.3956940973876044e-05 0.00017770972044672817 0.00018899999849963933
vertex 5.398078428697772e-05 0.00017780490452423692 0.00018899999849963933
endloop
endfacet
facet normal 0.0 0.0 0.0
outer loop
vertex 5.2999999752501026e-05 0.00017800000205170363 0.00018899999849963933
vertex 5.398078428697772e-05 0.00017780490452423692 0.00018899999849963933
vertex 5.399518340709619e-05 0.00017790198035072535 0.00018899999849963933
endloop
endfacet
facet normal 0.0 0.0 0.0
outer loop
vertex 5.2999999752501026e-05 0.00017800000205170363 0.00018899999849963933
vertex 5.399518340709619e-05 0.00017790198035072535 0.00018899999849963933
vertex 5.400000009103678e-05 0.00017800000205170363 0.00018899999849963933
endloop
endfacet
facet normal 0.99879486359366 0.04907973572587611 -0.0
outer loop
vertex 5.400000009103678e-05 0.00013600000238511711 3.999999989900971e-06
vertex 5.399518340709619e-05 0.0001360980240860954 3.999999989900971e-06
vertex 5.399518340709619e-05 0.0001360980240860954 0.00018899999849963933
endloop
endfacet
facet normal 0.99879486359366 0.04907973572587611 0.0
outer loop
vertex 5.400000009103678e-05 0.00013600000238511711 3.999999989900971e-06
vertex 5.399518340709619e-05 0.0001360980240860954 0.00018899999849963933
vertex 5.400000009103678e-05 0.00013600000238511711 0.00018899999849963933
endloop
endfacet
facet normal 0.9891743796892998 0.14674483488794035 -0.0
outer loop
vertex 5.399518340709619e-05 0.0001360980240860954 3.999999989900971e-06
vertex 5.398078428697772e-05 0.0001361950853606686 3.999999989900971e-06
vertex 5.398078428697772e-05 0.0001361950853606686 0.00018899999849963933
endloop
endfacet
facet normal 0.9891743796892998 0.14674483488794035 0.0
outer loop
vertex 5.399518340709619e-05 0.0001360980240860954 3.999999989900971e-06
vertex 5.398078428697772e-05 0.0001361950853606686 0.00018899999849963933
vertex 5.399518340709619e-05 0.0001360980240860954 0.00018899999849963933
endloop
endfacet
facet normal 0.9700377426519038 0.24295427106926695 -0.0
outer loop
vertex 5.398078428697772e-05 0.0001361950853606686 3.999999989900971e-06
vertex 5.3956940973876044e-05 0.00013629028399009258 3.999999989900971e-06
vertex 5.3956940973876044e-05 0.00013629028399009258 0.00018899999849963933
endloop
endfacet
facet normal 0.9700377426519038 0.24295427106926695 0.0
outer loop
vertex 5.398078428697772e-05 0.0001361950853606686 3.999999989900971e-06
vertex 5.3956940973876044e-05 0.00013629028399009258 0.00018899999849963933
vertex 5.398078428697772e-05 0.0001361950853606686 0.00018899999849963933
endloop
endfacet
facet normal 0.9415471848166681 0.3368811344729874 -0.0
outer loop
vertex 5.3956940973876044e-05 0.00013629028399009258 3.999999989900971e-06
vertex 5.3923879022477195e-05 0.0001363826886517927 3.999999989900971e-06
vertex 5.3923879022477195e-05 0.0001363826886517927 0.00018899999849963933
endloop
endfacet
facet normal 0.9415471848166681 0.3368811344729874 0.0
outer loop
vertex 5.3956940973876044e-05 0.00013629028399009258 3.999999989900971e-06
vertex 5.3923879022477195e-05 0.0001363826886517927 0.00018899999849963933
vertex 5.3956940973876044e-05 0.00013629028399009258 0.00018899999849963933
endloop
endfacet
facet normal 0.9039860418083182 0.4275619676909176 -0.0
outer loop
vertex 5.3923879022477195e-05 0.0001363826886517927 3.999999989900971e-06
vertex 5.3881922212895006e-05 0.00013647139712702483 3.999999989900971e-06
vertex 5.3881922212895006e-05 0.00013647139712702483 0.00018899999849963933
endloop
endfacet
facet normal 0.9039860418083182 0.4275619676909176 0.0
outer loop
vertex 5.3923879022477195e-05 0.0001363826886517927 3.999999989900971e-06
vertex 5.3881922212895006e-05 0.00013647139712702483 0.00018899999849963933
vertex 5.3923879022477195e-05 0.0001363826886517927 0.00018899999849963933
endloop
endfacet
facet normal 0.8577152821083818 0.514124979783845 -0.0
outer loop
vertex 5.3881922212895006e-05 0.00013647139712702483 3.999999989900971e-06
vertex 5.383147072279826e-05 0.0001365555654047057 3.999999989900971e-06
vertex 5.383147072279826e-05 0.0001365555654047057 0.00018899999849963933
endloop
endfacet
facet normal 0.8577152821083818 0.514124979783845 0.0
outer loop
vertex 5.3881922212895006e-05 0.00013647139712702483 3.999999989900971e-06
vertex 5.383147072279826e-05 0.0001365555654047057 0.00018899999849963933
vertex 5.3881922212895006e-05 0.00013647139712702483 0.00018899999849963933
endloop
endfacet
facet normal 0.8032267583559691 0.5956733791776846 -0.0
outer loop
vertex 5.383147072279826e-05 0.0001365555654047057 3.999999989900971e-06
vertex 5.37730120413471e-05 0.00013663439312949777 3.999999989900971e-06
vertex 5.37730120413471e-05 0.00013663439312949777 0.00018899999849963933
endloop
endfacet
facet normal 0.8032267583559691 0.5956733791776846 0.0
outer loop
vertex 5.383147072279826e-05 0.0001365555654047057 3.999999989900971e-06
vertex 5.37730120413471e-05 0.00013663439312949777 0.00018899999849963933
vertex 5.383147072279826e-05 0.0001365555654047057 0.00018899999849963933
endloop
endfacet
facet normal 0.74095236516813 0.6715575869214451 -0.0
outer loop
vertex 5.37730120413471e-05 0.00013663439312949777 3.999999989900971e-06
vertex 5.370710641727783e-05 0.00013670710904989392 3.999999989900971e-06
vertex 5.370710641727783e-05 0.00013670710904989392 0.00018899999849963933
endloop
endfacet
facet normal 0.74095236516813 0.6715575869214451 0.0
outer loop
vertex 5.37730120413471e-05 0.00013663439312949777 3.999999989900971e-06
vertex 5.370710641727783e-05 0.00013670710904989392 0.00018899999849963933
vertex 5.37730120413471e-05 0.00013663439312949777 0.00018899999849963933
endloop
endfacet
facet normal 0.6715760328926187 0.7409356463581789 -0.0
outer loop
vertex 5.370710641727783e-05 0.00013670710904989392 3.999999989900971e-06
vertex 5.3634394134860486e-05 0.0001367730146739632 3.999999989900971e-06
vertex 5.3634394134860486e-05 0.0001367730146739632 0.00018899999849963933
endloop
endfacet
facet normal 0.6715760328926187 0.7409356463581789 0.0
outer loop
vertex 5.370710641727783e-05 0.00013670710904989392 3.999999989900971e-06
vertex 5.3634394134860486e-05 0.0001367730146739632 0.00018899999849963933
vertex 5.370710641727783e-05 0.00013670710904989392 0.00018899999849963933
endloop
endfacet
facet normal 0.5956671988560334 0.8032313416488471 -0.0
outer loop
vertex 5.3634394134860486e-05 0.0001367730146739632 3.999999989900971e-06
vertex 5.355557004804723e-05 0.00013683146971743554 3.999999989900971e-06
vertex 5.355557004804723e-05 0.00013683146971743554 0.00018899999849963933
endloop
endfacet
facet normal 0.5956671988560334 0.8032313416488471 0.0
outer loop
vertex 5.3634394134860486e-05 0.0001367730146739632 3.999999989900971e-06
vertex 5.355557004804723e-05 0.00013683146971743554 0.00018899999849963933
vertex 5.3634394134860486e-05 0.0001367730146739632 0.00018899999849963933
endloop
endfacet
facet normal 0.5141086321313505 0.8577250808785013 -0.0
outer loop
vertex 5.355557004804723e-05 0.00013683146971743554 3.999999989900971e-06
vertex 5.347139813238755e-05 0.0001368819212075323 3.999999989900971e-06
vertex 5.347139813238755e-05 0.0001368819212075323 0.00018899999849963933
endloop
endfacet
facet normal 0.5141086321313505 0.8577250808785013 0.0
outer loop
vertex 5.355557004804723e-05 0.00013683146971743554 3.999999989900971e-06
vertex 5.347139813238755e-05 0.0001368819212075323 0.00018899999849963933
vertex 5.355557004804723e-05 0.00013683146971743554 0.00018899999849963933
endloop
endfacet
facet normal 0.4275030160411486 0.9040139220585718 -0.0
outer loop
vertex 5.347139813238755e-05 0.0001368819212075323 3.999999989900971e-06
vertex 5.338268238119781e-05 0.00013692387437913567 3.999999989900971e-06
vertex 5.338268238119781e-05 0.00013692387437913567 0.00018899999849963933
endloop
endfacet
facet normal 0.4275030160411486 0.9040139220585718 0.0
outer loop
vertex 5.347139813238755e-05 0.0001368819212075323 3.999999989900971e-06
vertex 5.338268238119781e-05 0.00013692387437913567 0.00018899999849963933
vertex 5.347139813238755e-05 0.0001368819212075323 0.00018899999849963933
endloop
endfacet
facet normal 0.3369046516681994 0.9415387701440281 -0.0
outer loop
vertex 5.338268238119781e-05 0.00013692387437913567 3.999999989900971e-06
vertex 5.3290284995455295e-05 0.00013695693633053452 3.999999989900971e-06
vertex 5.3290284995455295e-05 0.00013695693633053452 0.00018899999849963933
endloop
endfacet
facet normal 0.3369046516681994 0.9415387701440281 0.0
outer loop
vertex 5.338268238119781e-05 0.00013692387437913567 3.999999989900971e-06
vertex 5.3290284995455295e-05 0.00013695693633053452 0.00018899999849963933
vertex 5.338268238119781e-05 0.00013692387437913567 0.00018899999849963933
endloop
endfacet
facet normal 0.24303277109162985 0.9700180782725256 -0.0
outer loop
vertex 5.3290284995455295e-05 0.00013695693633053452 3.999999989900971e-06
vertex 5.3195090004010126e-05 0.0001369807869195938 3.999999989900971e-06
vertex 5.3195090004010126e-05 0.0001369807869195938 0.00018899999849963933
endloop
endfacet
facet normal 0.24303277109162985 0.9700180782725256 0.0
outer loop
vertex 5.3290284995455295e-05 0.00013695693633053452 3.999999989900971e-06
vertex 5.3195090004010126e-05 0.0001369807869195938 0.00018899999849963933
vertex 5.3290284995455295e-05 0.00013695693633053452 0.00018899999849963933
endloop
endfacet
facet normal 0.14665614363933555 0.9891875330455991 -0.0
outer loop
vertex 5.3195090004010126e-05 0.0001369807869195938 3.999999989900971e-06
vertex 5.30980178155005e-05 0.00013699517876375467 3.999999989900971e-06
vertex 5.30980178155005e-05 0.00013699517876375467 0.00018899999849963933
endloop
endfacet
facet normal 0.14665614363933555 0.9891875330455991 0.0
outer loop
vertex 5.3195090004010126e-05 0.0001369807869195938 3.999999989900971e-06
vertex 5.30980178155005e-05 0.00013699517876375467 0.00018899999849963933
vertex 5.3195090004010126e-05 0.0001369807869195938 0.00018899999849963933
endloop
endfacet
facet normal 0.04908155295131086 0.9987947742954444 -0.0
outer loop
vertex 5.30980178155005e-05 0.00013699517876375467 3.999999989900971e-06
vertex 5.2999999752501026e-05 0.00013699999544769526 3.999999989900971e-06
vertex 5.2999999752501026e-05 0.00013699999544769526 0.00018899999849963933
endloop
endfacet
facet normal 0.04908155295131086 0.9987947742954444 0.0
outer loop
vertex 5.30980178155005e-05 0.00013699517876375467 3.999999989900971e-06
vertex 5.2999999752501026e-05 0.00013699999544769526 0.00018899999849963933
vertex 5.30980178155005e-05 0.00013699517876375467 0.00018899999849963933
endloop
endfacet
facet normal -0.04908155295131086 0.9987947742954444 0.0
outer loop
vertex 5.2999999752501026e-05 0.00013699999544769526 3.999999989900971e-06
vertex 5.2901981689501554e-05 0.00013699517876375467 3.999999989900971e-06
vertex 5.2901981689501554e-05 0.00013699517876375467 0.00018899999849963933
endloop
endfacet
facet normal -0.04908155295131086 0.9987947742954444 0.0
outer loop
vertex 5.2999999752501026e-05 0.00013699999544769526 3.999999989900971e-06
vertex 5.2901981689501554e-05 0.00013699517876375467 0.00018899999849963933
vertex 5.2999999752501026e-05 0.00013699999544769526 0.00018899999849963933
endloop
endfacet
facet normal -0.14665614363933555 0.9891875330455991 0.0
outer loop
vertex 5.2901981689501554e-05 0.00013699517876375467 3.999999989900971e-06
vertex 5.2804909500991926e-05 0.0001369807869195938 3.999999989900971e-06
vertex 5.2804909500991926e-05 0.0001369807869195938 0.00018899999849963933
endloop
endfacet
facet normal -0.14665614363933555 0.9891875330455991 0.0
outer loop
vertex 5.2901981689501554e-05 0.00013699517876375467 3.999999989900971e-06
vertex 5.2804909500991926e-05 0.0001369807869195938 0.00018899999849963933
vertex 5.2901981689501554e-05 0.00013699517876375467 0.00018899999849963933
endloop
endfacet
facet normal -0.24303277109162985 0.9700180782725256 0.0
outer loop
vertex 5.2804909500991926e-05 0.0001369807869195938 3.999999989900971e-06
vertex 5.270971450954676e-05 0.00013695693633053452 3.999999989900971e-06
vertex 5.270971450954676e-05 0.00013695693633053452 0.00018899999849963933
endloop
endfacet
facet normal -0.24303277109162985 0.9700180782725256 0.0
outer loop
vertex 5.2804909500991926e-05 0.0001369807869195938 3.999999989900971e-06
vertex 5.270971450954676e-05 0.00013695693633053452 0.00018899999849963933
vertex 5.2804909500991926e-05 0.0001369807869195938 0.00018899999849963933
endloop
endfacet
facet normal -0.3369046516681994 0.9415387701440281 0.0
outer loop
vertex 5.270971450954676e-05 0.00013695693633053452 3.999999989900971e-06
vertex 5.261731712380424e-05 0.00013692387437913567 3.999999989900971e-06
vertex 5.261731712380424e-05 0.00013692387437913567 0.00018899999849963933
endloop
endfacet
facet normal -0.3369046516681994 0.9415387701440281 0.0
outer loop
vertex 5.270971450954676e-05 0.00013695693633053452 3.999999989900971e-06
vertex 5.261731712380424e-05 0.00013692387437913567 0.00018899999849963933
vertex 5.270971450954676e-05 0.00013695693633053452 0.00018899999849963933
endloop
endfacet
facet normal -0.42751734325615237 0.9040071466615743 0.0
outer loop
vertex 5.261731712380424e-05 0.00013692387437913567 3.999999989900971e-06
vertex 5.252860501059331e-05 0.0001368819212075323 3.999999989900971e-06
vertex 5.252860501059331e-05 0.0001368819212075323 0.00018899999849963933
endloop
endfacet
facet normal -0.42751734325615237 0.9040071466615743 0.0
outer loop
vertex 5.261731712380424e-05 0.00013692387437913567 3.999999989900971e-06
vertex 5.252860501059331e-05 0.0001368819212075323 0.00018899999849963933
vertex 5.261731712380424e-05 0.00013692387437913567 0.00018899999849963933
endloop
endfacet
facet normal -0.5140922853317047 0.8577348787139445 0.0
outer loop
vertex 5.252860501059331e-05 0.0001368819212075323 3.999999989900971e-06
vertex 5.244442945695482e-05 0.00013683146971743554 3.999999989900971e-06
vertex 5.244442945695482e-05 0.00013683146971743554 0.00018899999849963933
endloop
endfacet
facet normal -0.5140922853317047 0.8577348787139445 0.0
outer loop
vertex 5.252860501059331e-05 0.0001368819212075323 3.999999989900971e-06
vertex 5.244442945695482e-05 0.00013683146971743554 0.00018899999849963933
vertex 5.252860501059331e-05 0.0001368819212075323 0.00018899999849963933
endloop
endfacet
facet normal -0.5956671988560334 0.8032313416488471 0.0
outer loop
vertex 5.244442945695482e-05 0.00013683146971743554 3.999999989900971e-06
vertex 5.2365605370141566e-05 0.0001367730146739632 3.999999989900971e-06
vertex 5.2365605370141566e-05 0.0001367730146739632 0.00018899999849963933
endloop
endfacet
facet normal -0.5956671988560334 0.8032313416488471 0.0
outer loop
vertex 5.244442945695482e-05 0.00013683146971743554 3.999999989900971e-06
vertex 5.2365605370141566e-05 0.0001367730146739632 0.00018899999849963933
vertex 5.244442945695482e-05 0.00013683146971743554 0.00018899999849963933
endloop
endfacet
facet normal -0.6715760328926187 0.7409356463581789 0.0
outer loop
vertex 5.2365605370141566e-05 0.0001367730146739632 3.999999989900971e-06
vertex 5.2292893087724224e-05 0.00013670710904989392 3.999999989900971e-06
vertex 5.2292893087724224e-05 0.00013670710904989392 0.00018899999849963933
endloop
endfacet
facet normal -0.6715760328926187 0.7409356463581789 0.0
outer loop
vertex 5.2365605370141566e-05 0.0001367730146739632 3.999999989900971e-06
vertex 5.2292893087724224e-05 0.00013670710904989392 0.00018899999849963933
vertex 5.2365605370141566e-05 0.0001367730146739632 0.00018899999849963933
endloop
endfacet
facet normal -0.740970811020441 0.671537234422418 0.0
outer loop
vertex 5.2292893087724224e-05 0.00013670710904989392 3.999999989900971e-06
vertex 5.222699110163376e-05 0.00013663439312949777 3.999999989900971e-06
vertex 5.222699110163376e-05 0.00013663439312949777 0.00018899999849963933
endloop
endfacet
facet normal -0.740970811020441 0.671537234422418 0.0
outer loop
vertex 5.2292893087724224e-05 0.00013670710904989392 3.999999989900971e-06
vertex 5.222699110163376e-05 0.00013663439312949777 0.00018899999849963933
vertex 5.2292893087724224e-05 0.00013670710904989392 0.00018899999849963933
endloop
endfacet
facet normal -0.8032090219823352 0.5956972947782965 0.0
outer loop
vertex 5.222699110163376e-05 0.00013663439312949777 3.999999989900971e-06
vertex 5.2168528782203794e-05 0.0001365555654047057 3.999999989900971e-06
vertex 5.2168528782203794e-05 0.0001365555654047057 0.00018899999849963933
endloop
endfacet
facet normal -0.8032090219823352 0.5956972947782965 0.0
outer loop
vertex 5.222699110163376e-05 0.00013663439312949777 3.999999989900971e-06
vertex 5.2168528782203794e-05 0.0001365555654047057 0.00018899999849963933
vertex 5.222699110163376e-05 0.00013663439312949777 0.00018899999849963933
endloop
endfacet
facet normal -0.8577152821083818 0.514124979783845 0.0
outer loop
vertex 5.2168528782203794e-05 0.0001365555654047057 3.999999989900971e-06
vertex 5.2118077292107046e-05 0.00013647139712702483 3.999999989900971e-06
vertex 5.2118077292107046e-05 0.00013647139712702483 0.00018899999849963933
endloop
endfacet
facet normal -0.8577152821083818 0.514124979783845 0.0
outer loop
vertex 5.2168528782203794e-05 0.0001365555654047057 3.999999989900971e-06
vertex 5.2118077292107046e-05 0.00013647139712702483 0.00018899999849963933
vertex 5.2168528782203794e-05 0.0001365555654047057 0.00018899999849963933
endloop
endfacet
facet normal -0.9039860418083182 0.4275619676909176 0.0
outer loop
vertex 5.2118077292107046e-05 0.00013647139712702483 3.999999989900971e-06
vertex 5.207612048252486e-05 0.0001363826886517927 3.999999989900971e-06
vertex 5.207612048252486e-05 0.0001363826886517927 0.00018899999849963933
endloop
endfacet
facet normal -0.9039860418083182 0.4275619676909176 0.0
outer loop
vertex 5.2118077292107046e-05 0.00013647139712702483 3.999999989900971e-06
vertex 5.207612048252486e-05 0.0001363826886517927 0.00018899999849963933
vertex 5.2118077292107046e-05 0.00013647139712702483 0.00018899999849963933
endloop
endfacet
facet normal -0.9415471848166681 0.3368811344729874 0.0
outer loop
vertex 5.207612048252486e-05 0.0001363826886517927 3.999999989900971e-06
vertex 5.204305853112601e-05 0.00013629028399009258 3.999999989900971e-06
vertex 5.204305853112601e-05 0.00013629028399009258 0.00018899999849963933
endloop
endfacet
facet normal -0.9415471848166681 0.3368811344729874 0.0
outer loop
vertex 5.207612048252486e-05 0.0001363826886517927 3.999999989900971e-06
vertex 5.204305853112601e-05 0.00013629028399009258 0.00018899999849963933
vertex 5.207612048252486e-05 0.0001363826886517927 0.00018899999849963933
endloop
endfacet
facet normal -0.9700377426519038 0.24295427106926695 0.0
outer loop
vertex 5.204305853112601e-05 0.00013629028399009258 3.999999989900971e-06
vertex 5.201921521802433e-05 0.0001361950853606686 3.999999989900971e-06
vertex 5.201921521802433e-05 0.0001361950853606686 0.00018899999849963933
endloop
endfacet
facet normal -0.9700377426519038 0.24295427106926695 0.0
outer loop
vertex 5.204305853112601e-05 0.00013629028399009258 3.999999989900971e-06
vertex 5.201921521802433e-05 0.0001361950853606686 0.00018899999849963933
vertex 5.204305853112601e-05 0.00013629028399009258 0.00018899999849963933
endloop
endfacet
facet normal -0.9891743796892998 0.14674483488794035 0.0
outer loop
vertex 5.201921521802433e-05 0.0001361950853606686 3.999999989900971e-06
vertex 5.200481609790586e-05 0.0001360980240860954 3.999999989900971e-06
vertex 5.200481609790586e-05 0.0001360980240860954 0.00018899999849963933
endloop
endfacet
facet normal -0.9891743796892998 0.14674483488794035 0.0
outer loop
vertex 5.201921521802433e-05 0.0001361950853606686 3.999999989900971e-06
vertex 5.200481609790586e-05 0.0001360980240860954 0.00018899999849963933
vertex 5.201921521802433e-05 0.0001361950853606686 0.00018899999849963933
endloop
endfacet
facet normal -0.99879486359366 0.04907973572587611 0.0
outer loop
vertex 5.200481609790586e-05 0.0001360980240860954 3.999999989900971e-06
vertex 5.199999941396527e-05 0.00013600000238511711 3.999999989900971e-06
vertex 5.199999941396527e-05 0.00013600000238511711 0.00018899999849963933
endloop
endfacet
facet normal -0.99879486359366 0.04907973572587611 0.0
outer loop
vertex 5.200481609790586e-05 0.0001360980240860954 3.999999989900971e-06
vertex 5.199999941396527e-05 0.00013600000238511711 0.00018899999849963933
vertex 5.200481609790586e-05 0.0001360980240860954 0.00018899999849963933
endloop
endfacet
facet normal -0.99879486359366 -0.04907973572587611 0.0
outer loop
vertex 5.199999941396527e-05 0.00013600000238511711 3.999999989900971e-06
vertex 5.200481609790586e-05 0.00013590198068413883 3.999999989900971e-06
vertex 5.200481609790586e-05 0.00013590198068413883 0.00018899999849963933
endloop
endfacet
facet normal -0.99879486359366 -0.04907973572587611 0.0
outer loop
vertex 5.199999941396527e-05 0.00013600000238511711 3.999999989900971e-06
vertex 5.200481609790586e-05 0.00013590198068413883 0.00018899999849963933
vertex 5.199999941396527e-05 0.00013600000238511711 0.00018899999849963933
endloop
endfacet
facet normal -0.9891775725290161 -0.14672331105043643 0.0
outer loop
vertex 5.200481609790586e-05 0.00013590198068413883 3.999999989900971e-06
vertex 5.201921521802433e-05 0.0001358049048576504 3.999999989900971e-06
vertex 5.201921521802433e-05 0.0001358049048576504 0.00018899999849963933
endloop
endfacet
facet normal -0.9891775725290161 -0.14672331105043643 0.0
outer loop
vertex 5.200481609790586e-05 0.00013590198068413883 3.999999989900971e-06
vertex 5.201921521802433e-05 0.0001358049048576504 0.00018899999849963933
vertex 5.200481609790586e-05 0.00013590198068413883 0.00018899999849963933
endloop
endfacet
facet normal -0.9700289883629528 -0.24298922143903043 0.0
outer loop
vertex 5.201921521802433e-05 0.0001358049048576504 3.999999989900971e-06
vertex 5.204305853112601e-05 0.00013570972078014165 3.999999989900971e-06
vertex 5.204305853112601e-05 0.00013570972078014165 0.00018899999849963933
endloop
endfacet
facet normal -0.9700289883629528 -0.24298922143903043 0.0
outer loop
vertex 5.201921521802433e-05 0.0001358049048576504 3.999999989900971e-06
vertex 5.204305853112601e-05 0.00013570972078014165 0.00018899999849963933
vertex 5.201921521802433e-05 0.0001358049048576504 0.00018899999849963933
endloop
endfacet
facet normal -0.9415471848166681 -0.3368811344729874 0.0
outer loop
vertex 5.204305853112601e-05 0.00013570972078014165 3.999999989900971e-06
vertex 5.207612048252486e-05 0.00013561731611844152 3.999999989900971e-06
vertex 5.207612048252486e-05 0.00013561731611844152 0.00018899999849963933
endloop
endfacet
facet normal -0.9415471848166681 -0.3368811344729874 0.0
outer loop
vertex 5.204305853112601e-05 0.00013570972078014165 3.999999989900971e-06
vertex 5.207612048252486e-05 0.00013561731611844152 0.00018899999849963933
vertex 5.204305853112601e-05 0.00013570972078014165 0.00018899999849963933
endloop
endfacet
facet normal -0.9039860418083182 -0.4275619676909176 0.0
outer loop
vertex 5.207612048252486e-05 0.00013561731611844152 3.999999989900971e-06
vertex 5.2118077292107046e-05 0.0001355286076432094 3.999999989900971e-06
vertex 5.2118077292107046e-05 0.0001355286076432094 0.00018899999849963933
endloop
endfacet
facet normal -0.9039860418083182 -0.4275619676909176 0.0
outer loop
vertex 5.207612048252486e-05 0.00013561731611844152 3.999999989900971e-06
vertex 5.2118077292107046e-05 0.0001355286076432094 0.00018899999849963933
vertex 5.207612048252486e-05 0.00013561731611844152 0.00018899999849963933
endloop
endfacet
facet normal -0.8577544715812344 -0.5140595942907761 0.0
outer loop
vertex 5.2118077292107046e-05 0.0001355286076432094 3.999999989900971e-06
vertex 5.2168528782203794e-05 0.0001354444248136133 3.999999989900971e-06
vertex 5.2168528782203794e-05 0.0001354444248136133 0.00018899999849963933
endloop
endfacet
facet normal -0.8577544715812344 -0.5140595942907761 0.0
outer loop
vertex 5.2118077292107046e-05 0.0001355286076432094 3.999999989900971e-06
vertex 5.2168528782203794e-05 0.0001354444248136133 0.00018899999849963933
vertex 5.2118077292107046e-05 0.0001355286076432094 0.00018899999849963933
endloop
endfacet
facet normal -0.8031563961974532 -0.5957682462561426 0.0
outer loop
vertex 5.2168528782203794e-05 0.0001354444248136133 3.999999989900971e-06
vertex 5.222699110163376e-05 0.00013536561164073646 3.999999989900971e-06
vertex 5.222699110163376e-05 0.00013536561164073646 0.00018899999849963933
endloop
endfacet
facet normal -0.8031563961974532 -0.5957682462561426 0.0
outer loop
vertex 5.2168528782203794e-05 0.0001354444248136133 3.999999989900971e-06
vertex 5.222699110163376e-05 0.00013536561164073646 0.00018899999849963933
vertex 5.2168528782203794e-05 0.0001354444248136133 0.00018899999849963933
endloop
endfacet
facet normal -0.740970811020441 -0.671537234422418 0.0
outer loop
vertex 5.222699110163376e-05 0.00013536561164073646 3.999999989900971e-06
vertex 5.2292893087724224e-05 0.0001352928957203403 3.999999989900971e-06
vertex 5.2292893087724224e-05 0.0001352928957203403 0.00018899999849963933
endloop
endfacet
facet normal -0.740970811020441 -0.671537234422418 0.0
outer loop
vertex 5.222699110163376e-05 0.00013536561164073646 3.999999989900971e-06
vertex 5.2292893087724224e-05 0.0001352928957203403 0.00018899999849963933
vertex 5.222699110163376e-05 0.00013536561164073646 0.00018899999849963933
endloop
endfacet
facet normal -0.6715760328926187 -0.7409356463581789 0.0
outer loop
vertex 5.2292893087724224e-05 0.0001352928957203403 3.999999989900971e-06
vertex 5.2365605370141566e-05 0.00013522699009627104 3.999999989900971e-06
vertex 5.2365605370141566e-05 0.00013522699009627104 0.00018899999849963933
endloop
endfacet
facet normal -0.6715760328926187 -0.7409356463581789 0.0
outer loop
vertex 5.2292893087724224e-05 0.0001352928957203403 3.999999989900971e-06
vertex 5.2365605370141566e-05 0.00013522699009627104 0.00018899999849963933
vertex 5.2292893087724224e-05 0.0001352928957203403 0.00018899999849963933
endloop
endfacet
facet normal -0.5956671988560334 -0.8032313416488471 0.0
outer loop
vertex 5.2365605370141566e-05 0.00013522699009627104 3.999999989900971e-06
vertex 5.244442945695482e-05 0.0001351685350527987 3.999999989900971e-06
vertex 5.244442945695482e-05 0.0001351685350527987 0.00018899999849963933
endloop
endfacet
facet normal -0.5956671988560334 -0.8032313416488471 0.0
outer loop
vertex 5.2365605370141566e-05 0.00013522699009627104 3.999999989900971e-06
vertex 5.244442945695482e-05 0.0001351685350527987 0.00018899999849963933
vertex 5.2365605370141566e-05 0.00013522699009627104 0.00018899999849963933
endloop
endfacet
facet normal -0.5140922853317047 -0.8577348787139445 0.0
outer loop
vertex 5.244442945695482e-05 0.0001351685350527987 3.999999989900971e-06
vertex 5.252860501059331e-05 0.00013511808356270194 3.999999989900971e-06
vertex 5.252860501059331e-05 0.00013511808356270194 0.00018899999849963933
endloop
endfacet
facet normal -0.5140922853317047 -0.8577348787139445 0.0
outer loop
vertex 5.244442945695482e-05 0.0001351685350527987 3.999999989900971e-06
vertex 5.252860501059331e-05 0.00013511808356270194 0.00018899999849963933
vertex 5.244442945695482e-05 0.0001351685350527987 0.00018899999849963933
endloop
endfacet
facet normal -0.4276385178357317 -0.9039498316075172 0.0
outer loop
vertex 5.252860501059331e-05 0.00013511808356270194 3.999999989900971e-06
vertex 5.261731712380424e-05 0.00013507611583918333 3.999999989900971e-06
vertex 5.261731712380424e-05 0.00013507611583918333 0.00018899999849963933
endloop
endfacet
facet normal -0.4276385178357317 -0.9039498316075172 0.0
outer loop
vertex 5.252860501059331e-05 0.00013511808356270194 3.999999989900971e-06
vertex 5.261731712380424e-05 0.00013507611583918333 0.00018899999849963933
vertex 5.252860501059331e-05 0.00013511808356270194 0.00018899999849963933
endloop
endfacet
facet normal -0.3369046516681994 -0.9415387701440281 0.0
outer loop
vertex 5.261731712380424e-05 0.00013507611583918333 3.999999989900971e-06
vertex 5.270971450954676e-05 0.00013504305388778448 3.999999989900971e-06
vertex 5.270971450954676e-05 0.00013504305388778448 0.00018899999849963933
endloop
endfacet
facet normal -0.3369046516681994 -0.9415387701440281 0.0
outer loop
vertex 5.261731712380424e-05 0.00013507611583918333 3.999999989900971e-06
vertex 5.270971450954676e-05 0.00013504305388778448 0.00018899999849963933
vertex 5.261731712380424e-05 0.00013507611583918333 0.00018899999849963933
endloop
endfacet
facet normal -0.24289324063549647 -0.9700530262071178 0.0
outer loop
vertex 5.270971450954676e-05 0.00013504305388778448 3.999999989900971e-06
vertex 5.2804909500991926e-05 0.00013501921785064042 3.999999989900971e-06
vertex 5.2804909500991926e-05 0.00013501921785064042 0.00018899999849963933
endloop
endfacet
facet normal -0.24289324063549647 -0.9700530262071178 0.0
outer loop
vertex 5.270971450954676e-05 0.00013504305388778448 3.999999989900971e-06
vertex 5.2804909500991926e-05 0.00013501921785064042 0.00018899999849963933
vertex 5.270971450954676e-05 0.00013504305388778448 0.00018899999849963933
endloop
endfacet
facet normal -0.14680123684171248 -0.989166010769549 0.0
outer loop
vertex 5.2804909500991926e-05 0.00013501921785064042 3.999999989900971e-06
vertex 5.2901981689501554e-05 0.00013500481145456433 3.999999989900971e-06
vertex 5.2901981689501554e-05 0.00013500481145456433 0.00018899999849963933
endloop
endfacet
facet normal -0.14680123684171248 -0.989166010769549 0.0
outer loop
vertex 5.2804909500991926e-05 0.00013501921785064042 3.999999989900971e-06
vertex 5.2901981689501554e-05 0.00013500481145456433 0.00018899999849963933
vertex 5.2804909500991926e-05 0.00013501921785064042 0.00018899999849963933
endloop
endfacet
facet normal -0.04908155295131086 -0.9987947742954444 0.0
outer loop
vertex 5.2901981689501554e-05 0.00013500481145456433 3.999999989900971e-06
vertex 5.2999999752501026e-05 0.00013499999477062374 3.999999989900971e-06
vertex 5.2999999752501026e-05 0.00013499999477062374 0.00018899999849963933
endloop
endfacet
facet normal -0.04908155295131086 -0.9987947742954444 0.0
outer loop
vertex 5.2901981689501554e-05 0.00013500481145456433 3.999999989900971e-06
vertex 5.2999999752501026e-05 0.00013499999477062374 0.00018899999849963933
vertex 5.2901981689501554e-05 0.00013500481145456433 0.00018899999849963933
endloop
endfacet
facet normal 0.04908155295131086 -0.9987947742954444 0.0
outer loop
vertex 5.2999999752501026e-05 0.00013499999477062374 3.999999989900971e-06
vertex 5.30980178155005e-05 0.00013500481145456433 3.999999989900971e-06
vertex 5.30980178155005e-05 0.00013500481145456433 0.00018899999849963933
endloop
endfacet
facet normal 0.04908155295131086 -0.9987947742954444 0.0
outer loop
vertex 5.2999999752501026e-05 0.00013499999477062374 3.999999989900971e-06
vertex 5.30980178155005e-05 0.00013500481145456433 0.00018899999849963933
vertex 5.2999999752501026e-05 0.00013499999477062374 0.00018899999849963933
endloop
endfacet
facet normal 0.14680123684171248 -0.989166010769549 0.0
outer loop
vertex 5.30980178155005e-05 0.00013500481145456433 3.999999989900971e-06
vertex 5.3195090004010126e-05 0.00013501921785064042 3.999999989900971e-06
vertex 5.3195090004010126e-05 0.00013501921785064042 0.00018899999849963933
endloop
endfacet
facet normal 0.14680123684171248 -0.989166010769549 0.0
outer loop
vertex 5.30980178155005e-05 0.00013500481145456433 3.999999989900971e-06
vertex 5.3195090004010126e-05 0.00013501921785064042 0.00018899999849963933
vertex 5.30980178155005e-05 0.00013500481145456433 0.00018899999849963933
endloop
endfacet
facet normal 0.24289324063549647 -0.9700530262071178 0.0
outer loop
vertex 5.3195090004010126e-05 0.00013501921785064042 3.999999989900971e-06
vertex 5.3290284995455295e-05 0.00013504305388778448 3.999999989900971e-06
vertex 5.3290284995455295e-05 0.00013504305388778448 0.00018899999849963933
endloop
endfacet
facet normal 0.24289324063549647 -0.9700530262071178 0.0
outer loop
vertex 5.3195090004010126e-05 0.00013501921785064042 3.999999989900971e-06
vertex 5.3290284995455295e-05 0.00013504305388778448 0.00018899999849963933
vertex 5.3195090004010126e-05 0.00013501921785064042 0.00018899999849963933
endloop
endfacet
facet normal 0.3369046516681994 -0.9415387701440281 0.0
outer loop
vertex 5.3290284995455295e-05 0.00013504305388778448 3.999999989900971e-06
vertex 5.338268238119781e-05 0.00013507611583918333 3.999999989900971e-06
vertex 5.338268238119781e-05 0.00013507611583918333 0.00018899999849963933
endloop
endfacet
facet normal 0.3369046516681994 -0.9415387701440281 0.0
outer loop
vertex 5.3290284995455295e-05 0.00013504305388778448 3.999999989900971e-06
vertex 5.338268238119781e-05 0.00013507611583918333 0.00018899999849963933
vertex 5.3290284995455295e-05 0.00013504305388778448 0.00018899999849963933
endloop
endfacet
facet normal 0.42762418837694205 -0.9039566104160982 0.0
outer loop
vertex 5.338268238119781e-05 0.00013507611583918333 3.999999989900971e-06
vertex 5.347139813238755e-05 0.00013511808356270194 3.999999989900971e-06
vertex 5.347139813238755e-05 0.00013511808356270194 0.00018899999849963933
endloop
endfacet
facet normal 0.42762418837694205 -0.9039566104160982 0.0
outer loop
vertex 5.338268238119781e-05 0.00013507611583918333 3.999999989900971e-06
vertex 5.347139813238755e-05 0.00013511808356270194 0.00018899999849963933
vertex 5.338268238119781e-05 0.00013507611583918333 0.00018899999849963933
endloop
endfacet
facet normal 0.5141086321313505 -0.8577250808785013 0.0
outer loop
vertex 5.347139813238755e-05 0.00013511808356270194 3.999999989900971e-06
vertex 5.355557004804723e-05 0.0001351685350527987 3.999999989900971e-06
vertex 5.355557004804723e-05 0.0001351685350527987 0.00018899999849963933
endloop
endfacet
facet normal 0.5141086321313505 -0.8577250808785013 0.0
outer loop
vertex 5.347139813238755e-05 0.00013511808356270194 3.999999989900971e-06
vertex 5.355557004804723e-05 0.0001351685350527987 0.00018899999849963933
vertex 5.347139813238755e-05 0.00013511808356270194 0.00018899999849963933
endloop
endfacet
facet normal 0.5956671988560334 -0.8032313416488471 0.0
outer loop
vertex 5.355557004804723e-05 0.0001351685350527987 3.999999989900971e-06
vertex 5.3634394134860486e-05 0.00013522699009627104 3.999999989900971e-06
vertex 5.3634394134860486e-05 0.00013522699009627104 0.00018899999849963933
endloop
endfacet
facet normal 0.5956671988560334 -0.8032313416488471 0.0
outer loop
vertex 5.355557004804723e-05 0.0001351685350527987 3.999999989900971e-06
vertex 5.3634394134860486e-05 0.00013522699009627104 0.00018899999849963933
vertex 5.355557004804723e-05 0.0001351685350527987 0.00018899999849963933
endloop
endfacet
facet normal 0.6715760328926187 -0.7409356463581789 0.0
outer loop
vertex 5.3634394134860486e-05 0.00013522699009627104 3.999999989900971e-06
vertex 5.370710641727783e-05 0.0001352928957203403 3.999999989900971e-06
vertex 5.370710641727783e-05 0.0001352928957203403 0.00018899999849963933
endloop
endfacet
facet normal 0.6715760328926187 -0.7409356463581789 0.0
outer loop
vertex 5.3634394134860486e-05 0.00013522699009627104 3.999999989900971e-06
vertex 5.370710641727783e-05 0.0001352928957203403 0.00018899999849963933
vertex 5.3634394134860486e-05 0.00013522699009627104 0.00018899999849963933
endloop
endfacet
facet normal 0.74095236516813 -0.6715575869214451 0.0
outer loop
vertex 5.370710641727783e-05 0.0001352928957203403 3.999999989900971e-06
vertex 5.37730120413471e-05 0.00013536561164073646 3.999999989900971e-06
vertex 5.37730120413471e-05 0.00013536561164073646 0.00018899999849963933
endloop
endfacet
facet normal 0.74095236516813 -0.6715575869214451 0.0
outer loop
vertex 5.370710641727783e-05 0.0001352928957203403 3.999999989900971e-06
vertex 5.37730120413471e-05 0.00013536561164073646 0.00018899999849963933
vertex 5.370710641727783e-05 0.0001352928957203403 0.00018899999849963933
endloop
endfacet
facet normal 0.8031741356341633 -0.595744330940979 0.0
outer loop
vertex 5.37730120413471e-05 0.00013536561164073646 3.999999989900971e-06
vertex 5.383147072279826e-05 0.0001354444248136133 3.999999989900971e-06
vertex 5.383147072279826e-05 0.0001354444248136133 0.00018899999849963933
endloop
endfacet
facet normal 0.8031741356341633 -0.595744330940979 0.0
outer loop
vertex 5.37730120413471e-05 0.00013536561164073646 3.999999989900971e-06
vertex 5.383147072279826e-05 0.0001354444248136133 0.00018899999849963933
vertex 5.37730120413471e-05 0.00013536561164073646 0.00018899999849963933
endloop
endfacet
facet normal 0.8577544715812344 -0.5140595942907761 0.0
outer loop
vertex 5.383147072279826e-05 0.0001354444248136133 3.999999989900971e-06
vertex 5.3881922212895006e-05 0.0001355286076432094 3.999999989900971e-06
vertex 5.3881922212895006e-05 0.0001355286076432094 0.00018899999849963933
endloop
endfacet
facet normal 0.8577544715812344 -0.5140595942907761 0.0
outer loop
vertex 5.383147072279826e-05 0.0001354444248136133 3.999999989900971e-06
vertex 5.3881922212895006e-05 0.0001355286076432094 0.00018899999849963933
vertex 5.383147072279826e-05 0.0001354444248136133 0.00018899999849963933
endloop
endfacet
facet normal 0.9039860418083182 -0.4275619676909176 0.0
outer loop
vertex 5.3881922212895006e-05 0.0001355286076432094 3.999999989900971e-06
vertex 5.3923879022477195e-05 0.00013561731611844152 3.999999989900971e-06
vertex 5.3923879022477195e-05 0.00013561731611844152 0.00018899999849963933
endloop
endfacet
facet normal 0.9039860418083182 -0.4275619676909176 0.0
outer loop
vertex 5.3881922212895006e-05 0.0001355286076432094 3.999999989900971e-06
vertex 5.3923879022477195e-05 0.00013561731611844152 0.00018899999849963933
vertex 5.3881922212895006e-05 0.0001355286076432094 0.00018899999849963933
endloop
endfacet
facet normal 0.9415471848166681 -0.3368811344729874 0.0
outer loop
vertex 5.3923879022477195e-05 0.00013561731611844152 3.999999989900971e-06
vertex 5.3956940973876044e-05 0.00013570972078014165 3.999999989900971e-06
vertex 5.3956940973876044e-05 0.00013570972078014165 0.00018899999849963933
endloop
endfacet
facet normal 0.9415471848166681 -0.3368811344729874 0.0
outer loop
vertex 5.3923879022477195e-05 0.00013561731611844152 3.999999989900971e-06
vertex 5.3956940973876044e-05 0.00013570972078014165 0.00018899999849963933
vertex 5.3923879022477195e-05 0.00013561731611844152 0.00018899999849963933
endloop
endfacet
facet normal 0.9700289883629528 -0.24298922143903043 0.0
outer loop
vertex 5.3956940973876044e-05 0.00013570972078014165 3.999999989900971e-06
vertex 5.398078428697772e-05 0.0001358049048576504 3.999999989900971e-06
vertex 5.398078428697772e-05 0.0001358049048576504 0.00018899999849963933
endloop
endfacet
facet normal 0.9700289883629528 -0.24298922143903043 0.0
outer loop
vertex 5.3956940973876044e-05 0.00013570972078014165 3.999999989900971e-06
vertex 5.398078428697772e-05 0.0001358049048576504 0.00018899999849963933
vertex 5.3956940973876044e-05 0.00013570972078014165 0.00018899999849963933
endloop
endfacet
facet normal 0.9891775725290161 -0.14672331105043643 0.0
outer loop
vertex 5.398078428697772e-05 0.0001358049048576504 3.999999989900971e-06
vertex 5.399518340709619e-05 0.00013590198068413883 3.999999989900971e-06
vertex 5.399518340709619e-05 0.00013590198068413883 0.00018899999849963933
endloop
endfacet
facet normal 0.9891775725290161 -0.14672331105043643 0.0
outer loop
vertex 5.398078428697772e-05 0.0001358049048576504 3.999999989900971e-06
vertex 5.399518340709619e-05 0.00013590198068413883 0.00018899999849963933
vertex 5.398078428697772e-05 0.0001358049048576504 0.00018899999849963933
endloop
endfacet
facet normal 0.99879486359366 -0.04907973572587611 0.0
outer loop
vertex 5.399518340709619e-05 0.00013590198068413883 3.999999989900971e-06
vertex 5.400000009103678e-05 0.00013600000238511711 3.999999989900971e-06
vertex 5.400000009103678e-05 0.00013600000238511711 0.00018899999849963933
endloop
endfacet
facet normal 0.99879486359366 -0.04907973572587611 0.0
outer loop
vertex 5.399518340709619e-05 0.00013590198068413883 3.999999989900971e-06
vertex 5.400000009103678e-05 0.00013600000238511711 0.00018899999849963933
vertex 5.399518340709619e-05 0.00013590198068413883 0.00018899999849963933
endloop
endfacet
facet normal 0.0 0.0 0.0
outer loop
vertex 5.2999999752501026e-05 0.00013600000238511711 0.00018899999849963933
vertex 5.400000009103678e-05 0.00013600000238511711 0.00018899999849963933
vertex 5.399518340709619e-05 0.0001360980240860954 0.00018899999849963933
endloop
endfacet
facet normal 0.0 0.0 0.0
outer loop
vertex 5.2999999752501026e-05 0.00013600000238511711 0.00018899999849963933
vertex 5.399518340709619e-05 0.0001360980240860954 0.00018899999849963933
vertex 5.398078428697772e-05 0.0001361950853606686 0.00018899999849963933
endloop
endfacet
facet normal 0.0 0.0 0.0
outer loop
vertex 5.2999999752501026e-05 0.00013600000238511711 0.00018899999849963933
vertex 5.398078428697772e-05 0.0001361950853606686 0.00018899999849963933
vertex 5.3956940973876044e-05 0.00013629028399009258 0.00018899999849963933
endloop
endfacet
facet normal 0.0 0.0 0.0
outer loop
vertex 5.2999999752501026e-05 0.00013600000238511711 0.00018899999849963933
vertex 5.3956940973876044e-05 0.00013629028399009258 0.00018899999849963933
vertex 5.3923879022477195e-05 0.0001363826886517927 0.00018899999849963933
endloop
endfacet
facet normal 0.0 0.0 0.0
outer loop
vertex 5.2999999752501026e-05 0.00013600000238511711 0.00018899999849963933
vertex 5.3923879022477195e-05 0.0001363826886517927 0.00018899999849963933
vertex 5.3881922212895006e-05 0.00013647139712702483 0.00018899999849963933
endloop
endfacet
facet normal 0.0 0.0 0.0
outer loop
vertex 5.2999999752501026e-05 0.00013600000238511711 0.00018899999849963933
vertex 5.3881922212895006e-05 0.00013647139712702483 0.00018899999849963933
vertex 5.383147072279826e-05 0.0001365555654047057 0.00018899999849963933
endloop
endfacet
facet normal 0.0 0.0 0.0
outer loop
vertex 5.2999999752501026e-05 0.00013600000238511711 0.00018899999849963933
vertex 5.383147072279826e-05 0.0001365555654047057 0.00018899999849963933
vertex 5.37730120413471e-05 0.00013663439312949777 0.00018899999849963933
endloop
endfacet
facet normal 0.0 0.0 0.0
outer loop
vertex 5.2999999752501026e-05 0.00013600000238511711 0.00018899999849963933
vertex 5.37730120413471e-05 0.00013663439312949777 0.00018899999849963933
vertex 5.370710641727783e-05 0.00013670710904989392 0.00018899999849963933
endloop
endfacet
facet normal 0.0 0.0 0.0
outer loop
vertex 5.2999999752501026e-05 0.00013600000238511711 0.00018899999849963933
vertex 5.370710641727783e-05 0.00013670710904989392 0.00018899999849963933
vertex 5.3634394134860486e-05 0.0001367730146739632 0.00018899999849963933
endloop
endfacet
facet normal 0.0 0.0 0.0
outer loop
vertex 5.2999999752501026e-05 0.00013600000238511711 0.00018899999849963933
vertex 5.3634394134860486e-05 0.0001367730146739632 0.00018899999849963933
vertex 5.355557004804723e-05 0.00013683146971743554 0.00018899999849963933
endloop
endfacet
facet normal 0.0 0.0 0.0
outer loop
vertex 5.2999999752501026e-05 0.00013600000238511711 0.00018899999849963933
vertex 5.355557004804723e-05 0.00013683146971743554 0.00018899999849963933
vertex 5.347139813238755e-05 0.0001368819212075323 0.00018899999849963933
endloop
endfacet
facet normal 0.0 0.0 0.0
outer loop
vertex 5.2999999752501026e-05 0.00013600000238511711 0.00018899999849963933
vertex 5.347139813238755e-05 0.0001368819212075323 0.00018899999849963933
vertex 5.338268238119781e-05 0.00013692387437913567 0.00018899999849963933
endloop
endfacet
facet normal 0.0 0.0 0.0
outer loop
vertex 5.2999999752501026e-05 0.00013600000238511711 0.00018899999849963933
vertex 5.338268238119781e-05 0.00013692387437913567 0.00018899999849963933
vertex 5.3290284995455295e-05 0.00013695693633053452 0.00018899999849963933
endloop
endfacet
facet normal 0.0 0.0 0.0
outer loop
vertex 5.2999999752501026e-05 0.00013600000238511711 0.00018899999849963933
vertex 5.3290284995455295e-05 0.00013695693633053452 0.00018899999849963933
vertex 5.3195090004010126e-05 0.0001369807869195938 0.00018899999849963933
endloop
endfacet
facet normal 0.0 0.0 0.0
outer loop
vertex 5.2999999752501026e-05 0.00013600000238511711 0.00018899999849963933
vertex 5.3195090004010126e-05 0.0001369807869195938 0.00018899999849963933
vertex 5.30980178155005e-05 0.00013699517876375467 0.00018899999849963933
endloop
endfacet
facet normal 0.0 0.0 0.0
outer loop
vertex 5.2999999752501026e-05 0.00013600000238511711 0.00018899999849963933
vertex 5.30980178155005e-05 0.00013699517876375467 0.00018899999849963933
vertex 5.2999999752501026e-05 0.00013699999544769526 0.00018899999849963933
endloop
endfacet
facet normal 0.0 0.0 0.0
outer loop
vertex 5.2999999752501026e-05 0.00013600000238511711 0.00018899999849963933
vertex 5.2999999752501026e-05 0.00013699999544769526 0.00018899999849963933
vertex 5.2901981689501554e-05 0.00013699517876375467 0.00018899999849963933
endloop
endfacet
facet normal 0.0 0.0 0.0
outer loop
vertex 5.2999999752501026e-05 0.00013600000238511711 0.00018899999849963933
vertex 5.2901981689501554e-05 0.00013699517876375467 0.00018899999849963933
vertex 5.2804909500991926e-05 0.0001369807869195938 0.00018899999849963933
endloop
endfacet
facet normal 0.0 0.0 0.0
outer loop
vertex 5.2999999752501026e-05 0.00013600000238511711 0.00018899999849963933
vertex 5.2804909500991926e-05 0.0001369807869195938 0.00018899999849963933
vertex 5.270971450954676e-05 0.00013695693633053452 0.00018899999849963933
endloop
endfacet
facet normal 0.0 0.0 0.0
outer loop
vertex 5.2999999752501026e-05 0.00013600000238511711 0.00018899999849963933
vertex 5.270971450954676e-05 0.00013695693633053452 0.00018899999849963933
vertex 5.261731712380424e-05 0.00013692387437913567 0.00018899999849963933
endloop
endfacet
facet normal 0.0 0.0 0.0
outer loop
vertex 5.2999999752501026e-05 0.00013600000238511711 0.00018899999849963933
vertex 5.261731712380424e-05 0.00013692387437913567 0.00018899999849963933
vertex 5.252860501059331e-05 0.0001368819212075323 0.00018899999849963933
endloop
endfacet
facet normal 0.0 0.0 0.0
outer loop
vertex 5.2999999752501026e-05 0.00013600000238511711 0.00018899999849963933
vertex 5.252860501059331e-05 0.0001368819212075323 0.00018899999849963933
vertex 5.244442945695482e-05 0.00013683146971743554 0.00018899999849963933
endloop
endfacet
facet normal 0.0 0.0 0.0
outer loop
vertex 5.2999999752501026e-05 0.00013600000238511711 0.00018899999849963933
vertex 5.244442945695482e-05 0.00013683146971743554 0.00018899999849963933
vertex 5.2365605370141566e-05 0.0001367730146739632 0.00018899999849963933
endloop
endfacet
facet normal 0.0 0.0 0.0
outer loop
vertex 5.2999999752501026e-05 0.00013600000238511711 0.00018899999849963933
vertex 5.2365605370141566e-05 0.0001367730146739632 0.00018899999849963933
vertex 5.2292893087724224e-05 0.00013670710904989392 0.00018899999849963933
endloop
endfacet
facet normal 0.0 0.0 0.0
outer loop
vertex 5.2999999752501026e-05 0.00013600000238511711 0.00018899999849963933
vertex 5.2292893087724224e-05 0.00013670710904989392 0.00018899999849963933
vertex 5.222699110163376e-05 0.00013663439312949777 0.00018899999849963933
endloop
endfacet
facet normal 0.0 0.0 0.0
outer loop
vertex 5.2999999752501026e-05 0.00013600000238511711 0.00018899999849963933
vertex 5.222699110163376e-05 0.00013663439312949777 0.00018899999849963933
vertex 5.2168528782203794e-05 0.0001365555654047057 0.00018899999849963933
endloop
endfacet
facet normal 0.0 0.0 0.0
outer loop
vertex 5.2999999752501026e-05 0.00013600000238511711 0.00018899999849963933
vertex 5.2168528782203794e-05 0.0001365555654047057 0.00018899999849963933
vertex 5.2118077292107046e-05 0.00013647139712702483 0.00018899999849963933
endloop
endfacet
facet normal 0.0 0.0 0.0
outer loop
vertex 5.2999999752501026e-05 0.00013600000238511711 0.00018899999849963933
vertex 5.2118077292107046e-05 0.00013647139712702483 0.00018899999849963933
vertex 5.207612048252486e-05 0.0001363826886517927 0.00018899999849963933
endloop
endfacet
facet normal 0.0 0.0 0.0
outer loop
vertex 5.2999999752501026e-05 0.00013600000238511711 0.00018899999849963933
vertex 5.207612048252486e-05 0.0001363826886517927 0.00018899999849963933
vertex 5.204305853112601e-05 0.00013629028399009258 0.00018899999849963933
endloop
endfacet
facet normal 0.0 0.0 0.0
outer loop
vertex 5.2999999752501026e-05 0.00013600000238511711 0.00018899999849963933
vertex 5.204305853112601e-05 0.00013629028399009258 0.00018899999849963933
vertex 5.201921521802433e-05 0.0001361950853606686 0.00018899999849963933
endloop
endfacet
facet normal 0.0 0.0 0.0
outer loop
vertex 5.2999999752501026e-05 0.00013600000238511711 0.00018899999849963933
vertex 5.201921521802433e-05 0.0001361950853606686 0.00018899999849963933
vertex 5.200481609790586e-05 0.0001360980240860954 0.00018899999849963933
endloop
endfacet
facet normal 0.0 0.0 0.0
outer loop
vertex 5.2999999752501026e-05 0.00013600000238511711 0.00018899999849963933
vertex 5.200481609790586e-05 0.0001360980240860954 0.00018899999849963933
vertex 5.199999941396527e-05 0.00013600000238511711 0.00018899999849963933
endloop
endfacet
facet normal 0.0 0.0 0.0
outer loop
vertex 5.2999999752501026e-05 0.00013600000238511711 0.00018899999849963933
vertex 5.199999941396527e-05 0.00013600000238511711 0.00018899999849963933
vertex 5.200481609790586e-05 0.00013590198068413883 0.00018899999849963933
endloop
endfacet
facet normal 0.0 0.0 0.0
outer loop
vertex 5.2999999752501026e-05 0.00013600000238511711 0.00018899999849963933
vertex 5.200481609790586e-05 0.00013590198068413883 0.00018899999849963933
vertex 5.201921521802433e-05 0.0001358049048576504 0.00018899999849963933
endloop
endfacet
facet normal 0.0 0.0 0.0
outer loop
vertex 5.2999999752501026e-05 0.00013600000238511711 0.00018899999849963933
vertex 5.201921521802433e-05 0.0001358049048576504 0.00018899999849963933
vertex 5.204305853112601e-05 0.00013570972078014165 0.00018899999849963933
endloop
endfacet
facet normal 0.0 0.0 0.0
outer loop
vertex 5.2999999752501026e-05 0.00013600000238511711 0.00018899999849963933
vertex 5.204305853112601e-05 0.00013570972078014165 0.00018899999849963933
vertex 5.207612048252486e-05 0.00013561731611844152 0.00018899999849963933
endloop
endfacet
facet normal 0.0 0.0 0.0
outer loop
vertex 5.2999999752501026e-05 0.00013600000238511711 0.00018899999849963933
vertex 5.207612048252486e-05 0.00013561731611844152 0.00018899999849963933
vertex 5.2118077292107046e-05 0.0001355286076432094 0.00018899999849963933
endloop
endfacet
facet normal 0.0 0.0 0.0
outer loop
vertex 5.2999999752501026e-05 0.00013600000238511711 0.00018899999849963933
vertex 5.2118077292107046e-05 0.0001355286076432094 0.00018899999849963933
vertex 5.2168528782203794e-05 0.0001354444248136133 0.00018899999849963933
endloop
endfacet
facet normal 0.0 0.0 0.0
outer loop
vertex 5.2999999752501026e-05 0.00013600000238511711 0.00018899999849963933
vertex 5.2168528782203794e-05 0.0001354444248136133 0.00018899999849963933
vertex 5.222699110163376e-05 0.00013536561164073646 0.00018899999849963933
endloop
endfacet
facet normal 0.0 0.0 0.0
outer loop
vertex 5.2999999752501026e-05 0.00013600000238511711 0.00018899999849963933
vertex 5.222699110163376e-05 0.00013536561164073646 0.00018899999849963933
vertex 5.2292893087724224e-05 0.0001352928957203403 0.00018899999849963933
endloop
endfacet
facet normal 0.0 0.0 0.0
outer loop
vertex 5.2999999752501026e-05 0.00013600000238511711 0.00018899999849963933
vertex 5.2292893087724224e-05 0.0001352928957203403 0.00018899999849963933
vertex 5.2365605370141566e-05 0.00013522699009627104 0.00018899999849963933
endloop
endfacet
facet normal 0.0 0.0 0.0
outer loop
vertex 5.2999999752501026e-05 0.00013600000238511711 0.00018899999849963933
vertex 5.2365605370141566e-05 0.00013522699009627104 0.00018899999849963933
vertex 5.244442945695482e-05 0.0001351685350527987 0.00018899999849963933
endloop
endfacet
facet normal 0.0 0.0 0.0
outer loop
vertex 5.2999999752501026e-05 0.00013600000238511711 0.00018899999849963933
vertex 5.244442945695482e-05 0.0001351685350527987 0.00018899999849963933
vertex 5.252860501059331e-05 0.00013511808356270194 0.00018899999849963933
endloop
endfacet
facet normal 0.0 0.0 0.0
outer loop
vertex 5.2999999752501026e-05 0.00013600000238511711 0.00018899999849963933
vertex 5.252860501059331e-05 0.00013511808356270194 0.00018899999849963933
vertex 5.261731712380424e-05 0.00013507611583918333 0.00018899999849963933
endloop
endfacet
facet normal 0.0 0.0 0.0
outer loop
vertex 5.2999999752501026e-05 0.00013600000238511711 0.00018899999849963933
vertex 5.261731712380424e-05 0.00013507611583918333 0.00018899999849963933
vertex 5.270971450954676e-05 0.00013504305388778448 0.00018899999849963933
endloop
endfacet
facet normal 0.0 0.0 0.0
outer loop
vertex 5.2999999752501026e-05 0.00013600000238511711 0.00018899999849963933
vertex 5.270971450954676e-05 0.00013504305388778448 0.00018899999849963933
vertex 5.2804909500991926e-05 0.00013501921785064042 0.00018899999849963933
endloop
endfacet
facet normal 0.0 0.0 0.0
outer loop
vertex 5.2999999752501026e-05 0.00013600000238511711 0.00018899999849963933
vertex 5.2804909500991926e-05 0.00013501921785064042 0.00018899999849963933
vertex 5.2901981689501554e-05 0.00013500481145456433 0.00018899999849963933
endloop
endfacet
facet normal 0.0 0.0 0.0
outer loop
vertex 5.2999999752501026e-05 0.00013600000238511711 0.00018899999849963933
vertex 5.2901981689501554e-05 0.00013500481145456433 0.00018899999849963933
vertex 5.2999999752501026e-05 0.00013499999477062374 0.00018899999849963933
endloop
endfacet
facet normal 0.0 0.0 0.0
outer loop
vertex 5.2999999752501026e-05 0.00013600000238511711 0.00018899999849963933
vertex 5.2999999752501026e-05 0.00013499999477062374 0.00018899999849963933
vertex 5.30980178155005e-05 0.00013500481145456433 0.00018899999849963933
endloop
endfacet
facet normal 0.0 0.0 0.0
outer loop
vertex 5.2999999752501026e-05 0.00013600000238511711 0.00018899999849963933
vertex 5.30980178155005e-05 0.00013500481145456433 0.00018899999849963933
vertex 5.3195090004010126e-05 0.00013501921785064042 0.00018899999849963933
endloop
endfacet
facet normal 0.0 0.0 0.0
outer loop
vertex 5.2999999752501026e-05 0.00013600000238511711 0.00018899999849963933
vertex 5.3195090004010126e-05 0.00013501921785064042 0.00018899999849963933
vertex 5.3290284995455295e-05 0.00013504305388778448 0.00018899999849963933
endloop
endfacet
facet normal 0.0 0.0 0.0
outer loop
vertex 5.2999999752501026e-05 0.00013600000238511711 0.00018899999849963933
vertex 5.3290284995455295e-05 0.00013504305388778448 0.00018899999849963933
vertex 5.338268238119781e-05 0.00013507611583918333 0.00018899999849963933
endloop
endfacet
facet normal 0.0 0.0 0.0
outer loop
vertex 5.2999999752501026e-05 0.00013600000238511711 0.00018899999849963933
vertex 5.338268238119781e-05 0.00013507611583918333 0.00018899999849963933
vertex 5.347139813238755e-05 0.00013511808356270194 0.00018899999849963933
endloop
endfacet
facet normal 0.0 0.0 0.0
outer loop
vertex 5.2999999752501026e-05 0.00013600000238511711 0.00018899999849963933
vertex 5.347139813238755e-05 0.00013511808356270194 0.00018899999849963933
vertex 5.355557004804723e-05 0.0001351685350527987 0.00018899999849963933
endloop
endfacet
facet normal 0.0 0.0 0.0
outer loop
vertex 5.2999999752501026e-05 0.00013600000238511711 0.00018899999849963933
vertex 5.355557004804723e-05 0.0001351685350527987 0.00018899999849963933
vertex 5.3634394134860486e-05 0.00013522699009627104 0.00018899999849963933
endloop
endfacet
facet normal 0.0 0.0 0.0
outer loop
vertex 5.2999999752501026e-05 0.00013600000238511711 0.00018899999849963933
vertex 5.3634394134860486e-05 0.00013522699009627104 0.00018899999849963933
vertex 5.370710641727783e-05 0.0001352928957203403 0.00018899999849963933
endloop
endfacet
facet normal 0.0 0.0 0.0
outer loop
vertex 5.2999999752501026e-05 0.00013600000238511711 0.00018899999849963933
vertex 5.370710641727783e-05 0.0001352928957203403 0.00018899999849963933
vertex 5.37730120413471e-05 0.00013536561164073646 0.00018899999849963933
endloop
endfacet
facet normal 0.0 0.0 0.0
outer loop
vertex 5.2999999752501026e-05 0.00013600000238511711 0.00018899999849963933
vertex 5.37730120413471e-05 0.00013536561164073646 0.00018899999849963933
vertex 5.383147072279826e-05 0.0001354444248136133 0.00018899999849963933
endloop
endfacet
facet normal 0.0 0.0 0.0
outer loop
vertex 5.2999999752501026e-05 0.00013600000238511711 0.00018899999849963933
vertex 5.383147072279826e-05 0.0001354444248136133 0.00018899999849963933
vertex 5.3881922212895006e-05 0.0001355286076432094 0.00018899999849963933
endloop
endfacet
facet normal 0.0 0.0 0.0
outer loop
vertex 5.2999999752501026e-05 0.00013600000238511711 0.00018899999849963933
vertex 5.3881922212895006e-05 0.0001355286076432094 0.00018899999849963933
vertex 5.3923879022477195e-05 0.00013561731611844152 0.00018899999849963933
endloop
endfacet
facet normal 0.0 0.0 0.0
outer loop
vertex 5.2999999752501026e-05 0.00013600000238511711 0.00018899999849963933
vertex 5.3923879022477195e-05 0.00013561731611844152 0.00018899999849963933
vertex 5.3956940973876044e-05 0.00013570972078014165 0.00018899999849963933
endloop
endfacet
facet normal 0.0 0.0 0.0
outer loop
vertex 5.2999999752501026e-05 0.00013600000238511711 0.00018899999849963933
vertex 5.3956940973876044e-05 0.00013570972078014165 0.00018899999849963933
vertex 5.398078428697772e-05 0.0001358049048576504 0.00018899999849963933
endloop
endfacet
facet normal 0.0 0.0 0.0
outer loop
vertex 5.2999999752501026e-05 0.00013600000238511711 0.00018899999849963933
vertex 5.398078428697772e-05 0.0001358049048576504 0.00018899999849963933
vertex 5.399518340709619e-05 0.00013590198068413883 0.00018899999849963933
endloop
endfacet
facet normal 0.0 0.0 0.0
outer loop
vertex 5.2999999752501026e-05 0.00013600000238511711 0.00018899999849963933
vertex 5.399518340709619e-05 0.00013590198068413883 0.00018899999849963933
vertex 5.400000009103678e-05 0.00013600000238511711 0.00018899999849963933
endloop
endfacet
facet normal 0.99879486359366 0.04907973572587611 -0.0
outer loop
vertex 5.400000009103678e-05 0.00016399999731220305 3.999999989900971e-06
vertex 5.399518340709619e-05 0.00016409801901318133 3.999999989900971e-06
vertex 5.399518340709619e-05 0.00016409801901318133 0.00018899999849963933
endloop
endfacet
facet normal 0.99879486359366 0.04907973572587611 0.0
outer loop
vertex 5.400000009103678e-05 0.00016399999731220305 3.999999989900971e-06
vertex 5.399518340709619e-05 0.00016409801901318133 0.00018899999849963933
vertex 5.400000009103678e-05 0.00016399999731220305 0.00018899999849963933
endloop
endfacet
facet normal 0.9891775725290161 0.14672331105043643 -0.0
outer loop
vertex 5.399518340709619e-05 0.00016409801901318133 3.999999989900971e-06
vertex 5.398078428697772e-05 0.00016419509483966976 3.999999989900971e-06
vertex 5.398078428697772e-05 0.00016419509483966976 0.00018899999849963933
endloop
endfacet
facet normal 0.9891775725290161 0.14672331105043643 0.0
outer loop
vertex 5.399518340709619e-05 0.00016409801901318133 3.999999989900971e-06
vertex 5.398078428697772e-05 0.00016419509483966976 0.00018899999849963933
vertex 5.399518340709619e-05 0.00016409801901318133 0.00018899999849963933
endloop
endfacet
facet normal 0.9700289883629528 0.24298922143903043 -0.0
outer loop
vertex 5.398078428697772e-05 0.00016419509483966976 3.999999989900971e-06
vertex 5.3956940973876044e-05 0.0001642902789171785 3.999999989900971e-06
vertex 5.3956940973876044e-05 0.0001642902789171785 0.00018899999849963933
endloop
endfacet
facet normal 0.9700289883629528 0.24298922143903043 0.0
outer loop
vertex 5.398078428697772e-05 0.00016419509483966976 3.999999989900971e-06
vertex 5.3956940973876044e-05 0.0001642902789171785 0.00018899999849963933
vertex 5.398078428697772e-05 0.00016419509483966976 0.00018899999849963933
endloop
endfacet
facet normal 0.9415471848166681 0.3368811344729874 -0.0
outer loop
vertex 5.3956940973876044e-05 0.0001642902789171785 3.999999989900971e-06
vertex 5.3923879022477195e-05 0.00016438268357887864 3.999999989900971e-06
vertex 5.3923879022477195e-05 0.00016438268357887864 0.00018899999849963933
endloop
endfacet
facet normal 0.9415471848166681 0.3368811344729874 0.0
outer loop
vertex 5.3956940973876044e-05 0.0001642902789171785 3.999999989900971e-06
vertex 5.3923879022477195e-05 0.00016438268357887864 0.00018899999849963933
vertex 5.3956940973876044e-05 0.0001642902789171785 0.00018899999849963933
endloop
endfacet
facet normal 0.9039860418083182 0.4275619676909176 -0.0
outer loop
vertex 5.3923879022477195e-05 0.00016438268357887864 3.999999989900971e-06
vertex 5.3881922212895006e-05 0.00016447139205411077 3.999999989900971e-06
vertex 5.3881922212895006e-05 0.00016447139205411077 0.00018899999849963933
endloop
endfacet
facet normal 0.9039860418083182 0.4275619676909176 0.0
outer loop
vertex 5.3923879022477195e-05 0.00016438268357887864 3.999999989900971e-06
vertex 5.3881922212895006e-05 0.00016447139205411077 0.00018899999849963933
vertex 5.3923879022477195e-05 0.00016438268357887864 0.00018899999849963933
endloop
endfacet
facet normal 0.8577544715812344 0.5140595942907761 -0.0
outer loop
vertex 5.3881922212895006e-05 0.00016447139205411077 3.999999989900971e-06
vertex 5.383147072279826e-05 0.00016455557488370687 3.999999989900971e-06
vertex 5.383147072279826e-05 0.00016455557488370687 0.00018899999849963933
endloop
endfacet
facet normal 0.8577544715812344 0.5140595942907761 0.0
outer loop
vertex 5.3881922212895006e-05 0.00016447139205411077 3.999999989900971e-06
vertex 5.383147072279826e-05 0.00016455557488370687 0.00018899999849963933
vertex 5.3881922212895006e-05 0.00016447139205411077 0.00018899999849963933
endloop
endfacet
facet normal 0.8031741356341633 0.595744330940979 -0.0
outer loop
vertex 5.383147072279826e-05 0.00016455557488370687 3.999999989900971e-06
vertex 5.37730120413471e-05 0.0001646343880565837 3.999999989900971e-06
vertex 5.37730120413471e-05 0.0001646343880565837 0.00018899999849963933
endloop
endfacet
facet normal 0.8031741356341633 0.595744330940979 0.0
outer loop
vertex 5.383147072279826e-05 0.00016455557488370687 3.999999989900971e-06
vertex 5.37730120413471e-05 0.0001646343880565837 0.00018899999849963933
vertex 5.383147072279826e-05 0.00016455557488370687 0.00018899999849963933
endloop
endfacet
facet normal 0.74095236516813 0.6715575869214451 -0.0
outer loop
vertex 5.37730120413471e-05 0.0001646343880565837 3.999999989900971e-06
vertex 5.370710641727783e-05 0.00016470710397697985 3.999999989900971e-06
vertex 5.370710641727783e-05 0.00016470710397697985 0.00018899999849963933
endloop
endfacet
facet normal 0.74095236516813 0.6715575869214451 0.0
outer loop
vertex 5.37730120413471e-05 0.0001646343880565837 3.999999989900971e-06
vertex 5.370710641727783e-05 0.00016470710397697985 0.00018899999849963933
vertex 5.37730120413471e-05 0.0001646343880565837 0.00018899999849963933
endloop
endfacet
facet normal 0.6715760328926187 0.7409356463581789 -0.0
outer loop
vertex 5.370710641727783e-05 0.00016470710397697985 3.999999989900971e-06
vertex 5.3634394134860486e-05 0.00016477300960104913 3.999999989900971e-06
vertex 5.3634394134860486e-05 0.00016477300960104913 0.00018899999849963933
endloop
endfacet
facet normal 0.6715760328926187 0.7409356463581789 0.0
outer loop
vertex 5.370710641727783e-05 0.00016470710397697985 3.999999989900971e-06
vertex 5.3634394134860486e-05 0.00016477300960104913 0.00018899999849963933
vertex 5.370710641727783e-05 0.00016470710397697985 0.00018899999849963933
endloop
endfacet
facet normal 0.5956671988560334 0.8032313416488471 -0.0
outer loop
vertex 5.3634394134860486e-05 0.00016477300960104913 3.999999989900971e-06
vertex 5.355557004804723e-05 0.00016483146464452147 3.999999989900971e-06
vertex 5.355557004804723e-05 0.00016483146464452147 0.00018899999849963933
endloop
endfacet
facet normal 0.5956671988560334 0.8032313416488471 0.0
outer loop
vertex 5.3634394134860486e-05 0.00016477300960104913 3.999999989900971e-06
vertex 5.355557004804723e-05 0.00016483146464452147 0.00018899999849963933
vertex 5.3634394134860486e-05 0.00016477300960104913 0.00018899999849963933
endloop
endfacet
facet normal 0.5141086321313505 0.8577250808785013 -0.0
outer loop
vertex 5.355557004804723e-05 0.00016483146464452147 3.999999989900971e-06
vertex 5.347139813238755e-05 0.00016488191613461822 3.999999989900971e-06
vertex 5.347139813238755e-05 0.00016488191613461822 0.00018899999849963933
endloop
endfacet
facet normal 0.5141086321313505 0.8577250808785013 0.0
outer loop
vertex 5.355557004804723e-05 0.00016483146464452147 3.999999989900971e-06
vertex 5.347139813238755e-05 0.00016488191613461822 0.00018899999849963933
vertex 5.355557004804723e-05 0.00016483146464452147 0.00018899999849963933
endloop
endfacet
facet normal 0.42762418837694205 0.9039566104160982 -0.0
outer loop
vertex 5.347139813238755e-05 0.00016488191613461822 3.999999989900971e-06
vertex 5.338268238119781e-05 0.00016492388385813683 3.999999989900971e-06
vertex 5.338268238119781e-05 0.00016492388385813683 0.00018899999849963933
endloop
endfacet
facet normal 0.42762418837694205 0.9039566104160982 0.0
outer loop
vertex 5.347139813238755e-05 0.00016488191613461822 3.999999989900971e-06
vertex 5.338268238119781e-05 0.00016492388385813683 0.00018899999849963933
vertex 5.347139813238755e-05 0.00016488191613461822 0.00018899999849963933
endloop
endfacet
facet normal 0.3369046516681994 0.9415387701440281 -0.0
outer loop
vertex 5.338268238119781e-05 0.00016492388385813683 3.999999989900971e-06
vertex 5.3290284995455295e-05 0.00016495694580953568 3.999999989900971e-06
vertex 5.3290284995455295e-05 0.00016495694580953568 0.00018899999849963933
endloop
endfacet
facet normal 0.3369046516681994 0.9415387701440281 0.0
outer loop
vertex 5.338268238119781e-05 0.00016492388385813683 3.999999989900971e-06
vertex 5.3290284995455295e-05 0.00016495694580953568 0.00018899999849963933
vertex 5.338268238119781e-05 0.00016492388385813683 0.00018899999849963933
endloop
endfacet
facet normal 0.24289324063549647 0.9700530262071178 -0.0
outer loop
vertex 5.3290284995455295e-05 0.00016495694580953568 3.999999989900971e-06
vertex 5.3195090004010126e-05 0.00016498078184667975 3.999999989900971e-06
vertex 5.3195090004010126e-05 0.00016498078184667975 0.00018899999849963933
endloop
endfacet
facet normal 0.24289324063549647 0.9700530262071178 0.0
outer loop
vertex 5.3290284995455295e-05 0.00016495694580953568 3.999999989900971e-06
vertex 5.3195090004010126e-05 0.00016498078184667975 0.00018899999849963933
vertex 5.3290284995455295e-05 0.00016495694580953568 0.00018899999849963933
endloop
endfacet
facet normal 0.14680123684171248 0.989166010769549 -0.0
outer loop
vertex 5.3195090004010126e-05 0.00016498078184667975 3.999999989900971e-06
vertex 5.30980178155005e-05 0.00016499518824275583 3.999999989900971e-06
vertex 5.30980178155005e-05 0.00016499518824275583 0.00018899999849963933
endloop
endfacet
facet normal 0.14680123684171248 0.989166010769549 0.0
outer loop
vertex 5.3195090004010126e-05 0.00016498078184667975 3.999999989900971e-06
vertex 5.30980178155005e-05 0.00016499518824275583 0.00018899999849963933
vertex 5.3195090004010126e-05 0.00016498078184667975 0.00018899999849963933
endloop
endfacet
facet normal 0.04908155295131086 0.9987947742954444 -0.0
outer loop
vertex 5.30980178155005e-05 0.00016499518824275583 3.999999989900971e-06
vertex 5.2999999752501026e-05 0.00016500000492669642 3.999999989900971e-06
vertex 5.2999999752501026e-05 0.00016500000492669642 0.00018899999849963933
endloop
endfacet
facet normal 0.04908155295131086 0.9987947742954444 0.0
outer loop
vertex 5.30980178155005e-05 0.00016499518824275583 3.999999989900971e-06
vertex 5.2999999752501026e-05 0.00016500000492669642 0.00018899999849963933
vertex 5.30980178155005e-05 0.00016499518824275583 0.00018899999849963933
endloop
endfacet
facet normal -0.04908155295131086 0.9987947742954444 0.0
outer loop
vertex 5.2999999752501026e-05 0.00016500000492669642 3.999999989900971e-06
vertex 5.2901981689501554e-05 0.00016499518824275583 3.999999989900971e-06
vertex 5.2901981689501554e-05 0.00016499518824275583 0.00018899999849963933
endloop
endfacet
facet normal -0.04908155295131086 0.9987947742954444 0.0
outer loop
vertex 5.2999999752501026e-05 0.00016500000492669642 3.999999989900971e-06
vertex 5.2901981689501554e-05 0.00016499518824275583 0.00018899999849963933
vertex 5.2999999752501026e-05 0.00016500000492669642 0.00018899999849963933
endloop
endfacet
facet normal -0.14680123684171248 0.989166010769549 0.0
outer loop
vertex 5.2901981689501554e-05 0.00016499518824275583 3.999999989900971e-06
vertex 5.2804909500991926e-05 0.00016498078184667975 3.999999989900971e-06
vertex 5.2804909500991926e-05 0.00016498078184667975 0.00018899999849963933
endloop
endfacet
facet normal -0.14680123684171248 0.989166010769549 0.0
outer loop
vertex 5.2901981689501554e-05 0.00016499518824275583 3.999999989900971e-06
vertex 5.2804909500991926e-05 0.00016498078184667975 0.00018899999849963933
vertex 5.2901981689501554e-05 0.00016499518824275583 0.00018899999849963933
endloop
endfacet
facet normal -0.24289324063549647 0.9700530262071178 0.0
outer loop
vertex 5.2804909500991926e-05 0.00016498078184667975 3.999999989900971e-06
vertex 5.270971450954676e-05 0.00016495694580953568 3.999999989900971e-06
vertex 5.270971450954676e-05 0.00016495694580953568 0.00018899999849963933
endloop
endfacet
facet normal -0.24289324063549647 0.9700530262071178 0.0
outer loop
vertex 5.2804909500991926e-05 0.00016498078184667975 3.999999989900971e-06
vertex 5.270971450954676e-05 0.00016495694580953568 0.00018899999849963933
vertex 5.2804909500991926e-05 0.00016498078184667975 0.00018899999849963933
endloop
endfacet
facet normal -0.3369046516681994 0.9415387701440281 0.0
outer loop
vertex 5.270971450954676e-05 0.00016495694580953568 3.999999989900971e-06
vertex 5.261731712380424e-05 0.00016492388385813683 3.999999989900971e-06
vertex 5.261731712380424e-05 0.00016492388385813683 0.00018899999849963933
endloop
endfacet
facet normal -0.3369046516681994 0.9415387701440281 0.0
outer loop
vertex 5.270971450954676e-05 0.00016495694580953568 3.999999989900971e-06
vertex 5.261731712380424e-05 0.00016492388385813683 0.00018899999849963933
vertex 5.270971450954676e-05 0.00016495694580953568 0.00018899999849963933
endloop
endfacet
facet normal -0.4276385178357317 0.9039498316075172 0.0
outer loop
vertex 5.261731712380424e-05 0.00016492388385813683 3.999999989900971e-06
vertex 5.252860501059331e-05 0.00016488191613461822 3.999999989900971e-06
vertex 5.252860501059331e-05 0.00016488191613461822 0.00018899999849963933
endloop
endfacet
facet normal -0.4276385178357317 0.9039498316075172 0.0
outer loop
vertex 5.261731712380424e-05 0.00016492388385813683 3.999999989900971e-06
vertex 5.252860501059331e-05 0.00016488191613461822 0.00018899999849963933
vertex 5.261731712380424e-05 0.00016492388385813683 0.00018899999849963933
endloop
endfacet
facet normal -0.5140922853317047 0.8577348787139445 0.0
outer loop
vertex 5.252860501059331e-05 0.00016488191613461822 3.999999989900971e-06
vertex 5.244442945695482e-05 0.00016483146464452147 3.999999989900971e-06
vertex 5.244442945695482e-05 0.00016483146464452147 0.00018899999849963933
endloop
endfacet
facet normal -0.5140922853317047 0.8577348787139445 0.0
outer loop
vertex 5.252860501059331e-05 0.00016488191613461822 3.999999989900971e-06
vertex 5.244442945695482e-05 0.00016483146464452147 0.00018899999849963933
vertex 5.252860501059331e-05 0.00016488191613461822 0.00018899999849963933
endloop
endfacet
facet normal -0.5956671988560334 0.8032313416488471 0.0
outer loop
vertex 5.244442945695482e-05 0.00016483146464452147 3.999999989900971e-06
vertex 5.2365605370141566e-05 0.00016477300960104913 3.999999989900971e-06
vertex 5.2365605370141566e-05 0.00016477300960104913 0.00018899999849963933
endloop
endfacet
facet normal -0.5956671988560334 0.8032313416488471 0.0
outer loop
vertex 5.244442945695482e-05 0.00016483146464452147 3.999999989900971e-06
vertex 5.2365605370141566e-05 0.00016477300960104913 0.00018899999849963933
vertex 5.244442945695482e-05 0.00016483146464452147 0.00018899999849963933
endloop
endfacet
facet normal -0.6715760328926187 0.7409356463581789 0.0
outer loop
vertex 5.2365605370141566e-05 0.00016477300960104913 3.999999989900971e-06
vertex 5.2292893087724224e-05 0.00016470710397697985 3.999999989900971e-06
vertex 5.2292893087724224e-05 0.00016470710397697985 0.00018899999849963933
endloop
endfacet
facet normal -0.6715760328926187 0.7409356463581789 0.0
outer loop
vertex 5.2365605370141566e-05 0.00016477300960104913 3.999999989900971e-06
vertex 5.2292893087724224e-05 0.00016470710397697985 0.00018899999849963933
vertex 5.2365605370141566e-05 0.00016477300960104913 0.00018899999849963933
endloop
endfacet
facet normal -0.740970811020441 0.671537234422418 0.0
outer loop
vertex 5.2292893087724224e-05 0.00016470710397697985 3.999999989900971e-06
vertex 5.222699110163376e-05 0.0001646343880565837 3.999999989900971e-06
vertex 5.222699110163376e-05 0.0001646343880565837 0.00018899999849963933
endloop
endfacet
facet normal -0.740970811020441 0.671537234422418 0.0
outer loop
vertex 5.2292893087724224e-05 0.00016470710397697985 3.999999989900971e-06
vertex 5.222699110163376e-05 0.0001646343880565837 0.00018899999849963933
vertex 5.2292893087724224e-05 0.00016470710397697985 0.00018899999849963933
endloop
endfacet
facet normal -0.8031563961974532 0.5957682462561426 0.0
outer loop
vertex 5.222699110163376e-05 0.0001646343880565837 3.999999989900971e-06
vertex 5.2168528782203794e-05 0.00016455557488370687 3.999999989900971e-06
vertex 5.2168528782203794e-05 0.00016455557488370687 0.00018899999849963933
endloop
endfacet
facet normal -0.8031563961974532 0.5957682462561426 0.0
outer loop
vertex 5.222699110163376e-05 0.0001646343880565837 3.999999989900971e-06
vertex 5.2168528782203794e-05 0.00016455557488370687 0.00018899999849963933
vertex 5.222699110163376e-05 0.0001646343880565837 0.00018899999849963933
endloop
endfacet
facet normal -0.8577544715812344 0.5140595942907761 0.0
outer loop
vertex 5.2168528782203794e-05 0.00016455557488370687 3.999999989900971e-06
vertex 5.2118077292107046e-05 0.00016447139205411077 3.999999989900971e-06
vertex 5.2118077292107046e-05 0.00016447139205411077 0.00018899999849963933
endloop
endfacet
facet normal -0.8577544715812344 0.5140595942907761 0.0
outer loop
vertex 5.2168528782203794e-05 0.00016455557488370687 3.999999989900971e-06
vertex 5.2118077292107046e-05 0.00016447139205411077 0.00018899999849963933
vertex 5.2168528782203794e-05 0.00016455557488370687 0.00018899999849963933
endloop
endfacet
facet normal -0.9039860418083182 0.4275619676909176 0.0
outer loop
vertex 5.2118077292107046e-05 0.00016447139205411077 3.999999989900971e-06
vertex 5.207612048252486e-05 0.00016438268357887864 3.999999989900971e-06
vertex 5.207612048252486e-05 0.00016438268357887864 0.00018899999849963933
endloop
endfacet
facet normal -0.9039860418083182 0.4275619676909176 0.0
outer loop
vertex 5.2118077292107046e-05 0.00016447139205411077 3.999999989900971e-06
vertex 5.207612048252486e-05 0.00016438268357887864 0.00018899999849963933
vertex 5.2118077292107046e-05 0.00016447139205411077 0.00018899999849963933
endloop
endfacet
facet normal -0.9415471848166681 0.3368811344729874 0.0
outer loop
vertex 5.207612048252486e-05 0.00016438268357887864 3.999999989900971e-06
vertex 5.204305853112601e-05 0.0001642902789171785 3.999999989900971e-06
vertex 5.204305853112601e-05 0.0001642902789171785 0.00018899999849963933
endloop
endfacet
facet normal -0.9415471848166681 0.3368811344729874 0.0
outer loop
vertex 5.207612048252486e-05 0.00016438268357887864 3.999999989900971e-06
vertex 5.204305853112601e-05 0.0001642902789171785 0.00018899999849963933
vertex 5.207612048252486e-05 0.00016438268357887864 0.00018899999849963933
endloop
endfacet
facet normal -0.9700289883629528 0.24298922143903043 0.0
outer loop
vertex 5.204305853112601e-05 0.0001642902789171785 3.999999989900971e-06
vertex 5.201921521802433e-05 0.00016419509483966976 3.999999989900971e-06
vertex 5.201921521802433e-05 0.00016419509483966976 0.00018899999849963933
endloop
endfacet
facet normal -0.9700289883629528 0.24298922143903043 0.0
outer loop
vertex 5.204305853112601e-05 0.0001642902789171785 3.999999989900971e-06
vertex 5.201921521802433e-05 0.00016419509483966976 0.00018899999849963933
vertex 5.204305853112601e-05 0.0001642902789171785 0.00018899999849963933
endloop
endfacet
facet normal -0.9891775725290161 0.14672331105043643 0.0
outer loop
vertex 5.201921521802433e-05 0.00016419509483966976 3.999999989900971e-06
vertex 5.200481609790586e-05 0.00016409801901318133 3.999999989900971e-06
vertex 5.200481609790586e-05 0.00016409801901318133 0.00018899999849963933
endloop
endfacet
facet normal -0.9891775725290161 0.14672331105043643 0.0
outer loop
vertex 5.201921521802433e-05 0.00016419509483966976 3.999999989900971e-06
vertex 5.200481609790586e-05 0.00016409801901318133 0.00018899999849963933
vertex 5.201921521802433e-05 0.00016419509483966976 0.00018899999849963933
endloop
endfacet
facet normal -0.99879486359366 0.04907973572587611 0.0
outer loop
vertex 5.200481609790586e-05 0.00016409801901318133 3.999999989900971e-06
vertex 5.199999941396527e-05 0.00016399999731220305 3.999999989900971e-06
vertex 5.199999941396527e-05 0.00016399999731220305 0.00018899999849963933
endloop
endfacet
facet normal -0.99879486359366 0.04907973572587611 0.0
outer loop
vertex 5.200481609790586e-05 0.00016409801901318133 3.999999989900971e-06
vertex 5.199999941396527e-05 0.00016399999731220305 0.00018899999849963933
vertex 5.200481609790586e-05 0.00016409801901318133 0.00018899999849963933
endloop
endfacet
facet normal -0.99879486359366 -0.04907973572587611 0.0
outer loop
vertex 5.199999941396527e-05 0.00016399999731220305 3.999999989900971e-06
vertex 5.200481609790586e-05 0.00016390197561122477 3.999999989900971e-06
vertex 5.200481609790586e-05 0.00016390197561122477 0.00018899999849963933
endloop
endfacet
facet normal -0.99879486359366 -0.04907973572587611 0.0
outer loop
vertex 5.199999941396527e-05 0.00016399999731220305 3.999999989900971e-06
vertex 5.200481609790586e-05 0.00016390197561122477 0.00018899999849963933
vertex 5.199999941396527e-05 0.00016399999731220305 0.00018899999849963933
endloop
endfacet
facet normal -0.9891743796892998 -0.14674483488794035 0.0
outer loop
vertex 5.200481609790586e-05 0.00016390197561122477 3.999999989900971e-06
vertex 5.201921521802433e-05 0.00016380491433665156 3.999999989900971e-06
vertex 5.201921521802433e-05 0.00016380491433665156 0.00018899999849963933
endloop
endfacet
facet normal -0.9891743796892998 -0.14674483488794035 0.0
outer loop
vertex 5.200481609790586e-05 0.00016390197561122477 3.999999989900971e-06
vertex 5.201921521802433e-05 0.00016380491433665156 0.00018899999849963933
vertex 5.200481609790586e-05 0.00016390197561122477 0.00018899999849963933
endloop
endfacet
facet normal -0.9700377426519038 -0.24295427106926695 0.0
outer loop
vertex 5.201921521802433e-05 0.00016380491433665156 3.999999989900971e-06
vertex 5.204305853112601e-05 0.0001637097157072276 3.999999989900971e-06
vertex 5.204305853112601e-05 0.0001637097157072276 0.00018899999849963933
endloop
endfacet
facet normal -0.9700377426519038 -0.24295427106926695 0.0
outer loop
vertex 5.201921521802433e-05 0.00016380491433665156 3.999999989900971e-06
vertex 5.204305853112601e-05 0.0001637097157072276 0.00018899999849963933
vertex 5.201921521802433e-05 0.00016380491433665156 0.00018899999849963933
endloop
endfacet
facet normal -0.9415471848166681 -0.3368811344729874 0.0
outer loop
vertex 5.204305853112601e-05 0.0001637097157072276 3.999999989900971e-06
vertex 5.207612048252486e-05 0.00016361731104552746 3.999999989900971e-06
vertex 5.207612048252486e-05 0.00016361731104552746 0.00018899999849963933
endloop
endfacet
facet normal -0.9415471848166681 -0.3368811344729874 0.0
outer loop
vertex 5.204305853112601e-05 0.0001637097157072276 3.999999989900971e-06
vertex 5.207612048252486e-05 0.00016361731104552746 0.00018899999849963933
vertex 5.204305853112601e-05 0.0001637097157072276 0.00018899999849963933
endloop
endfacet
facet normal -0.9039860418083182 -0.4275619676909176 0.0
outer loop
vertex 5.207612048252486e-05 0.00016361731104552746 3.999999989900971e-06
vertex 5.2118077292107046e-05 0.00016352860257029533 3.999999989900971e-06
vertex 5.2118077292107046e-05 0.00016352860257029533 0.00018899999849963933
endloop
endfacet
facet normal -0.9039860418083182 -0.4275619676909176 0.0
outer loop
vertex 5.207612048252486e-05 0.00016361731104552746 3.999999989900971e-06
vertex 5.2118077292107046e-05 0.00016352860257029533 0.00018899999849963933
vertex 5.207612048252486e-05 0.00016361731104552746 0.00018899999849963933
endloop
endfacet
facet normal -0.8577152821083818 -0.514124979783845 0.0
outer loop
vertex 5.2118077292107046e-05 0.00016352860257029533 3.999999989900971e-06
vertex 5.2168528782203794e-05 0.00016344443429261446 3.999999989900971e-06
vertex 5.2168528782203794e-05 0.00016344443429261446 0.00018899999849963933
endloop
endfacet
facet normal -0.8577152821083818 -0.514124979783845 0.0
outer loop
vertex 5.2118077292107046e-05 0.00016352860257029533 3.999999989900971e-06
vertex 5.2168528782203794e-05 0.00016344443429261446 0.00018899999849963933
vertex 5.2118077292107046e-05 0.00016352860257029533 0.00018899999849963933
endloop
endfacet
facet normal -0.8032090219823352 -0.5956972947782965 0.0
outer loop
vertex 5.2168528782203794e-05 0.00016344443429261446 3.999999989900971e-06
vertex 5.222699110163376e-05 0.0001633656065678224 3.999999989900971e-06
vertex 5.222699110163376e-05 0.0001633656065678224 0.00018899999849963933
endloop
endfacet
facet normal -0.8032090219823352 -0.5956972947782965 0.0
outer loop
vertex 5.2168528782203794e-05 0.00016344443429261446 3.999999989900971e-06
vertex 5.222699110163376e-05 0.0001633656065678224 0.00018899999849963933
vertex 5.2168528782203794e-05 0.00016344443429261446 0.00018899999849963933
endloop
endfacet
facet normal -0.740970811020441 -0.671537234422418 0.0
outer loop
vertex 5.222699110163376e-05 0.0001633656065678224 3.999999989900971e-06
vertex 5.2292893087724224e-05 0.00016329289064742625 3.999999989900971e-06
vertex 5.2292893087724224e-05 0.00016329289064742625 0.00018899999849963933
endloop
endfacet
facet normal -0.740970811020441 -0.671537234422418 0.0
outer loop
vertex 5.222699110163376e-05 0.0001633656065678224 3.999999989900971e-06
vertex 5.2292893087724224e-05 0.00016329289064742625 0.00018899999849963933
vertex 5.222699110163376e-05 0.0001633656065678224 0.00018899999849963933
endloop
endfacet
facet normal -0.6715760328926187 -0.7409356463581789 0.0
outer loop
vertex 5.2292893087724224e-05 0.00016329289064742625 3.999999989900971e-06
vertex 5.2365605370141566e-05 0.00016322698502335697 3.999999989900971e-06
vertex 5.2365605370141566e-05 0.00016322698502335697 0.00018899999849963933
endloop
endfacet
facet normal -0.6715760328926187 -0.7409356463581789 0.0
outer loop
vertex 5.2292893087724224e-05 0.00016329289064742625 3.999999989900971e-06
vertex 5.2365605370141566e-05 0.00016322698502335697 0.00018899999849963933
vertex 5.2292893087724224e-05 0.00016329289064742625 0.00018899999849963933
endloop
endfacet
facet normal -0.5956671988560334 -0.8032313416488471 0.0
outer loop
vertex 5.2365605370141566e-05 0.00016322698502335697 3.999999989900971e-06
vertex 5.244442945695482e-05 0.00016316852997988462 3.999999989900971e-06
vertex 5.244442945695482e-05 0.00016316852997988462 0.00018899999849963933
endloop
endfacet
facet normal -0.5956671988560334 -0.8032313416488471 0.0
outer loop
vertex 5.2365605370141566e-05 0.00016322698502335697 3.999999989900971e-06
vertex 5.244442945695482e-05 0.00016316852997988462 0.00018899999849963933
vertex 5.2365605370141566e-05 0.00016322698502335697 0.00018899999849963933
endloop
endfacet
facet normal -0.5140922853317047 -0.8577348787139445 0.0
outer loop
vertex 5.244442945695482e-05 0.00016316852997988462 3.999999989900971e-06
vertex 5.252860501059331e-05 0.00016311807848978788 3.999999989900971e-06
vertex 5.252860501059331e-05 0.00016311807848978788 0.00018899999849963933
endloop
endfacet
facet normal -0.5140922853317047 -0.8577348787139445 0.0
outer loop
vertex 5.244442945695482e-05 0.00016316852997988462 3.999999989900971e-06
vertex 5.252860501059331e-05 0.00016311807848978788 0.00018899999849963933
vertex 5.244442945695482e-05 0.00016316852997988462 0.00018899999849963933
endloop
endfacet
facet normal -0.42751734325615237 -0.9040071466615743 0.0
outer loop
vertex 5.252860501059331e-05 0.00016311807848978788 3.999999989900971e-06
vertex 5.261731712380424e-05 0.0001630761253181845 3.999999989900971e-06
vertex 5.261731712380424e-05 0.0001630761253181845 0.00018899999849963933
endloop
endfacet
facet normal -0.42751734325615237 -0.9040071466615743 0.0
outer loop
vertex 5.252860501059331e-05 0.00016311807848978788 3.999999989900971e-06
vertex 5.261731712380424e-05 0.0001630761253181845 0.00018899999849963933
vertex 5.252860501059331e-05 0.00016311807848978788 0.00018899999849963933
endloop
endfacet
facet normal -0.3369046516681994 -0.9415387701440281 0.0
outer loop
vertex 5.261731712380424e-05 0.0001630761253181845 3.999999989900971e-06
vertex 5.270971450954676e-05 0.00016304306336678565 3.999999989900971e-06
vertex 5.270971450954676e-05 0.00016304306336678565 0.00018899999849963933
endloop
endfacet
facet normal -0.3369046516681994 -0.9415387701440281 0.0
outer loop
vertex 5.261731712380424e-05 0.0001630761253181845 3.999999989900971e-06
vertex 5.270971450954676e-05 0.00016304306336678565 0.00018899999849963933
vertex 5.261731712380424e-05 0.0001630761253181845 0.00018899999849963933
endloop
endfacet
facet normal -0.24303277109162985 -0.9700180782725256 0.0
outer loop
vertex 5.270971450954676e-05 0.00016304306336678565 3.999999989900971e-06
vertex 5.2804909500991926e-05 0.00016301921277772635 3.999999989900971e-06
vertex 5.2804909500991926e-05 0.00016301921277772635 0.00018899999849963933
endloop
endfacet
facet normal -0.24303277109162985 -0.9700180782725256 0.0
outer loop
vertex 5.270971450954676e-05 0.00016304306336678565 3.999999989900971e-06
vertex 5.2804909500991926e-05 0.00016301921277772635 0.00018899999849963933
vertex 5.270971450954676e-05 0.00016304306336678565 0.00018899999849963933
endloop
endfacet
facet normal -0.14665614363933555 -0.9891875330455991 0.0
outer loop
vertex 5.2804909500991926e-05 0.00016301921277772635 3.999999989900971e-06
vertex 5.2901981689501554e-05 0.0001630048209335655 3.999999989900971e-06
vertex 5.2901981689501554e-05 0.0001630048209335655 0.00018899999849963933
endloop
endfacet
facet normal -0.14665614363933555 -0.9891875330455991 0.0
outer loop
vertex 5.2804909500991926e-05 0.00016301921277772635 3.999999989900971e-06
vertex 5.2901981689501554e-05 0.0001630048209335655 0.00018899999849963933
vertex 5.2804909500991926e-05 0.00016301921277772635 0.00018899999849963933
endloop
endfacet
facet normal -0.04908155295131086 -0.9987947742954444 0.0
outer loop
vertex 5.2901981689501554e-05 0.0001630048209335655 3.999999989900971e-06
vertex 5.2999999752501026e-05 0.0001630000042496249 3.999999989900971e-06
vertex 5.2999999752501026e-05 0.0001630000042496249 0.00018899999849963933
endloop
endfacet
facet normal -0.04908155295131086 -0.9987947742954444 0.0
outer loop
vertex 5.2901981689501554e-05 0.0001630048209335655 3.999999989900971e-06
vertex 5.2999999752501026e-05 0.0001630000042496249 0.00018899999849963933
vertex 5.2901981689501554e-05 0.0001630048209335655 0.00018899999849963933
endloop
endfacet
facet normal 0.04908155295131086 -0.9987947742954444 0.0
outer loop
vertex 5.2999999752501026e-05 0.0001630000042496249 3.999999989900971e-06
vertex 5.30980178155005e-05 0.0001630048209335655 3.999999989900971e-06
vertex 5.30980178155005e-05 0.0001630048209335655 0.00018899999849963933
endloop
endfacet
facet normal 0.04908155295131086 -0.9987947742954444 0.0
outer loop
vertex 5.2999999752501026e-05 0.0001630000042496249 3.999999989900971e-06
vertex 5.30980178155005e-05 0.0001630048209335655 0.00018899999849963933
vertex 5.2999999752501026e-05 0.0001630000042496249 0.00018899999849963933
endloop
endfacet
facet normal 0.14665614363933555 -0.9891875330455991 0.0
outer loop
vertex 5.30980178155005e-05 0.0001630048209335655 3.999999989900971e-06
vertex 5.3195090004010126e-05 0.00016301921277772635 3.999999989900971e-06
vertex 5.3195090004010126e-05 0.00016301921277772635 0.00018899999849963933
endloop
endfacet
facet normal 0.14665614363933555 -0.9891875330455991 0.0
outer loop
vertex 5.30980178155005e-05 0.0001630048209335655 3.999999989900971e-06
vertex 5.3195090004010126e-05 0.00016301921277772635 0.00018899999849963933
vertex 5.30980178155005e-05 0.0001630048209335655 0.00018899999849963933
endloop
endfacet
facet normal 0.24303277109162985 -0.9700180782725256 0.0
outer loop
vertex 5.3195090004010126e-05 0.00016301921277772635 3.999999989900971e-06
vertex 5.3290284995455295e-05 0.00016304306336678565 3.999999989900971e-06
vertex 5.3290284995455295e-05 0.00016304306336678565 0.00018899999849963933
endloop
endfacet
facet normal 0.24303277109162985 -0.9700180782725256 0.0
outer loop
vertex 5.3195090004010126e-05 0.00016301921277772635 3.999999989900971e-06
vertex 5.3290284995455295e-05 0.00016304306336678565 0.00018899999849963933
vertex 5.3195090004010126e-05 0.00016301921277772635 0.00018899999849963933
endloop
endfacet
facet normal 0.3369046516681994 -0.9415387701440281 0.0
outer loop
vertex 5.3290284995455295e-05 0.00016304306336678565 3.999999989900971e-06
vertex 5.338268238119781e-05 0.0001630761253181845 3.999999989900971e-06
vertex 5.338268238119781e-05 0.0001630761253181845 0.00018899999849963933
endloop
endfacet
facet normal 0.3369046516681994 -0.9415387701440281 0.0
outer loop
vertex 5.3290284995455295e-05 0.00016304306336678565 3.999999989900971e-06
vertex 5.338268238119781e-05 0.0001630761253181845 0.00018899999849963933
vertex 5.3290284995455295e-05 0.00016304306336678565 0.00018899999849963933
endloop
endfacet
facet normal 0.4275030160411486 -0.9040139220585718 0.0
outer loop
vertex 5.338268238119781e-05 0.0001630761253181845 3.999999989900971e-06
vertex 5.347139813238755e-05 0.00016311807848978788 3.999999989900971e-06
vertex 5.347139813238755e-05 0.00016311807848978788 0.00018899999849963933
endloop
endfacet
facet normal 0.4275030160411486 -0.9040139220585718 0.0
outer loop
vertex 5.338268238119781e-05 0.0001630761253181845 3.999999989900971e-06
vertex 5.347139813238755e-05 0.00016311807848978788 0.00018899999849963933
vertex 5.338268238119781e-05 0.0001630761253181845 0.00018899999849963933
endloop
endfacet
facet normal 0.5141086321313505 -0.8577250808785013 0.0
outer loop
vertex 5.347139813238755e-05 0.00016311807848978788 3.999999989900971e-06
vertex 5.355557004804723e-05 0.00016316852997988462 3.999999989900971e-06
vertex 5.355557004804723e-05 0.00016316852997988462 0.00018899999849963933
endloop
endfacet
facet normal 0.5141086321313505 -0.8577250808785013 0.0
outer loop
vertex 5.347139813238755e-05 0.00016311807848978788 3.999999989900971e-06
vertex 5.355557004804723e-05 0.00016316852997988462 0.00018899999849963933
vertex 5.347139813238755e-05 0.00016311807848978788 0.00018899999849963933
endloop
endfacet
facet normal 0.5956671988560334 -0.8032313416488471 0.0
outer loop
vertex 5.355557004804723e-05 0.00016316852997988462 3.999999989900971e-06
vertex 5.3634394134860486e-05 0.00016322698502335697 3.999999989900971e-06
vertex 5.3634394134860486e-05 0.00016322698502335697 0.00018899999849963933
endloop
endfacet
facet normal 0.5956671988560334 -0.8032313416488471 0.0
outer loop
vertex 5.355557004804723e-05 0.00016316852997988462 3.999999989900971e-06
vertex 5.3634394134860486e-05 0.00016322698502335697 0.00018899999849963933
vertex 5.355557004804723e-05 0.00016316852997988462 0.00018899999849963933
endloop
endfacet
facet normal 0.6715760328926187 -0.7409356463581789 0.0
outer loop
vertex 5.3634394134860486e-05 0.00016322698502335697 3.999999989900971e-06
vertex 5.370710641727783e-05 0.00016329289064742625 3.999999989900971e-06
vertex 5.370710641727783e-05 0.00016329289064742625 0.00018899999849963933
endloop
endfacet
facet normal 0.6715760328926187 -0.7409356463581789 0.0
outer loop
vertex 5.3634394134860486e-05 0.00016322698502335697 3.999999989900971e-06
vertex 5.370710641727783e-05 0.00016329289064742625 0.00018899999849963933
vertex 5.3634394134860486e-05 0.00016322698502335697 0.00018899999849963933
endloop
endfacet
facet normal 0.74095236516813 -0.6715575869214451 0.0
outer loop
vertex 5.370710641727783e-05 0.00016329289064742625 3.999999989900971e-06
vertex 5.37730120413471e-05 0.0001633656065678224 3.999999989900971e-06
vertex 5.37730120413471e-05 0.0001633656065678224 0.00018899999849963933
endloop
endfacet
facet normal 0.74095236516813 -0.6715575869214451 0.0
outer loop
vertex 5.370710641727783e-05 0.00016329289064742625 3.999999989900971e-06
vertex 5.37730120413471e-05 0.0001633656065678224 0.00018899999849963933
vertex 5.370710641727783e-05 0.00016329289064742625 0.00018899999849963933
endloop
endfacet
facet normal 0.8032267583559691 -0.5956733791776846 0.0
outer loop
vertex 5.37730120413471e-05 0.0001633656065678224 3.999999989900971e-06
vertex 5.383147072279826e-05 0.00016344443429261446 3.999999989900971e-06
vertex 5.383147072279826e-05 0.00016344443429261446 0.00018899999849963933
endloop
endfacet
facet normal 0.8032267583559691 -0.5956733791776846 0.0
outer loop
vertex 5.37730120413471e-05 0.0001633656065678224 3.999999989900971e-06
vertex 5.383147072279826e-05 0.00016344443429261446 0.00018899999849963933
vertex 5.37730120413471e-05 0.0001633656065678224 0.00018899999849963933
endloop
endfacet
facet normal 0.8577152821083818 -0.514124979783845 0.0
outer loop
vertex 5.383147072279826e-05 0.00016344443429261446 3.999999989900971e-06
vertex 5.3881922212895006e-05 0.00016352860257029533 3.999999989900971e-06
vertex 5.3881922212895006e-05 0.00016352860257029533 0.00018899999849963933
endloop
endfacet
facet normal 0.8577152821083818 -0.514124979783845 0.0
outer loop
vertex 5.383147072279826e-05 0.00016344443429261446 3.999999989900971e-06
vertex 5.3881922212895006e-05 0.00016352860257029533 0.00018899999849963933
vertex 5.383147072279826e-05 0.00016344443429261446 0.00018899999849963933
endloop
endfacet
facet normal 0.9039860418083182 -0.4275619676909176 0.0
outer loop
vertex 5.3881922212895006e-05 0.00016352860257029533 3.999999989900971e-06
vertex 5.3923879022477195e-05 0.00016361731104552746 3.999999989900971e-06
vertex 5.3923879022477195e-05 0.00016361731104552746 0.00018899999849963933
endloop
endfacet
facet normal 0.9039860418083182 -0.4275619676909176 0.0
outer loop
vertex 5.3881922212895006e-05 0.00016352860257029533 3.999999989900971e-06
vertex 5.3923879022477195e-05 0.00016361731104552746 0.00018899999849963933
vertex 5.3881922212895006e-05 0.00016352860257029533 0.00018899999849963933
endloop
endfacet
facet normal 0.9415471848166681 -0.3368811344729874 0.0
outer loop
vertex 5.3923879022477195e-05 0.00016361731104552746 3.999999989900971e-06
vertex 5.3956940973876044e-05 0.0001637097157072276 3.999999989900971e-06
vertex 5.3956940973876044e-05 0.0001637097157072276 0.00018899999849963933
endloop
endfacet
facet normal 0.9415471848166681 -0.3368811344729874 0.0
outer loop
vertex 5.3923879022477195e-05 0.00016361731104552746 3.999999989900971e-06
vertex 5.3956940973876044e-05 0.0001637097157072276 0.00018899999849963933
vertex 5.3923879022477195e-05 0.00016361731104552746 0.00018899999849963933
endloop
endfacet
facet normal 0.9700377426519038 -0.24295427106926695 0.0
outer loop
vertex 5.3956940973876044e-05 0.0001637097157072276 3.999999989900971e-06
vertex 5.398078428697772e-05 0.00016380491433665156 3.999999989900971e-06
vertex 5.398078428697772e-05 0.00016380491433665156 0.00018899999849963933
endloop
endfacet
facet normal 0.9700377426519038 -0.24295427106926695 0.0
outer loop
vertex 5.3956940973876044e-05 0.0001637097157072276 3.999999989900971e-06
vertex 5.398078428697772e-05 0.00016380491433665156 0.00018899999849963933
vertex 5.3956940973876044e-05 0.0001637097157072276 0.00018899999849963933
endloop
endfacet
facet normal 0.9891743796892998 -0.14674483488794035 0.0
outer loop
vertex 5.398078428697772e-05 0.00016380491433665156 3.999999989900971e-06
vertex 5.399518340709619e-05 0.00016390197561122477 3.999999989900971e-06
vertex 5.399518340709619e-05 0.00016390197561122477 0.00018899999849963933
endloop
endfacet
facet normal 0.9891743796892998 -0.14674483488794035 0.0
outer loop
vertex 5.398078428697772e-05 0.00016380491433665156 3.999999989900971e-06
vertex 5.399518340709619e-05 0.00016390197561122477 0.00018899999849963933
vertex 5.398078428697772e-05 0.00016380491433665156 0.00018899999849963933
endloop
endfacet
facet normal 0.99879486359366 -0.04907973572587611 0.0
outer loop
vertex 5.399518340709619e-05 0.00016390197561122477 3.999999989900971e-06
vertex 5.400000009103678e-05 0.00016399999731220305 3.999999989900971e-06
vertex 5.400000009103678e-05 0.00016399999731220305 0.00018899999849963933
endloop
endfacet
facet normal 0.99879486359366 -0.04907973572587611 0.0
outer loop
vertex 5.399518340709619e-05 0.00016390197561122477 3.999999989900971e-06
vertex 5.400000009103678e-05 0.00016399999731220305 0.00018899999849963933
vertex 5.399518340709619e-05 0.00016390197561122477 0.00018899999849963933
endloop
endfacet
facet normal 0.0 0.0 0.0
outer loop
vertex 5.2999999752501026e-05 0.00016399999731220305 0.00018899999849963933
vertex 5.400000009103678e-05 0.00016399999731220305 0.00018899999849963933
vertex 5.399518340709619e-05 0.00016409801901318133 0.00018899999849963933
endloop
endfacet
facet normal 0.0 0.0 0.0
outer loop
vertex 5.2999999752501026e-05 0.00016399999731220305 0.00018899999849963933
vertex 5.399518340709619e-05 0.00016409801901318133 0.00018899999849963933
vertex 5.398078428697772e-05 0.00016419509483966976 0.00018899999849963933
endloop
endfacet
facet normal 0.0 0.0 0.0
outer loop
vertex 5.2999999752501026e-05 0.00016399999731220305 0.00018899999849963933
vertex 5.398078428697772e-05 0.00016419509483966976 0.00018899999849963933
vertex 5.3956940973876044e-05 0.0001642902789171785 0.00018899999849963933
endloop
endfacet
facet normal 0.0 0.0 0.0
outer loop
vertex 5.2999999752501026e-05 0.00016399999731220305 0.00018899999849963933
vertex 5.3956940973876044e-05 0.0001642902789171785 0.00018899999849963933
vertex 5.3923879022477195e-05 0.00016438268357887864 0.00018899999849963933
endloop
endfacet
facet normal 0.0 0.0 0.0
outer loop
vertex 5.2999999752501026e-05 0.00016399999731220305 0.00018899999849963933
vertex 5.3923879022477195e-05 0.00016438268357887864 0.00018899999849963933
vertex 5.3881922212895006e-05 0.00016447139205411077 0.00018899999849963933
endloop
endfacet
facet normal 0.0 0.0 0.0
outer loop
vertex 5.2999999752501026e-05 0.00016399999731220305 0.00018899999849963933
vertex 5.3881922212895006e-05 0.00016447139205411077 0.00018899999849963933
vertex 5.383147072279826e-05 0.00016455557488370687 0.00018899999849963933
endloop
endfacet
facet normal 0.0 0.0 0.0
outer loop
vertex 5.2999999752501026e-05 0.00016399999731220305 0.00018899999849963933
vertex 5.383147072279826e-05 0.00016455557488370687 0.00018899999849963933
vertex 5.37730120413471e-05 0.0001646343880565837 0.00018899999849963933
endloop
endfacet
facet normal 0.0 0.0 0.0
outer loop
vertex 5.2999999752501026e-05 0.00016399999731220305 0.00018899999849963933
vertex 5.37730120413471e-05 0.0001646343880565837 0.00018899999849963933
vertex 5.370710641727783e-05 0.00016470710397697985 0.00018899999849963933
endloop
endfacet
facet normal 0.0 0.0 0.0
outer loop
vertex 5.2999999752501026e-05 0.00016399999731220305 0.00018899999849963933
vertex 5.370710641727783e-05 0.00016470710397697985 0.00018899999849963933
vertex 5.3634394134860486e-05 0.00016477300960104913 0.00018899999849963933
endloop
endfacet
facet normal 0.0 0.0 0.0
outer loop
vertex 5.2999999752501026e-05 0.00016399999731220305 0.00018899999849963933
vertex 5.3634394134860486e-05 0.00016477300960104913 0.00018899999849963933
vertex 5.355557004804723e-05 0.00016483146464452147 0.00018899999849963933
endloop
endfacet
facet normal 0.0 0.0 0.0
outer loop
vertex 5.2999999752501026e-05 0.00016399999731220305 0.00018899999849963933
vertex 5.355557004804723e-05 0.00016483146464452147 0.00018899999849963933
vertex 5.347139813238755e-05 0.00016488191613461822 0.00018899999849963933
endloop
endfacet
facet normal 0.0 0.0 0.0
outer loop
vertex 5.2999999752501026e-05 0.00016399999731220305 0.00018899999849963933
vertex 5.347139813238755e-05 0.00016488191613461822 0.00018899999849963933
vertex 5.338268238119781e-05 0.00016492388385813683 0.00018899999849963933
endloop
endfacet
facet normal 0.0 0.0 0.0
outer loop
vertex 5.2999999752501026e-05 0.00016399999731220305 0.00018899999849963933
vertex 5.338268238119781e-05 0.00016492388385813683 0.00018899999849963933
vertex 5.3290284995455295e-05 0.00016495694580953568 0.00018899999849963933
endloop
endfacet
facet normal 0.0 0.0 0.0
outer loop
vertex 5.2999999752501026e-05 0.00016399999731220305 0.00018899999849963933
vertex 5.3290284995455295e-05 0.00016495694580953568 0.00018899999849963933
vertex 5.3195090004010126e-05 0.00016498078184667975 0.00018899999849963933
endloop
endfacet
facet normal 0.0 0.0 0.0
outer loop
vertex 5.2999999752501026e-05 0.00016399999731220305 0.00018899999849963933
vertex 5.3195090004010126e-05 0.00016498078184667975 0.00018899999849963933
vertex 5.30980178155005e-05 0.00016499518824275583 0.00018899999849963933
endloop
endfacet
facet normal 0.0 0.0 0.0
outer loop
vertex 5.2999999752501026e-05 0.00016399999731220305 0.00018899999849963933
vertex 5.30980178155005e-05 0.00016499518824275583 0.00018899999849963933
vertex 5.2999999752501026e-05 0.00016500000492669642 0.00018899999849963933
endloop
endfacet
facet normal 0.0 0.0 0.0
outer loop
vertex 5.2999999752501026e-05 0.00016399999731220305 0.00018899999849963933
vertex 5.2999999752501026e-05 0.00016500000492669642 0.00018899999849963933
vertex 5.2901981689501554e-05 0.00016499518824275583 0.00018899999849963933
endloop
endfacet
facet normal 0.0 0.0 0.0
outer loop
vertex 5.2999999752501026e-05 0.00016399999731220305 0.00018899999849963933
vertex 5.2901981689501554e-05 0.00016499518824275583 0.00018899999849963933
vertex 5.2804909500991926e-05 0.00016498078184667975 0.00018899999849963933
endloop
endfacet
facet normal 0.0 0.0 0.0
outer loop
vertex 5.2999999752501026e-05 0.00016399999731220305 0.00018899999849963933
vertex 5.2804909500991926e-05 0.00016498078184667975 0.00018899999849963933
vertex 5.270971450954676e-05 0.00016495694580953568 0.00018899999849963933
endloop
endfacet
facet normal 0.0 0.0 0.0
outer loop
vertex 5.2999999752501026e-05 0.00016399999731220305 0.00018899999849963933
vertex 5.270971450954676e-05 0.00016495694580953568 0.00018899999849963933
vertex 5.261731712380424e-05 0.00016492388385813683 0.00018899999849963933
endloop
endfacet
facet normal 0.0 0.0 0.0
outer loop
vertex 5.2999999752501026e-05 0.00016399999731220305 0.00018899999849963933
vertex 5.261731712380424e-05 0.00016492388385813683 0.00018899999849963933
vertex 5.252860501059331e-05 0.00016488191613461822 0.00018899999849963933
endloop
endfacet
facet normal 0.0 0.0 0.0
outer loop
vertex 5.2999999752501026e-05 0.00016399999731220305 0.00018899999849963933
vertex 5.252860501059331e-05 0.00016488191613461822 0.00018899999849963933
vertex 5.244442945695482e-05 0.00016483146464452147 0.00018899999849963933
endloop
endfacet
facet normal 0.0 0.0 0.0
outer loop
vertex 5.2999999752501026e-05 0.00016399999731220305 0.00018899999849963933
vertex 5.244442945695482e-05 0.00016483146464452147 0.00018899999849963933
vertex 5.2365605370141566e-05 0.00016477300960104913 0.00018899999849963933
endloop
endfacet
facet normal 0.0 0.0 0.0
outer loop
vertex 5.2999999752501026e-05 0.00016399999731220305 0.00018899999849963933
vertex 5.2365605370141566e-05 0.00016477300960104913 0.00018899999849963933
vertex 5.2292893087724224e-05 0.00016470710397697985 0.00018899999849963933
endloop
endfacet
facet normal 0.0 0.0 0.0
outer loop
vertex 5.2999999752501026e-05 0.00016399999731220305 0.00018899999849963933
vertex 5.2292893087724224e-05 0.00016470710397697985 0.00018899999849963933
vertex 5.222699110163376e-05 0.0001646343880565837 0.00018899999849963933
endloop
endfacet
facet normal 0.0 0.0 0.0
outer loop
vertex 5.2999999752501026e-05 0.00016399999731220305 0.00018899999849963933
vertex 5.222699110163376e-05 0.0001646343880565837 0.00018899999849963933
vertex 5.2168528782203794e-05 0.00016455557488370687 0.00018899999849963933
endloop
endfacet
facet normal 0.0 0.0 0.0
outer loop
vertex 5.2999999752501026e-05 0.00016399999731220305 0.00018899999849963933
vertex 5.2168528782203794e-05 0.00016455557488370687 0.00018899999849963933
vertex 5.2118077292107046e-05 0.00016447139205411077 0.00018899999849963933
endloop
endfacet
facet normal 0.0 0.0 0.0
outer loop
vertex 5.2999999752501026e-05 0.00016399999731220305 0.00018899999849963933
vertex 5.2118077292107046e-05 0.00016447139205411077 0.00018899999849963933
vertex 5.207612048252486e-05 0.00016438268357887864 0.00018899999849963933
endloop
endfacet
facet normal 0.0 0.0 0.0
outer loop
vertex 5.2999999752501026e-05 0.00016399999731220305 0.00018899999849963933
vertex 5.207612048252486e-05 0.00016438268357887864 0.00018899999849963933
vertex 5.204305853112601e-05 0.0001642902789171785 0.00018899999849963933
endloop
endfacet
facet normal 0.0 0.0 0.0
outer loop
vertex 5.2999999752501026e-05 0.00016399999731220305 0.00018899999849963933
vertex 5.204305853112601e-05 0.0001642902789171785 0.00018899999849963933
vertex 5.201921521802433e-05 0.00016419509483966976 0.00018899999849963933
endloop
endfacet
facet normal 0.0 0.0 0.0
outer loop
vertex 5.2999999752501026e-05 0.00016399999731220305 0.00018899999849963933
vertex 5.201921521802433e-05 0.00016419509483966976 0.00018899999849963933
vertex 5.200481609790586e-05 0.00016409801901318133 0.00018899999849963933
endloop
endfacet
facet normal 0.0 0.0 0.0
outer loop
vertex 5.2999999752501026e-05 0.00016399999731220305 0.00018899999849963933
vertex 5.200481609790586e-05 0.00016409801901318133 0.00018899999849963933
vertex 5.199999941396527e-05 0.00016399999731220305 0.00018899999849963933
endloop
endfacet
facet normal 0.0 0.0 0.0
outer loop
vertex 5.2999999752501026e-05 0.00016399999731220305 0.00018899999849963933
vertex 5.199999941396527e-05 0.00016399999731220305 0.00018899999849963933
vertex 5.200481609790586e-05 0.00016390197561122477 0.00018899999849963933
endloop
endfacet
facet normal 0.0 0.0 0.0
outer loop
vertex 5.2999999752501026e-05 0.00016399999731220305 0.00018899999849963933
vertex 5.200481609790586e-05 0.00016390197561122477 0.00018899999849963933
vertex 5.201921521802433e-05 0.00016380491433665156 0.00018899999849963933
endloop
endfacet
facet normal 0.0 0.0 0.0
outer loop
vertex 5.2999999752501026e-05 0.00016399999731220305 0.00018899999849963933
vertex 5.201921521802433e-05 0.00016380491433665156 0.00018899999849963933
vertex 5.204305853112601e-05 0.0001637097157072276 0.00018899999849963933
endloop
endfacet
facet normal 0.0 0.0 0.0
outer loop
vertex 5.2999999752501026e-05 0.00016399999731220305 0.00018899999849963933
vertex 5.204305853112601e-05 0.0001637097157072276 0.00018899999849963933
vertex 5.207612048252486e-05 0.00016361731104552746 0.00018899999849963933
endloop
endfacet
facet normal 0.0 0.0 0.0
outer loop
vertex 5.2999999752501026e-05 0.00016399999731220305 0.00018899999849963933
vertex 5.207612048252486e-05 0.00016361731104552746 0.00018899999849963933
vertex 5.2118077292107046e-05 0.00016352860257029533 0.00018899999849963933
endloop
endfacet
facet normal 0.0 0.0 0.0
outer loop
vertex 5.2999999752501026e-05 0.00016399999731220305 0.00018899999849963933
vertex 5.2118077292107046e-05 0.00016352860257029533 0.00018899999849963933
vertex 5.2168528782203794e-05 0.00016344443429261446 0.00018899999849963933
endloop
endfacet
facet normal 0.0 0.0 0.0
outer loop
vertex 5.2999999752501026e-05 0.00016399999731220305 0.00018899999849963933
vertex 5.2168528782203794e-05 0.00016344443429261446 0.00018899999849963933
vertex 5.222699110163376e-05 0.0001633656065678224 0.00018899999849963933
endloop
endfacet
facet normal 0.0 0.0 0.0
outer loop
vertex 5.2999999752501026e-05 0.00016399999731220305 0.00018899999849963933
vertex 5.222699110163376e-05 0.0001633656065678224 0.00018899999849963933
vertex 5.2292893087724224e-05 0.00016329289064742625 0.00018899999849963933
endloop
endfacet
facet normal 0.0 0.0 0.0
outer loop
vertex 5.2999999752501026e-05 0.00016399999731220305 0.00018899999849963933
vertex 5.2292893087724224e-05 0.00016329289064742625 0.00018899999849963933
vertex 5.2365605370141566e-05 0.00016322698502335697 0.00018899999849963933
endloop
endfacet
facet normal 0.0 0.0 0.0
outer loop
vertex 5.2999999752501026e-05 0.00016399999731220305 0.00018899999849963933
vertex 5.2365605370141566e-05 0.00016322698502335697 0.00018899999849963933
vertex 5.244442945695482e-05 0.00016316852997988462 0.00018899999849963933
endloop
endfacet
facet normal 0.0 0.0 0.0
outer loop
vertex 5.2999999752501026e-05 0.00016399999731220305 0.00018899999849963933
vertex 5.244442945695482e-05 0.00016316852997988462 0.00018899999849963933
vertex 5.252860501059331e-05 0.00016311807848978788 0.00018899999849963933
endloop
endfacet
facet normal 0.0 0.0 0.0
outer loop
vertex 5.2999999752501026e-05 0.00016399999731220305 0.00018899999849963933
vertex 5.252860501059331e-05 0.00016311807848978788 0.00018899999849963933
vertex 5.261731712380424e-05 0.0001630761253181845 0.00018899999849963933
endloop
endfacet
facet normal 0.0 0.0 0.0
outer loop
vertex 5.2999999752501026e-05 0.00016399999731220305 0.00018899999849963933
vertex 5.261731712380424e-05 0.0001630761253181845 0.00018899999849963933
vertex 5.270971450954676e-05 0.00016304306336678565 0.00018899999849963933
endloop
endfacet
facet normal 0.0 0.0 0.0
outer loop
vertex 5.2999999752501026e-05 0.00016399999731220305 0.00018899999849963933
vertex 5.270971450954676e-05 0.00016304306336678565 0.00018899999849963933
vertex 5.2804909500991926e-05 0.00016301921277772635 0.00018899999849963933
endloop
endfacet
facet normal 0.0 0.0 0.0
outer loop
vertex 5.2999999752501026e-05 0.00016399999731220305 0.00018899999849963933
vertex 5.2804909500991926e-05 0.00016301921277772635 0.00018899999849963933
vertex 5.2901981689501554e-05 0.0001630048209335655 0.00018899999849963933
endloop
endfacet
facet normal 0.0 0.0 0.0
outer loop
vertex 5.2999999752501026e-05 0.00016399999731220305 0.00018899999849963933
vertex 5.2901981689501554e-05 0.0001630048209335655 0.00018899999849963933
vertex 5.2999999752501026e-05 0.0001630000042496249 0.00018899999849963933
endloop
endfacet
facet normal 0.0 0.0 0.0
outer loop
vertex 5.2999999752501026e-05 0.00016399999731220305 0.00018899999849963933
vertex 5.2999999752501026e-05 0.0001630000042496249 0.00018899999849963933
vertex 5.30980178155005e-05 0.0001630048209335655 0.00018899999849963933
endloop
endfacet
facet normal 0.0 0.0 0.0
outer loop
vertex 5.2999999752501026e-05 0.00016399999731220305 0.00018899999849963933
vertex 5.30980178155005e-05 0.0001630048209335655 0.00018899999849963933
vertex 5.3195090004010126e-05 0.00016301921277772635 0.00018899999849963933
endloop
endfacet
facet normal 0.0 0.0 0.0
outer loop
vertex 5.2999999752501026e-05 0.00016399999731220305 0.00018899999849963933
vertex 5.3195090004010126e-05 0.00016301921277772635 0.00018899999849963933
vertex 5.3290284995455295e-05 0.00016304306336678565 0.00018899999849963933
endloop
endfacet
facet normal 0.0 0.0 0.0
outer loop
vertex 5.2999999752501026e-05 0.00016399999731220305 0.00018899999849963933
vertex 5.3290284995455295e-05 0.00016304306336678565 0.00018899999849963933
vertex 5.338268238119781e-05 0.0001630761253181845 0.00018899999849963933
endloop
endfacet
facet normal 0.0 0.0 0.0
outer loop
vertex 5.2999999752501026e-05 0.00016399999731220305 0.00018899999849963933
vertex 5.338268238119781e-05 0.0001630761253181845 0.00018899999849963933
vertex 5.347139813238755e-05 0.00016311807848978788 0.00018899999849963933
endloop
endfacet
facet normal 0.0 0.0 0.0
outer loop
vertex 5.2999999752501026e-05 0.00016399999731220305 0.00018899999849963933
vertex 5.347139813238755e-05 0.00016311807848978788 0.00018899999849963933
vertex 5.355557004804723e-05 0.00016316852997988462 0.00018899999849963933
endloop
endfacet
facet normal 0.0 0.0 0.0
outer loop
vertex 5.2999999752501026e-05 0.00016399999731220305 0.00018899999849963933
vertex 5.355557004804723e-05 0.00016316852997988462 0.00018899999849963933
vertex 5.3634394134860486e-05 0.00016322698502335697 0.00018899999849963933
endloop
endfacet
facet normal 0.0 0.0 0.0
outer loop
vertex 5.2999999752501026e-05 0.00016399999731220305 0.00018899999849963933
vertex 5.3634394134860486e-05 0.00016322698502335697 0.00018899999849963933
vertex 5.370710641727783e-05 0.00016329289064742625 0.00018899999849963933
endloop
endfacet
facet normal 0.0 0.0 0.0
outer loop
vertex 5.2999999752501026e-05 0.00016399999731220305 0.00018899999849963933
vertex 5.370710641727783e-05 0.00016329289064742625 0.00018899999849963933
vertex 5.37730120413471e-05 0.0001633656065678224 0.00018899999849963933
endloop
endfacet
facet normal 0.0 0.0 0.0
outer loop
vertex 5.2999999752501026e-05 0.00016399999731220305 0.00018899999849963933
vertex 5.37730120413471e-05 0.0001633656065678224 0.00018899999849963933
vertex 5.383147072279826e-05 0.00016344443429261446 0.00018899999849963933
endloop
endfacet
facet normal 0.0 0.0 0.0
outer loop
vertex 5.2999999752501026e-05 0.00016399999731220305 0.00018899999849963933
vertex 5.383147072279826e-05 0.00016344443429261446 0.00018899999849963933
vertex 5.3881922212895006e-05 0.00016352860257029533 0.00018899999849963933
endloop
endfacet
facet normal 0.0 0.0 0.0
outer loop
vertex 5.2999999752501026e-05 0.00016399999731220305 0.00018899999849963933
vertex 5.3881922212895006e-05 0.00016352860257029533 0.00018899999849963933
vertex 5.3923879022477195e-05 0.00016361731104552746 0.00018899999849963933
endloop
endfacet
facet normal 0.0 0.0 0.0
outer loop
vertex 5.2999999752501026e-05 0.00016399999731220305 0.00018899999849963933
vertex 5.3923879022477195e-05 0.00016361731104552746 0.00018899999849963933
vertex 5.3956940973876044e-05 0.0001637097157072276 0.00018899999849963933
endloop
endfacet
facet normal 0.0 0.0 0.0
outer loop
vertex 5.2999999752501026e-05 0.00016399999731220305 0.00018899999849963933
vertex 5.3956940973876044e-05 0.0001637097157072276 0.00018899999849963933
vertex 5.398078428697772e-05 0.00016380491433665156 0.00018899999849963933
endloop
endfacet
facet normal 0.0 0.0 0.0
outer loop
vertex 5.2999999752501026e-05 0.00016399999731220305 0.00018899999849963933
vertex 5.398078428697772e-05 0.00016380491433665156 0.00018899999849963933
vertex 5.399518340709619e-05 0.00016390197561122477 0.00018899999849963933
endloop
endfacet
facet normal 0.0 0.0 0.0
outer loop
vertex 5.2999999752501026e-05 0.00016399999731220305 0.00018899999849963933
vertex 5.399518340709619e-05 0.00016390197561122477 0.00018899999849963933
vertex 5.400000009103678e-05 0.00016399999731220305 0.00018899999849963933
endloop
endfacet

endsolid
